
  .   ____          _            __ _ _
 /\\ / ___'_ __ _ _(_)_ __  __ _ \ \ \ \
( ( )\___ | '_ | '_| | '_ \/ _` | \ \ \ \
 \\/  ___)| |_)| | | | | || (_| |  ) ) ) )
  '  |____| .__|_| |_|_| |_\__, | / / / /
 =========|_|==============|___/=/_/_/_/

 :: Spring Boot ::                (v3.4.1)

2026-08-10T08:45:00.610-06:00  INFO 6692 --- [discovery-service] [           main] c.l.d.DiscoveryServiceApplication        : Starting DiscoveryServiceApplication v1.0.0-SNAPSHOT using Java 22.0.2 with PID 6692 (C:\DDI\luxray\backend\discovery-service\target\discovery-service-1.0.0-SNAPSHOT.jar started by sergi in C:\DDI\luxray)
2026-08-10T08:45:00.622-06:00  INFO 6692 --- [discovery-service] [           main] c.l.d.DiscoveryServiceApplication        : No active profile set, falling back to 1 default profile: "default"
2026-08-10T08:45:02.803-06:00  INFO 6692 --- [discovery-service] [           main] o.s.cloud.context.scope.GenericScope     : BeanFactory id=b93bcb10-9c20-3d1f-875e-5c9a502855b9
2026-08-10T08:45:03.471-06:00  INFO 6692 --- [discovery-service] [           main] o.s.b.w.embedded.tomcat.TomcatWebServer  : Tomcat initialized with port 8761 (http)
2026-08-10T08:45:03.493-06:00  INFO 6692 --- [discovery-service] [           main] o.apache.catalina.core.StandardService   : Starting service [Tomcat]
2026-08-10T08:45:03.493-06:00  INFO 6692 --- [discovery-service] [           main] o.apache.catalina.core.StandardEngine    : Starting Servlet engine: [Apache Tomcat/10.1.34]
2026-08-10T08:45:03.543-06:00  INFO 6692 --- [discovery-service] [           main] o.a.c.c.C.[Tomcat].[localhost].[/]       : Initializing Spring embedded WebApplicationContext
2026-08-10T08:45:03.545-06:00  INFO 6692 --- [discovery-service] [           main] w.s.c.ServletWebServerApplicationContext : Root WebApplicationContext: initialization completed in 2787 ms
2026-08-10T08:45:05.104-06:00  INFO 6692 --- [discovery-service] [           main] c.n.d.provider.DiscoveryJerseyProvider   : Using JSON encoding codec LegacyJacksonJson
2026-08-10T08:45:05.105-06:00  INFO 6692 --- [discovery-service] [           main] c.n.d.provider.DiscoveryJerseyProvider   : Using JSON decoding codec LegacyJacksonJson
2026-08-10T08:45:05.354-06:00  INFO 6692 --- [discovery-service] [           main] c.n.d.provider.DiscoveryJerseyProvider   : Using XML encoding codec XStreamXml
2026-08-10T08:45:05.355-06:00  INFO 6692 --- [discovery-service] [           main] c.n.d.provider.DiscoveryJerseyProvider   : Using XML decoding codec XStreamXml
2026-08-10T08:45:05.565-06:00  INFO 6692 --- [discovery-service] [           main] o.s.v.b.OptionalValidatorFactoryBean     : Failed to set up a Bean Validation provider: jakarta.validation.NoProviderFoundException: Unable to create a Configuration, because no Jakarta Bean Validation provider could be found. Add a provider like Hibernate Validator (RI) to your classpath.
2026-08-10T08:45:06.920-06:00  WARN 6692 --- [discovery-service] [           main] iguration$LoadBalancerCaffeineWarnLogger : Spring Cloud LoadBalancer is currently working with the default cache. While this cache implementation is useful for development and tests, it's recommended to use Caffeine cache in production.You can switch to using Caffeine cache, by adding it and org.springframework.cache.caffeine.CaffeineCacheManager to the classpath.
2026-08-10T08:45:06.957-06:00  INFO 6692 --- [discovery-service] [           main] o.s.c.n.eureka.InstanceInfoFactory       : Setting initial instance status as: STARTING
2026-08-10T08:45:06.989-06:00  INFO 6692 --- [discovery-service] [           main] com.netflix.discovery.DiscoveryClient    : Initializing Eureka in region us-east-1
2026-08-10T08:45:06.990-06:00  INFO 6692 --- [discovery-service] [           main] com.netflix.discovery.DiscoveryClient    : Client configured to neither register nor query for data.
2026-08-10T08:45:06.994-06:00  INFO 6692 --- [discovery-service] [           main] com.netflix.discovery.DiscoveryClient    : Discovery Client initialized at timestamp 1786373106993 with initial instances count: 0
2026-08-10T08:45:07.071-06:00  INFO 6692 --- [discovery-service] [           main] c.n.eureka.DefaultEurekaServerContext    : Initializing ...
2026-08-10T08:45:07.074-06:00  WARN 6692 --- [discovery-service] [           main] c.n.eureka.cluster.PeerEurekaNodes       : The replica size seems to be empty. Check the route 53 DNS Registry
2026-08-10T08:45:07.091-06:00  INFO 6692 --- [discovery-service] [           main] c.n.e.registry.AbstractInstanceRegistry  : Finished initializing remote region registries. All known remote regions: []
2026-08-10T08:45:07.092-06:00  INFO 6692 --- [discovery-service] [           main] c.n.eureka.DefaultEurekaServerContext    : Initialized
2026-08-10T08:45:07.119-06:00  INFO 6692 --- [discovery-service] [           main] o.s.b.a.e.web.EndpointLinksResolver      : Exposing 2 endpoints beneath base path '/actuator'
2026-08-10T08:45:07.214-06:00  INFO 6692 --- [discovery-service] [           main] o.s.c.n.e.s.EurekaServiceRegistry        : Registering application DISCOVERY-SERVICE with eureka with status UP
2026-08-10T08:45:07.249-06:00  INFO 6692 --- [discovery-service] [           main] o.s.c.n.e.s.EurekaServiceRegistry        : Unregistering application DISCOVERY-SERVICE with eureka with status DOWN
2026-08-10T08:45:07.250-06:00  WARN 6692 --- [discovery-service] [           main] ConfigServletWebServerApplicationContext : Exception encountered during context initialization - cancelling refresh attempt: org.springframework.context.ApplicationContextException: Failed to start bean 'webServerStartStop'
2026-08-10T08:45:07.251-06:00  INFO 6692 --- [discovery-service] [           main] c.n.eureka.DefaultEurekaServerContext    : Shutting down ...
2026-08-10T08:45:07.255-06:00  INFO 6692 --- [discovery-service] [           main] c.n.eureka.DefaultEurekaServerContext    : Shut down
2026-08-10T08:45:07.255-06:00  INFO 6692 --- [discovery-service] [       Thread-9] o.s.c.n.e.server.EurekaServerBootstrap   : isAws returned false
2026-08-10T08:45:07.256-06:00  INFO 6692 --- [discovery-service] [       Thread-9] o.s.c.n.e.server.EurekaServerBootstrap   : Initialized server context
2026-08-10T08:45:07.257-06:00  INFO 6692 --- [discovery-service] [       Thread-9] c.n.e.r.PeerAwareInstanceRegistryImpl    : Got 1 instances from neighboring DS node
2026-08-10T08:45:07.257-06:00  INFO 6692 --- [discovery-service] [       Thread-9] c.n.e.r.PeerAwareInstanceRegistryImpl    : Renew threshold is: 1
2026-08-10T08:45:07.257-06:00  INFO 6692 --- [discovery-service] [       Thread-9] c.n.e.r.PeerAwareInstanceRegistryImpl    : Changing status to UP
2026-08-10T08:45:07.261-06:00  INFO 6692 --- [discovery-service] [           main] com.netflix.discovery.DiscoveryClient    : Shutting down DiscoveryClient ...
2026-08-10T08:45:07.261-06:00  INFO 6692 --- [discovery-service] [           main] com.netflix.discovery.DiscoveryClient    : Completed shut down of DiscoveryClient
2026-08-10T08:45:07.260-06:00 ERROR 6692 --- [discovery-service] [       Thread-9] o.s.c.n.e.server.EurekaServerBootstrap   : Cannot bootstrap eureka server :

java.lang.IllegalStateException: Timer already cancelled.
	at java.base/java.util.Timer.sched(Timer.java:407) ~[na:na]
	at java.base/java.util.Timer.schedule(Timer.java:258) ~[na:na]
	at com.netflix.eureka.registry.AbstractInstanceRegistry.postInit(AbstractInstanceRegistry.java:1226) ~[eureka-core-2.0.4.jar!/:2.0.4]
	at com.netflix.eureka.registry.PeerAwareInstanceRegistryImpl.openForTraffic(PeerAwareInstanceRegistryImpl.java:259) ~[eureka-core-2.0.4.jar!/:2.0.4]
	at org.springframework.cloud.netflix.eureka.server.InstanceRegistry.openForTraffic(InstanceRegistry.java:77) ~[spring-cloud-netflix-eureka-server-4.2.1.jar!/:4.2.1]
	at org.springframework.cloud.netflix.eureka.server.EurekaServerBootstrap.initEurekaServerContext(EurekaServerBootstrap.java:112) ~[spring-cloud-netflix-eureka-server-4.2.1.jar!/:4.2.1]
	at org.springframework.cloud.netflix.eureka.server.EurekaServerBootstrap.contextInitialized(EurekaServerBootstrap.java:70) ~[spring-cloud-netflix-eureka-server-4.2.1.jar!/:4.2.1]
	at org.springframework.cloud.netflix.eureka.server.EurekaServerInitializerConfiguration.lambda$start$0(EurekaServerInitializerConfiguration.java:67) ~[spring-cloud-netflix-eureka-server-4.2.1.jar!/:4.2.1]
	at java.base/java.lang.Thread.run(Thread.java:1570) ~[na:na]

2026-08-10T08:45:07.279-06:00 ERROR 6692 --- [discovery-service] [       Thread-9] e.s.EurekaServerInitializerConfiguration : Could not initialize Eureka servlet context

java.lang.RuntimeException: Cannot bootstrap eureka server :
	at org.springframework.cloud.netflix.eureka.server.EurekaServerBootstrap.contextInitialized(EurekaServerBootstrap.java:76) ~[spring-cloud-netflix-eureka-server-4.2.1.jar!/:4.2.1]
	at org.springframework.cloud.netflix.eureka.server.EurekaServerInitializerConfiguration.lambda$start$0(EurekaServerInitializerConfiguration.java:67) ~[spring-cloud-netflix-eureka-server-4.2.1.jar!/:4.2.1]
	at java.base/java.lang.Thread.run(Thread.java:1570) ~[na:na]
Caused by: java.lang.IllegalStateException: Timer already cancelled.
	at java.base/java.util.Timer.sched(Timer.java:407) ~[na:na]
	at java.base/java.util.Timer.schedule(Timer.java:258) ~[na:na]
	at com.netflix.eureka.registry.AbstractInstanceRegistry.postInit(AbstractInstanceRegistry.java:1226) ~[eureka-core-2.0.4.jar!/:2.0.4]
	at com.netflix.eureka.registry.PeerAwareInstanceRegistryImpl.openForTraffic(PeerAwareInstanceRegistryImpl.java:259) ~[eureka-core-2.0.4.jar!/:2.0.4]
	at org.springframework.cloud.netflix.eureka.server.InstanceRegistry.openForTraffic(InstanceRegistry.java:77) ~[spring-cloud-netflix-eureka-server-4.2.1.jar!/:4.2.1]
	at org.springframework.cloud.netflix.eureka.server.EurekaServerBootstrap.initEurekaServerContext(EurekaServerBootstrap.java:112) ~[spring-cloud-netflix-eureka-server-4.2.1.jar!/:4.2.1]
	at org.springframework.cloud.netflix.eureka.server.EurekaServerBootstrap.contextInitialized(EurekaServerBootstrap.java:70) ~[spring-cloud-netflix-eureka-server-4.2.1.jar!/:4.2.1]
	... 2 common frames omitted

2026-08-10T08:45:07.310-06:00  INFO 6692 --- [discovery-service] [           main] .s.b.a.l.ConditionEvaluationReportLogger : 

Error starting ApplicationContext. To display the condition evaluation report re-run your application with 'debug' enabled.
2026-08-10T08:45:07.374-06:00 ERROR 6692 --- [discovery-service] [           main] o.s.b.d.LoggingFailureAnalysisReporter   : 

***************************
APPLICATION FAILED TO START
***************************

Description:

Web server failed to start. Port 8761 was already in use.

Action:

Identify and stop the process that's listening on port 8761 or configure this application to listen on another port.

ice] [a-EvictionTimer] c.n.e.registry.AbstractInstanceRegistry  : Running the evict task with compensationTime 0ms
2026-08-10T08:45:10.226-06:00  INFO 2652 --- [discovery-service] [a-EvictionTimer] c.n.e.registry.AbstractInstanceRegistry  : Running the evict task with compensationTime 0ms
2026-08-10T08:45:15.227-06:00  INFO 2652 --- [discovery-service] [a-EvictionTimer] c.n.e.registry.AbstractInstanceRegistry  : Running the evict task with compensationTime 1ms
2026-08-10T08:45:20.227-06:00  INFO 2652 --- [discovery-service] [a-EvictionTimer] c.n.e.registry.AbstractInstanceRegistry  : Running the evict task with compensationTime 0ms
2026-08-10T08:45:25.228-06:00  INFO 2652 --- [discovery-service] [a-EvictionTimer] c.n.e.registry.AbstractInstanceRegistry  : Running the evict task with compensationTime 1ms
2026-08-10T08:45:30.228-06:00  INFO 2652 --- [discovery-service] [a-EvictionTimer] c.n.e.registry.AbstractInstanceRegistry  : Running the evict task with compensationTime 0ms
2026-08-10T08:45:33.697-06:00  INFO 2652 --- [discovery-service] [nio-8761-exec-1] o.a.c.c.C.[Tomcat].[localhost].[/]       : Initializing Spring DispatcherServlet 'dispatcherServlet'
2026-08-10T08:45:33.698-06:00  INFO 2652 --- [discovery-service] [nio-8761-exec-1] o.s.web.servlet.DispatcherServlet        : Initializing Servlet 'dispatcherServlet'
2026-08-10T08:45:33.701-06:00  INFO 2652 --- [discovery-service] [nio-8761-exec-1] o.s.web.servlet.DispatcherServlet        : Completed initialization in 2 ms
2026-08-10T08:45:34.255-06:00  INFO 2652 --- [discovery-service] [nio-8761-exec-3] c.n.e.registry.AbstractInstanceRegistry  : Registered instance SEARCH-SERVICE/PC-Sergio.mshome.net:search-service:8084 with status UP (replication=false)
2026-08-10T08:45:35.228-06:00  INFO 2652 --- [discovery-service] [a-EvictionTimer] c.n.e.registry.AbstractInstanceRegistry  : Running the evict task with compensationTime 0ms
2026-08-10T08:45:40.229-06:00  INFO 2652 --- [discovery-service] [a-EvictionTimer] c.n.e.registry.AbstractInstanceRegistry  : Running the evict task with compensationTime 0ms
2026-08-10T08:45:45.230-06:00  INFO 2652 --- [discovery-service] [a-EvictionTimer] c.n.e.registry.AbstractInstanceRegistry  : Running the evict task with compensationTime 0ms
2026-08-10T08:45:50.230-06:00  INFO 2652 --- [discovery-service] [a-EvictionTimer] c.n.e.registry.AbstractInstanceRegistry  : Running the evict task with compensationTime 0ms
2026-08-10T08:45:55.231-06:00  INFO 2652 --- [discovery-service] [a-EvictionTimer] c.n.e.registry.AbstractInstanceRegistry  : Running the evict task with compensationTime 0ms
2026-08-10T08:46:00.232-06:00  INFO 2652 --- [discovery-service] [a-EvictionTimer] c.n.e.registry.AbstractInstanceRegistry  : Running the evict task with compensationTime 1ms
2026-08-10T08:46:05.232-06:00  INFO 2652 --- [discovery-service] [a-EvictionTimer] c.n.e.registry.AbstractInstanceRegistry  : Running the evict task with compensationTime 0ms
2026-08-10T08:46:10.233-06:00  INFO 2652 --- [discovery-service] [a-EvictionTimer] c.n.e.registry.AbstractInstanceRegistry  : Running the evict task with compensationTime 0ms
2026-08-10T08:46:15.234-06:00  INFO 2652 --- [discovery-service] [a-EvictionTimer] c.n.e.registry.AbstractInstanceRegistry  : Running the evict task with compensationTime 0ms
2026-08-10T08:46:20.235-06:00  INFO 2652 --- [discovery-service] [a-EvictionTimer] c.n.e.registry.AbstractInstanceRegistry  : Running the evict task with compensationTime 0ms
2026-08-10T08:46:25.235-06:00  INFO 2652 --- [discovery-service] [a-EvictionTimer] c.n.e.registry.AbstractInstanceRegistry  : Running the evict task with compensationTime 0ms
2026-08-10T08:46:30.235-06:00  INFO 2652 --- [discovery-service] [a-EvictionTimer] c.n.e.registry.AbstractInstanceRegistry  : Running the evict task with compensationTime 0ms
2026-08-10T08:46:35.235-06:00  INFO 2652 --- [discovery-service] [a-EvictionTimer] c.n.e.registry.AbstractInstanceRegistry  : Running the evict task with compensationTime 0ms
2026-08-10T08:46:40.235-06:00  INFO 2652 --- [discovery-service] [a-EvictionTimer] c.n.e.registry.AbstractInstanceRegistry  : Running the evict task with compensationTime 0ms
2026-08-10T08:46:45.235-06:00  INFO 2652 --- [discovery-service] [a-EvictionTimer] c.n.e.registry.AbstractInstanceRegistry  : Running the evict task with compensationTime 0ms
2026-08-10T08:46:50.235-06:00  INFO 2652 --- [discovery-service] [a-EvictionTimer] c.n.e.registry.AbstractInstanceRegistry  : Running the evict task with compensationTime 0ms
2026-08-10T08:46:55.245-06:00  INFO 2652 --- [discovery-service] [a-EvictionTimer] c.n.e.registry.AbstractInstanceRegistry  : Running the evict task with compensationTime 9ms
2026-08-10T08:47:00.245-06:00  INFO 2652 --- [discovery-service] [a-EvictionTimer] c.n.e.registry.AbstractInstanceRegistry  : Running the evict task with compensationTime 0ms
2026-08-10T08:47:05.245-06:00  INFO 2652 --- [discovery-service] [a-EvictionTimer] c.n.e.registry.AbstractInstanceRegistry  : Running the evict task with compensationTime 0ms
2026-08-10T08:47:10.245-06:00  INFO 2652 --- [discovery-service] [a-EvictionTimer] c.n.e.registry.AbstractInstanceRegistry  : Running the evict task with compensationTime 0ms
2026-08-10T08:47:15.245-06:00  INFO 2652 --- [discovery-service] [a-EvictionTimer] c.n.e.registry.AbstractInstanceRegistry  : Running the evict task with compensationTime 0ms
2026-08-10T08:47:20.246-06:00  INFO 2652 --- [discovery-service] [a-EvictionTimer] c.n.e.registry.AbstractInstanceRegistry  : Running the evict task with compensationTime 0ms
2026-08-10T08:47:25.247-06:00  INFO 2652 --- [discovery-service] [a-EvictionTimer] c.n.e.registry.AbstractInstanceRegistry  : Running the evict task with compensationTime 0ms
2026-08-10T08:47:30.248-06:00  INFO 2652 --- [discovery-service] [a-EvictionTimer] c.n.e.registry.AbstractInstanceRegistry  : Running the evict task with compensationTime 0ms
2026-08-10T08:47:35.249-06:00  INFO 2652 --- [discovery-service] [a-EvictionTimer] c.n.e.registry.AbstractInstanceRegistry  : Running the evict task with compensationTime 1ms
2026-08-10T08:47:40.249-06:00  INFO 2652 --- [discovery-service] [a-EvictionTimer] c.n.e.registry.AbstractInstanceRegistry  : Running the evict task with compensationTime 0ms
2026-08-10T08:47:40.819-06:00  INFO 2652 --- [discovery-service] [nio-8761-exec-3] c.n.e.registry.AbstractInstanceRegistry  : Registered instance SEARCH-SERVICE/PC-Sergio.mshome.net:search-service:8084 with status DOWN (replication=false)
2026-08-10T08:47:40.829-06:00  INFO 2652 --- [discovery-service] [nio-8761-exec-6] c.n.e.registry.AbstractInstanceRegistry  : Registered instance SEARCH-SERVICE/PC-Sergio.mshome.net:search-service:8084 with status DOWN (replication=false)
2026-08-10T08:47:40.837-06:00  INFO 2652 --- [discovery-service] [nio-8761-exec-4] c.n.e.registry.AbstractInstanceRegistry  : Cancelled instance SEARCH-SERVICE/PC-Sergio.mshome.net:search-service:8084 (replication=false)
2026-08-10T08:47:45.250-06:00  INFO 2652 --- [discovery-service] [a-EvictionTimer] c.n.e.registry.AbstractInstanceRegistry  : Running the evict task with compensationTime 0ms
2026-08-10T08:47:50.252-06:00  INFO 2652 --- [discovery-service] [a-EvictionTimer] c.n.e.registry.AbstractInstanceRegistry  : Running the evict task with compensationTime 2ms
2026-08-10T08:47:55.253-06:00  INFO 2652 --- [discovery-service] [a-EvictionTimer] c.n.e.registry.AbstractInstanceRegistry  : Running the evict task with compensationTime 0ms
2026-08-10T08:48:00.254-06:00  INFO 2652 --- [discovery-service] [a-EvictionTimer] c.n.e.registry.AbstractInstanceRegistry  : Running the evict task with compensationTime 1ms
2026-08-10T08:48:04.082-06:00  WARN 2652 --- [discovery-service] [nio-8761-exec-7] c.n.e.registry.AbstractInstanceRegistry  : DS: Registry: lease doesn't exist, registering resource: SEARCH-SERVICE - PC-Sergio.mshome.net:search-service:8084
2026-08-10T08:48:04.083-06:00  WARN 2652 --- [discovery-service] [nio-8761-exec-7] c.n.eureka.resources.InstanceResource    : Not Found (Renew): SEARCH-SERVICE - PC-Sergio.mshome.net:search-service:8084
2026-08-10T08:48:04.173-06:00  INFO 2652 --- [discovery-service] [io-8761-exec-10] c.n.e.registry.AbstractInstanceRegistry  : Registered instance SEARCH-SERVICE/PC-Sergio.mshome.net:search-service:8084 with status UP (replication=false)
2026-08-10T08:48:05.255-06:00  INFO 2652 --- [discovery-service] [a-EvictionTimer] c.n.e.registry.AbstractInstanceRegistry  : Running the evict task with compensationTime 0ms
2026-08-10T08:48:10.266-06:00  INFO 2652 --- [discovery-service] [a-EvictionTimer] c.n.e.registry.AbstractInstanceRegistry  : Running the evict task with compensationTime 11ms
2026-08-10T08:48:15.266-06:00  INFO 2652 --- [discovery-service] [a-EvictionTimer] c.n.e.registry.AbstractInstanceRegistry  : Running the evict task with compensationTime 0ms
2026-08-10T08:48:20.266-06:00  INFO 2652 --- [discovery-service] [a-EvictionTimer] c.n.e.registry.AbstractInstanceRegistry  : Running the evict task with compensationTime 0ms
2026-08-10T08:48:25.267-06:00  INFO 2652 --- [discovery-service] [a-EvictionTimer] c.n.e.registry.AbstractInstanceRegistry  : Running the evict task with compensationTime 0ms
2026-08-10T08:48:30.267-06:00  INFO 2652 --- [discovery-service] [a-EvictionTimer] c.n.e.registry.AbstractInstanceRegistry  : Running the evict task with compensationTime 0ms
2026-08-10T08:48:35.268-06:00  INFO 2652 --- [discovery-service] [a-EvictionTimer] c.n.e.registry.AbstractInstanceRegistry  : Running the evict task with compensationTime 0ms
2026-08-10T08:48:40.268-06:00  INFO 2652 --- [discovery-service] [a-EvictionTimer] c.n.e.registry.AbstractInstanceRegistry  : Running the evict task with compensationTime 0ms
2026-08-10T08:48:45.268-06:00  INFO 2652 --- [discovery-service] [a-EvictionTimer] c.n.e.registry.AbstractInstanceRegistry  : Running the evict task with compensationTime 0ms
2026-08-10T08:48:50.268-06:00  INFO 2652 --- [discovery-service] [a-EvictionTimer] c.n.e.registry.AbstractInstanceRegistry  : Running the evict task with compensationTime 0ms
2026-08-10T08:48:55.269-06:00  INFO 2652 --- [discovery-service] [a-EvictionTimer] c.n.e.registry.AbstractInstanceRegistry  : Running the evict task with compensationTime 1ms
2026-08-10T08:49:00.271-06:00  INFO 2652 --- [discovery-service] [a-EvictionTimer] c.n.e.registry.AbstractInstanceRegistry  : Running the evict task with compensationTime 1ms
2026-08-10T08:49:05.272-06:00  INFO 2652 --- [discovery-service] [a-EvictionTimer] c.n.e.registry.AbstractInstanceRegistry  : Running the evict task with compensationTime 1ms
2026-08-10T08:49:10.272-06:00  INFO 2652 --- [discovery-service] [a-EvictionTimer] c.n.e.registry.AbstractInstanceRegistry  : Running the evict task with compensationTime 0ms
2026-08-10T08:49:15.274-06:00  INFO 2652 --- [discovery-service] [a-EvictionTimer] c.n.e.registry.AbstractInstanceRegistry  : Running the evict task with compensationTime 2ms
2026-08-10T08:49:20.275-06:00  INFO 2652 --- [discovery-service] [a-EvictionTimer] c.n.e.registry.AbstractInstanceRegistry  : Running the evict task with compensationTime 0ms
2026-08-10T08:49:25.275-06:00  INFO 2652 --- [discovery-service] [a-EvictionTimer] c.n.e.registry.AbstractInstanceRegistry  : Running the evict task with compensationTime 0ms
2026-08-10T08:49:30.276-06:00  INFO 2652 --- [discovery-service] [a-EvictionTimer] c.n.e.registry.AbstractInstanceRegistry  : Running the evict task with compensationTime 0ms
2026-08-10T08:49:35.276-06:00  INFO 2652 --- [discovery-service] [a-EvictionTimer] c.n.e.registry.AbstractInstanceRegistry  : Running the evict task with compensationTime 0ms
2026-08-10T08:49:40.292-06:00  INFO 2652 --- [discovery-service] [a-EvictionTimer] c.n.e.registry.AbstractInstanceRegistry  : Running the evict task with compensationTime 15ms
2026-08-10T08:49:45.292-06:00  INFO 2652 --- [discovery-service] [a-EvictionTimer] c.n.e.registry.AbstractInstanceRegistry  : Running the evict task with compensationTime 0ms
2026-08-10T08:49:50.293-06:00  INFO 2652 --- [discovery-service] [a-EvictionTimer] c.n.e.registry.AbstractInstanceRegistry  : Running the evict task with compensationTime 0ms
2026-08-10T08:49:55.293-06:00  INFO 2652 --- [discovery-service] [a-EvictionTimer] c.n.e.registry.AbstractInstanceRegistry  : Running the evict task with compensationTime 0ms
2026-08-10T08:50:00.293-06:00  INFO 2652 --- [discovery-service] [a-EvictionTimer] c.n.e.registry.AbstractInstanceRegistry  : Running the evict task with compensationTime 0ms
2026-08-10T08:50:05.293-06:00  INFO 2652 --- [discovery-service] [a-EvictionTimer] c.n.e.registry.AbstractInstanceRegistry  : Running the evict task with compensationTime 0ms
2026-08-10T08:50:10.294-06:00  INFO 2652 --- [discovery-service] [a-EvictionTimer] c.n.e.registry.AbstractInstanceRegistry  : Running the evict task with compensationTime 0ms
2026-08-10T08:50:15.294-06:00  INFO 2652 --- [discovery-service] [a-EvictionTimer] c.n.e.registry.AbstractInstanceRegistry  : Running the evict task with compensationTime 0ms
2026-08-10T08:50:20.302-06:00  INFO 2652 --- [discovery-service] [a-EvictionTimer] c.n.e.registry.AbstractInstanceRegistry  : Running the evict task with compensationTime 7ms
2026-08-10T08:50:25.302-06:00  INFO 2652 --- [discovery-service] [a-EvictionTimer] c.n.e.registry.AbstractInstanceRegistry  : Running the evict task with compensationTime 0ms
2026-08-10T08:50:30.303-06:00  INFO 2652 --- [discovery-service] [a-EvictionTimer] c.n.e.registry.AbstractInstanceRegistry  : Running the evict task with compensationTime 0ms
2026-08-10T08:50:35.303-06:00  INFO 2652 --- [discovery-service] [a-EvictionTimer] c.n.e.registry.AbstractInstanceRegistry  : Running the evict task with compensationTime 0ms
2026-08-10T08:50:40.304-06:00  INFO 2652 --- [discovery-service] [a-EvictionTimer] c.n.e.registry.AbstractInstanceRegistry  : Running the evict task with compensationTime 0ms
2026-08-10T08:50:45.306-06:00  INFO 2652 --- [discovery-service] [a-EvictionTimer] c.n.e.registry.AbstractInstanceRegistry  : Running the evict task with compensationTime 2ms
2026-08-10T08:50:50.307-06:00  INFO 2652 --- [discovery-service] [a-EvictionTimer] c.n.e.registry.AbstractInstanceRegistry  : Running the evict task with compensationTime 1ms
2026-08-10T08:50:55.307-06:00  INFO 2652 --- [discovery-service] [a-EvictionTimer] c.n.e.registry.AbstractInstanceRegistry  : Running the evict task with compensationTime 0ms
2026-08-10T08:51:00.307-06:00  INFO 2652 --- [discovery-service] [a-EvictionTimer] c.n.e.registry.AbstractInstanceRegistry  : Running the evict task with compensationTime 0ms
2026-08-10T08:51:05.308-06:00  INFO 2652 --- [discovery-service] [a-EvictionTimer] c.n.e.registry.AbstractInstanceRegistry  : Running the evict task with compensationTime 0ms
2026-08-10T08:51:10.309-06:00  INFO 2652 --- [discovery-service] [a-EvictionTimer] c.n.e.registry.AbstractInstanceRegistry  : Running the evict task with compensationTime 0ms
2026-08-10T08:51:15.310-06:00  INFO 2652 --- [discovery-service] [a-EvictionTimer] c.n.e.registry.AbstractInstanceRegistry  : Running the evict task with compensationTime 0ms
2026-08-10T08:51:20.311-06:00  INFO 2652 --- [discovery-service] [a-EvictionTimer] c.n.e.registry.AbstractInstanceRegistry  : Running the evict task with compensationTime 1ms
2026-08-10T08:51:25.312-06:00  INFO 2652 --- [discovery-service] [a-EvictionTimer] c.n.e.registry.AbstractInstanceRegistry  : Running the evict task with compensationTime 0ms
2026-08-10T08:51:30.313-06:00  INFO 2652 --- [discovery-service] [a-EvictionTimer] c.n.e.registry.AbstractInstanceRegistry  : Running the evict task with compensationTime 1ms
2026-08-10T08:51:35.313-06:00  INFO 2652 --- [discovery-service] [a-EvictionTimer] c.n.e.registry.AbstractInstanceRegistry  : Running the evict task with compensationTime 0ms
2026-08-10T08:51:40.313-06:00  INFO 2652 --- [discovery-service] [a-EvictionTimer] c.n.e.registry.AbstractInstanceRegistry  : Running the evict task with compensationTime 0ms
2026-08-10T08:51:45.313-06:00  INFO 2652 --- [discovery-service] [a-EvictionTimer] c.n.e.registry.AbstractInstanceRegistry  : Running the evict task with compensationTime 0ms
2026-08-10T08:51:50.313-06:00  INFO 2652 --- [discovery-service] [a-EvictionTimer] c.n.e.registry.AbstractInstanceRegistry  : Running the evict task with compensationTime 0ms
2026-08-10T08:51:55.314-06:00  INFO 2652 --- [discovery-service] [a-EvictionTimer] c.n.e.registry.AbstractInstanceRegistry  : Running the evict task with compensationTime 0ms
2026-08-10T08:52:00.315-06:00  INFO 2652 --- [discovery-service] [a-EvictionTimer] c.n.e.registry.AbstractInstanceRegistry  : Running the evict task with compensationTime 0ms
2026-08-10T08:52:05.315-06:00  INFO 2652 --- [discovery-service] [a-EvictionTimer] c.n.e.registry.AbstractInstanceRegistry  : Running the evict task with compensationTime 0ms
2026-08-10T08:52:10.315-06:00  INFO 2652 --- [discovery-service] [a-EvictionTimer] c.n.e.registry.AbstractInstanceRegistry  : Running the evict task with compensationTime 0ms
2026-08-10T08:52:15.315-06:00  INFO 2652 --- [discovery-service] [a-EvictionTimer] c.n.e.registry.AbstractInstanceRegistry  : Running the evict task with compensationTime 0ms
2026-08-10T08:52:20.315-06:00  INFO 2652 --- [discovery-service] [a-EvictionTimer] c.n.e.registry.AbstractInstanceRegistry  : Running the evict task with compensationTime 0ms
2026-08-10T08:52:25.316-06:00  INFO 2652 --- [discovery-service] [a-EvictionTimer] c.n.e.registry.AbstractInstanceRegistry  : Running the evict task with compensationTime 0ms
2026-08-10T08:52:30.316-06:00  INFO 2652 --- [discovery-service] [a-EvictionTimer] c.n.e.registry.AbstractInstanceRegistry  : Running the evict task with compensationTime 0ms
2026-08-10T08:52:35.317-06:00  INFO 2652 --- [discovery-service] [a-EvictionTimer] c.n.e.registry.AbstractInstanceRegistry  : Running the evict task with compensationTime 1ms
2026-08-10T08:52:40.330-06:00  INFO 2652 --- [discovery-service] [a-EvictionTimer] c.n.e.registry.AbstractInstanceRegistry  : Running the evict task with compensationTime 13ms
2026-08-10T08:52:45.330-06:00  INFO 2652 --- [discovery-service] [a-EvictionTimer] c.n.e.registry.AbstractInstanceRegistry  : Running the evict task with compensationTime 0ms
2026-08-10T08:52:50.330-06:00  INFO 2652 --- [discovery-service] [a-EvictionTimer] c.n.e.registry.AbstractInstanceRegistry  : Running the evict task with compensationTime 0ms
2026-08-10T08:52:55.334-06:00  INFO 2652 --- [discovery-service] [a-EvictionTimer] c.n.e.registry.AbstractInstanceRegistry  : Running the evict task with compensationTime 3ms
2026-08-10T08:52:59.953-06:00  WARN 2652 --- [discovery-service] [eerNodesUpdater] c.n.eureka.cluster.PeerEurekaNodes       : The replica size seems to be empty. Check the route 53 DNS Registry
2026-08-10T08:53:00.334-06:00  INFO 2652 --- [discovery-service] [a-EvictionTimer] c.n.e.registry.AbstractInstanceRegistry  : Running the evict task with compensationTime 0ms
2026-08-10T08:53:05.334-06:00  INFO 2652 --- [discovery-service] [a-EvictionTimer] c.n.e.registry.AbstractInstanceRegistry  : Running the evict task with compensationTime 0ms
2026-08-10T08:53:10.335-06:00  INFO 2652 --- [discovery-service] [a-EvictionTimer] c.n.e.registry.AbstractInstanceRegistry  : Running the evict task with compensationTime 0ms
2026-08-10T08:53:15.334-06:00  INFO 2652 --- [discovery-service] [a-EvictionTimer] c.n.e.registry.AbstractInstanceRegistry  : Running the evict task with compensationTime 0ms
2026-08-10T08:53:20.334-06:00  INFO 2652 --- [discovery-service] [a-EvictionTimer] c.n.e.registry.AbstractInstanceRegistry  : Running the evict task with compensationTime 0ms
2026-08-10T08:53:25.335-06:00  INFO 2652 --- [discovery-service] [a-EvictionTimer] c.n.e.registry.AbstractInstanceRegistry  : Running the evict task with compensationTime 0ms
2026-08-10T08:53:30.335-06:00  INFO 2652 --- [discovery-service] [a-EvictionTimer] c.n.e.registry.AbstractInstanceRegistry  : Running the evict task with compensationTime 0ms
2026-08-10T08:53:35.335-06:00  INFO 2652 --- [discovery-service] [a-EvictionTimer] c.n.e.registry.AbstractInstanceRegistry  : Running the evict task with compensationTime 0ms
2026-08-10T08:53:40.336-06:00  INFO 2652 --- [discovery-service] [a-EvictionTimer] c.n.e.registry.AbstractInstanceRegistry  : Running the evict task with compensationTime 0ms
2026-08-10T08:53:45.337-06:00  INFO 2652 --- [discovery-service] [a-EvictionTimer] c.n.e.registry.AbstractInstanceRegistry  : Running the evict task with compensationTime 0ms
2026-08-10T08:53:50.338-06:00  INFO 2652 --- [discovery-service] [a-EvictionTimer] c.n.e.registry.AbstractInstanceRegistry  : Running the evict task with compensationTime 0ms
2026-08-10T08:53:55.338-06:00  INFO 2652 --- [discovery-service] [a-EvictionTimer] c.n.e.registry.AbstractInstanceRegistry  : Running the evict task with compensationTime 0ms
2026-08-10T08:54:00.339-06:00  INFO 2652 --- [discovery-service] [a-EvictionTimer] c.n.e.registry.AbstractInstanceRegistry  : Running the evict task with compensationTime 0ms
2026-08-10T08:54:05.339-06:00  INFO 2652 --- [discovery-service] [a-EvictionTimer] c.n.e.registry.AbstractInstanceRegistry  : Running the evict task with compensationTime 0ms
2026-08-10T08:54:10.340-06:00  INFO 2652 --- [discovery-service] [a-EvictionTimer] c.n.e.registry.AbstractInstanceRegistry  : Running the evict task with compensationTime 1ms
2026-08-10T08:54:15.341-06:00  INFO 2652 --- [discovery-service] [a-EvictionTimer] c.n.e.registry.AbstractInstanceRegistry  : Running the evict task with compensationTime 0ms
2026-08-10T08:54:20.342-06:00  INFO 2652 --- [discovery-service] [a-EvictionTimer] c.n.e.registry.AbstractInstanceRegistry  : Running the evict task with compensationTime 1ms
2026-08-10T08:54:25.343-06:00  INFO 2652 --- [discovery-service] [a-EvictionTimer] c.n.e.registry.AbstractInstanceRegistry  : Running the evict task with compensationTime 0ms
2026-08-10T08:54:30.343-06:00  INFO 2652 --- [discovery-service] [a-EvictionTimer] c.n.e.registry.AbstractInstanceRegistry  : Running the evict task with compensationTime 0ms
2026-08-10T08:54:35.343-06:00  INFO 2652 --- [discovery-service] [a-EvictionTimer] c.n.e.registry.AbstractInstanceRegistry  : Running the evict task with compensationTime 0ms
2026-08-10T08:54:40.344-06:00  INFO 2652 --- [discovery-service] [a-EvictionTimer] c.n.e.registry.AbstractInstanceRegistry  : Running the evict task with compensationTime 1ms
2026-08-10T08:54:45.345-06:00  INFO 2652 --- [discovery-service] [a-EvictionTimer] c.n.e.registry.AbstractInstanceRegistry  : Running the evict task with compensationTime 0ms
2026-08-10T08:54:50.345-06:00  INFO 2652 --- [discovery-service] [a-EvictionTimer] c.n.e.registry.AbstractInstanceRegistry  : Running the evict task with compensationTime 0ms
2026-08-10T08:54:55.346-06:00  INFO 2652 --- [discovery-service] [a-EvictionTimer] c.n.e.registry.AbstractInstanceRegistry  : Running the evict task with compensationTime 0ms
2026-08-10T08:55:00.347-06:00  INFO 2652 --- [discovery-service] [a-EvictionTimer] c.n.e.registry.AbstractInstanceRegistry  : Running the evict task with compensationTime 1ms
2026-08-10T08:55:05.347-06:00  INFO 2652 --- [discovery-service] [a-EvictionTimer] c.n.e.registry.AbstractInstanceRegistry  : Running the evict task with compensationTime 0ms
2026-08-10T08:55:10.347-06:00  INFO 2652 --- [discovery-service] [a-EvictionTimer] c.n.e.registry.AbstractInstanceRegistry  : Running the evict task with compensationTime 0ms
2026-08-10T08:55:15.347-06:00  INFO 2652 --- [discovery-service] [a-EvictionTimer] c.n.e.registry.AbstractInstanceRegistry  : Running the evict task with compensationTime 0ms
2026-08-10T08:55:20.348-06:00  INFO 2652 --- [discovery-service] [a-EvictionTimer] c.n.e.registry.AbstractInstanceRegistry  : Running the evict task with compensationTime 1ms
2026-08-10T08:55:25.348-06:00  INFO 2652 --- [discovery-service] [a-EvictionTimer] c.n.e.registry.AbstractInstanceRegistry  : Running the evict task with compensationTime 0ms
2026-08-10T08:55:30.348-06:00  INFO 2652 --- [discovery-service] [a-EvictionTimer] c.n.e.registry.AbstractInstanceRegistry  : Running the evict task with compensationTime 0ms
2026-08-10T08:55:35.349-06:00  INFO 2652 --- [discovery-service] [a-EvictionTimer] c.n.e.registry.AbstractInstanceRegistry  : Running the evict task with compensationTime 0ms
2026-08-10T08:55:40.349-06:00  INFO 2652 --- [discovery-service] [a-EvictionTimer] c.n.e.registry.AbstractInstanceRegistry  : Running the evict task with compensationTime 0ms
2026-08-10T08:55:45.350-06:00  INFO 2652 --- [discovery-service] [a-EvictionTimer] c.n.e.registry.AbstractInstanceRegistry  : Running the evict task with compensationTime 0ms
2026-08-10T08:55:50.351-06:00  INFO 2652 --- [discovery-service] [a-EvictionTimer] c.n.e.registry.AbstractInstanceRegistry  : Running the evict task with compensationTime 0ms
2026-08-10T08:55:55.351-06:00  INFO 2652 --- [discovery-service] [a-EvictionTimer] c.n.e.registry.AbstractInstanceRegistry  : Running the evict task with compensationTime 0ms
2026-08-10T08:56:00.352-06:00  INFO 2652 --- [discovery-service] [a-EvictionTimer] c.n.e.registry.AbstractInstanceRegistry  : Running the evict task with compensationTime 1ms
2026-08-10T08:56:05.353-06:00  INFO 2652 --- [discovery-service] [a-EvictionTimer] c.n.e.registry.AbstractInstanceRegistry  : Running the evict task with compensationTime 0ms
2026-08-10T08:56:10.353-06:00  INFO 2652 --- [discovery-service] [a-EvictionTimer] c.n.e.registry.AbstractInstanceRegistry  : Running the evict task with compensationTime 0ms
2026-08-10T08:56:15.353-06:00  INFO 2652 --- [discovery-service] [a-EvictionTimer] c.n.e.registry.AbstractInstanceRegistry  : Running the evict task with compensationTime 0ms
2026-08-10T08:56:20.353-06:00  INFO 2652 --- [discovery-service] [a-EvictionTimer] c.n.e.registry.AbstractInstanceRegistry  : Running the evict task with compensationTime 0ms
2026-08-10T08:56:25.353-06:00  INFO 2652 --- [discovery-service] [a-EvictionTimer] c.n.e.registry.AbstractInstanceRegistry  : Running the evict task with compensationTime 0ms
2026-08-10T08:56:30.353-06:00  INFO 2652 --- [discovery-service] [a-EvictionTimer] c.n.e.registry.AbstractInstanceRegistry  : Running the evict task with compensationTime 0ms
2026-08-10T08:56:35.353-06:00  INFO 2652 --- [discovery-service] [a-EvictionTimer] c.n.e.registry.AbstractInstanceRegistry  : Running the evict task with compensationTime 0ms
2026-08-10T08:56:40.353-06:00  INFO 2652 --- [discovery-service] [a-EvictionTimer] c.n.e.registry.AbstractInstanceRegistry  : Running the evict task with compensationTime 0ms
2026-08-10T08:56:45.353-06:00  INFO 2652 --- [discovery-service] [a-EvictionTimer] c.n.e.registry.AbstractInstanceRegistry  : Running the evict task with compensationTime 0ms
2026-08-10T08:56:50.354-06:00  INFO 2652 --- [discovery-service] [a-EvictionTimer] c.n.e.registry.AbstractInstanceRegistry  : Running the evict task with compensationTime 0ms
2026-08-10T08:56:55.355-06:00  INFO 2652 --- [discovery-service] [a-EvictionTimer] c.n.e.registry.AbstractInstanceRegistry  : Running the evict task with compensationTime 1ms
2026-08-10T08:57:00.355-06:00  INFO 2652 --- [discovery-service] [a-EvictionTimer] c.n.e.registry.AbstractInstanceRegistry  : Running the evict task with compensationTime 0ms
2026-08-10T08:57:05.355-06:00  INFO 2652 --- [discovery-service] [a-EvictionTimer] c.n.e.registry.AbstractInstanceRegistry  : Running the evict task with compensationTime 0ms
2026-08-10T08:57:10.356-06:00  INFO 2652 --- [discovery-service] [a-EvictionTimer] c.n.e.registry.AbstractInstanceRegistry  : Running the evict task with compensationTime 0ms
2026-08-10T08:57:15.357-06:00  INFO 2652 --- [discovery-service] [a-EvictionTimer] c.n.e.registry.AbstractInstanceRegistry  : Running the evict task with compensationTime 1ms
2026-08-10T08:57:20.357-06:00  INFO 2652 --- [discovery-service] [a-EvictionTimer] c.n.e.registry.AbstractInstanceRegistry  : Running the evict task with compensationTime 0ms
2026-08-10T08:57:25.357-06:00  INFO 2652 --- [discovery-service] [a-EvictionTimer] c.n.e.registry.AbstractInstanceRegistry  : Running the evict task with compensationTime 0ms
2026-08-10T08:57:30.357-06:00  INFO 2652 --- [discovery-service] [a-EvictionTimer] c.n.e.registry.AbstractInstanceRegistry  : Running the evict task with compensationTime 0ms
2026-08-10T08:57:35.358-06:00  INFO 2652 --- [discovery-service] [a-EvictionTimer] c.n.e.registry.AbstractInstanceRegistry  : Running the evict task with compensationTime 0ms
2026-08-10T08:57:40.358-06:00  INFO 2652 --- [discovery-service] [a-EvictionTimer] c.n.e.registry.AbstractInstanceRegistry  : Running the evict task with compensationTime 0ms
2026-08-10T08:57:45.358-06:00  INFO 2652 --- [discovery-service] [a-EvictionTimer] c.n.e.registry.AbstractInstanceRegistry  : Running the evict task with compensationTime 0ms
2026-08-10T08:57:50.358-06:00  INFO 2652 --- [discovery-service] [a-EvictionTimer] c.n.e.registry.AbstractInstanceRegistry  : Running the evict task with compensationTime 0ms
2026-08-10T08:57:55.358-06:00  INFO 2652 --- [discovery-service] [a-EvictionTimer] c.n.e.registry.AbstractInstanceRegistry  : Running the evict task with compensationTime 0ms
2026-08-10T08:57:59.999-06:00  INFO 2652 --- [discovery-service] [hresholdUpdater] c.n.e.r.PeerAwareInstanceRegistryImpl    : Current renewal threshold is : 3
2026-08-10T08:58:00.358-06:00  INFO 2652 --- [discovery-service] [a-EvictionTimer] c.n.e.registry.AbstractInstanceRegistry  : Running the evict task with compensationTime 0ms
2026-08-10T08:58:05.358-06:00  INFO 2652 --- [discovery-service] [a-EvictionTimer] c.n.e.registry.AbstractInstanceRegistry  : Running the evict task with compensationTime 0ms
2026-08-10T08:58:10.359-06:00  INFO 2652 --- [discovery-service] [a-EvictionTimer] c.n.e.registry.AbstractInstanceRegistry  : Running the evict task with compensationTime 0ms
2026-08-10T08:58:15.359-06:00  INFO 2652 --- [discovery-service] [a-EvictionTimer] c.n.e.registry.AbstractInstanceRegistry  : Running the evict task with compensationTime 0ms
2026-08-10T08:58:20.360-06:00  INFO 2652 --- [discovery-service] [a-EvictionTimer] c.n.e.registry.AbstractInstanceRegistry  : Running the evict task with compensationTime 0ms
2026-08-10T08:58:25.360-06:00  INFO 2652 --- [discovery-service] [a-EvictionTimer] c.n.e.registry.AbstractInstanceRegistry  : Running the evict task with compensationTime 0ms
2026-08-10T08:58:30.360-06:00  INFO 2652 --- [discovery-service] [a-EvictionTimer] c.n.e.registry.AbstractInstanceRegistry  : Running the evict task with compensationTime 0ms
2026-08-10T08:58:35.360-06:00  INFO 2652 --- [discovery-service] [a-EvictionTimer] c.n.e.registry.AbstractInstanceRegistry  : Running the evict task with compensationTime 0ms
2026-08-10T08:58:40.360-06:00  INFO 2652 --- [discovery-service] [a-EvictionTimer] c.n.e.registry.AbstractInstanceRegistry  : Running the evict task with compensationTime 0ms
2026-08-10T08:58:45.360-06:00  INFO 2652 --- [discovery-service] [a-EvictionTimer] c.n.e.registry.AbstractInstanceRegistry  : Running the evict task with compensationTime 0ms
2026-08-10T08:58:50.361-06:00  INFO 2652 --- [discovery-service] [a-EvictionTimer] c.n.e.registry.AbstractInstanceRegistry  : Running the evict task with compensationTime 0ms
2026-08-10T08:58:55.362-06:00  INFO 2652 --- [discovery-service] [a-EvictionTimer] c.n.e.registry.AbstractInstanceRegistry  : Running the evict task with compensationTime 1ms
2026-08-10T08:59:00.362-06:00  INFO 2652 --- [discovery-service] [a-EvictionTimer] c.n.e.registry.AbstractInstanceRegistry  : Running the evict task with compensationTime 0ms
2026-08-10T08:59:05.363-06:00  INFO 2652 --- [discovery-service] [a-EvictionTimer] c.n.e.registry.AbstractInstanceRegistry  : Running the evict task with compensationTime 1ms
2026-08-10T08:59:10.364-06:00  INFO 2652 --- [discovery-service] [a-EvictionTimer] c.n.e.registry.AbstractInstanceRegistry  : Running the evict task with compensationTime 0ms
2026-08-10T08:59:15.364-06:00  INFO 2652 --- [discovery-service] [a-EvictionTimer] c.n.e.registry.AbstractInstanceRegistry  : Running the evict task with compensationTime 0ms
2026-08-10T08:59:20.364-06:00  INFO 2652 --- [discovery-service] [a-EvictionTimer] c.n.e.registry.AbstractInstanceRegistry  : Running the evict task with compensationTime 0ms
2026-08-10T08:59:25.365-06:00  INFO 2652 --- [discovery-service] [a-EvictionTimer] c.n.e.registry.AbstractInstanceRegistry  : Running the evict task with compensationTime 0ms
2026-08-10T08:59:30.365-06:00  INFO 2652 --- [discovery-service] [a-EvictionTimer] c.n.e.registry.AbstractInstanceRegistry  : Running the evict task with compensationTime 0ms
2026-08-10T08:59:35.365-06:00  INFO 2652 --- [discovery-service] [a-EvictionTimer] c.n.e.registry.AbstractInstanceRegistry  : Running the evict task with compensationTime 0ms
2026-08-10T08:59:40.365-06:00  INFO 2652 --- [discovery-service] [a-EvictionTimer] c.n.e.registry.AbstractInstanceRegistry  : Running the evict task with compensationTime 0ms
2026-08-10T08:59:45.366-06:00  INFO 2652 --- [discovery-service] [a-EvictionTimer] c.n.e.registry.AbstractInstanceRegistry  : Running the evict task with compensationTime 0ms
2026-08-10T08:59:50.366-06:00  INFO 2652 --- [discovery-service] [a-EvictionTimer] c.n.e.registry.AbstractInstanceRegistry  : Running the evict task with compensationTime 0ms
2026-08-10T08:59:55.367-06:00  INFO 2652 --- [discovery-service] [a-EvictionTimer] c.n.e.registry.AbstractInstanceRegistry  : Running the evict task with compensationTime 1ms
2026-08-10T09:00:00.368-06:00  INFO 2652 --- [discovery-service] [a-EvictionTimer] c.n.e.registry.AbstractInstanceRegistry  : Running the evict task with compensationTime 0ms
2026-08-10T09:00:05.368-06:00  INFO 2652 --- [discovery-service] [a-EvictionTimer] c.n.e.registry.AbstractInstanceRegistry  : Running the evict task with compensationTime 0ms
2026-08-10T09:00:10.369-06:00  INFO 2652 --- [discovery-service] [a-EvictionTimer] c.n.e.registry.AbstractInstanceRegistry  : Running the evict task with compensationTime 0ms
2026-08-10T09:00:15.382-06:00  INFO 2652 --- [discovery-service] [a-EvictionTimer] c.n.e.registry.AbstractInstanceRegistry  : Running the evict task with compensationTime 13ms
2026-08-10T09:00:20.397-06:00  INFO 2652 --- [discovery-service] [a-EvictionTimer] c.n.e.registry.AbstractInstanceRegistry  : Running the evict task with compensationTime 15ms
2026-08-10T09:00:25.405-06:00  INFO 2652 --- [discovery-service] [a-EvictionTimer] c.n.e.registry.AbstractInstanceRegistry  : Running the evict task with compensationTime 7ms
2026-08-10T09:00:30.417-06:00  INFO 2652 --- [discovery-service] [a-EvictionTimer] c.n.e.registry.AbstractInstanceRegistry  : Running the evict task with compensationTime 12ms
2026-08-10T09:00:35.421-06:00  INFO 2652 --- [discovery-service] [a-EvictionTimer] c.n.e.registry.AbstractInstanceRegistry  : Running the evict task with compensationTime 3ms
2026-08-10T09:00:40.431-06:00  INFO 2652 --- [discovery-service] [a-EvictionTimer] c.n.e.registry.AbstractInstanceRegistry  : Running the evict task with compensationTime 10ms
2026-08-10T09:00:45.432-06:00  INFO 2652 --- [discovery-service] [a-EvictionTimer] c.n.e.registry.AbstractInstanceRegistry  : Running the evict task with compensationTime 0ms
2026-08-10T09:00:50.433-06:00  INFO 2652 --- [discovery-service] [a-EvictionTimer] c.n.e.registry.AbstractInstanceRegistry  : Running the evict task with compensationTime 0ms
2026-08-10T09:00:55.433-06:00  INFO 2652 --- [discovery-service] [a-EvictionTimer] c.n.e.registry.AbstractInstanceRegistry  : Running the evict task with compensationTime 0ms
2026-08-10T09:01:00.434-06:00  INFO 2652 --- [discovery-service] [a-EvictionTimer] c.n.e.registry.AbstractInstanceRegistry  : Running the evict task with compensationTime 0ms
2026-08-10T09:01:05.435-06:00  INFO 2652 --- [discovery-service] [a-EvictionTimer] c.n.e.registry.AbstractInstanceRegistry  : Running the evict task with compensationTime 1ms
2026-08-10T09:01:10.436-06:00  INFO 2652 --- [discovery-service] [a-EvictionTimer] c.n.e.registry.AbstractInstanceRegistry  : Running the evict task with compensationTime 0ms
2026-08-10T09:01:15.437-06:00  INFO 2652 --- [discovery-service] [a-EvictionTimer] c.n.e.registry.AbstractInstanceRegistry  : Running the evict task with compensationTime 0ms
2026-08-10T09:01:20.438-06:00  INFO 2652 --- [discovery-service] [a-EvictionTimer] c.n.e.registry.AbstractInstanceRegistry  : Running the evict task with compensationTime 0ms
2026-08-10T09:01:25.439-06:00  INFO 2652 --- [discovery-service] [a-EvictionTimer] c.n.e.registry.AbstractInstanceRegistry  : Running the evict task with compensationTime 1ms
2026-08-10T09:01:30.439-06:00  INFO 2652 --- [discovery-service] [a-EvictionTimer] c.n.e.registry.AbstractInstanceRegistry  : Running the evict task with compensationTime 0ms
2026-08-10T09:01:35.440-06:00  INFO 2652 --- [discovery-service] [a-EvictionTimer] c.n.e.registry.AbstractInstanceRegistry  : Running the evict task with compensationTime 0ms
2026-08-10T09:01:40.441-06:00  INFO 2652 --- [discovery-service] [a-EvictionTimer] c.n.e.registry.AbstractInstanceRegistry  : Running the evict task with compensationTime 0ms
2026-08-10T09:01:45.442-06:00  INFO 2652 --- [discovery-service] [a-EvictionTimer] c.n.e.registry.AbstractInstanceRegistry  : Running the evict task with compensationTime 1ms
2026-08-10T09:01:50.443-06:00  INFO 2652 --- [discovery-service] [a-EvictionTimer] c.n.e.registry.AbstractInstanceRegistry  : Running the evict task with compensationTime 1ms
2026-08-10T09:01:55.443-06:00  INFO 2652 --- [discovery-service] [a-EvictionTimer] c.n.e.registry.AbstractInstanceRegistry  : Running the evict task with compensationTime 0ms
2026-08-10T09:02:00.443-06:00  INFO 2652 --- [discovery-service] [a-EvictionTimer] c.n.e.registry.AbstractInstanceRegistry  : Running the evict task with compensationTime 0ms
2026-08-10T09:02:05.444-06:00  INFO 2652 --- [discovery-service] [a-EvictionTimer] c.n.e.registry.AbstractInstanceRegistry  : Running the evict task with compensationTime 0ms
2026-08-10T09:02:10.445-06:00  INFO 2652 --- [discovery-service] [a-EvictionTimer] c.n.e.registry.AbstractInstanceRegistry  : Running the evict task with compensationTime 1ms
2026-08-10T09:02:15.446-06:00  INFO 2652 --- [discovery-service] [a-EvictionTimer] c.n.e.registry.AbstractInstanceRegistry  : Running the evict task with compensationTime 0ms
2026-08-10T09:02:20.446-06:00  INFO 2652 --- [discovery-service] [a-EvictionTimer] c.n.e.registry.AbstractInstanceRegistry  : Running the evict task with compensationTime 0ms
2026-08-10T09:02:25.447-06:00  INFO 2652 --- [discovery-service] [a-EvictionTimer] c.n.e.registry.AbstractInstanceRegistry  : Running the evict task with compensationTime 1ms
2026-08-10T09:02:30.448-06:00  INFO 2652 --- [discovery-service] [a-EvictionTimer] c.n.e.registry.AbstractInstanceRegistry  : Running the evict task with compensationTime 0ms
2026-08-10T09:02:35.448-06:00  INFO 2652 --- [discovery-service] [a-EvictionTimer] c.n.e.registry.AbstractInstanceRegistry  : Running the evict task with compensationTime 1ms
2026-08-10T09:02:40.449-06:00  INFO 2652 --- [discovery-service] [a-EvictionTimer] c.n.e.registry.AbstractInstanceRegistry  : Running the evict task with compensationTime 0ms
2026-08-10T09:02:45.450-06:00  INFO 2652 --- [discovery-service] [a-EvictionTimer] c.n.e.registry.AbstractInstanceRegistry  : Running the evict task with compensationTime 1ms
2026-08-10T09:02:50.451-06:00  INFO 2652 --- [discovery-service] [a-EvictionTimer] c.n.e.registry.AbstractInstanceRegistry  : Running the evict task with compensationTime 0ms
2026-08-10T09:02:55.451-06:00  INFO 2652 --- [discovery-service] [a-EvictionTimer] c.n.e.registry.AbstractInstanceRegistry  : Running the evict task with compensationTime 0ms
2026-08-10T09:02:59.959-06:00  WARN 2652 --- [discovery-service] [eerNodesUpdater] c.n.eureka.cluster.PeerEurekaNodes       : The replica size seems to be empty. Check the route 53 DNS Registry
2026-08-10T09:03:00.451-06:00  INFO 2652 --- [discovery-service] [a-EvictionTimer] c.n.e.registry.AbstractInstanceRegistry  : Running the evict task with compensationTime 0ms
2026-08-10T09:03:05.452-06:00  INFO 2652 --- [discovery-service] [a-EvictionTimer] c.n.e.registry.AbstractInstanceRegistry  : Running the evict task with compensationTime 0ms
2026-08-10T09:03:10.453-06:00  INFO 2652 --- [discovery-service] [a-EvictionTimer] c.n.e.registry.AbstractInstanceRegistry  : Running the evict task with compensationTime 1ms
2026-08-10T09:03:15.454-06:00  INFO 2652 --- [discovery-service] [a-EvictionTimer] c.n.e.registry.AbstractInstanceRegistry  : Running the evict task with compensationTime 0ms
2026-08-10T09:03:20.454-06:00  INFO 2652 --- [discovery-service] [a-EvictionTimer] c.n.e.registry.AbstractInstanceRegistry  : Running the evict task with compensationTime 0ms
2026-08-10T09:03:25.455-06:00  INFO 2652 --- [discovery-service] [a-EvictionTimer] c.n.e.registry.AbstractInstanceRegistry  : Running the evict task with compensationTime 0ms
2026-08-10T09:03:30.455-06:00  INFO 2652 --- [discovery-service] [a-EvictionTimer] c.n.e.registry.AbstractInstanceRegistry  : Running the evict task with compensationTime 1ms
2026-08-10T09:03:35.456-06:00  INFO 2652 --- [discovery-service] [a-EvictionTimer] c.n.e.registry.AbstractInstanceRegistry  : Running the evict task with compensationTime 0ms
2026-08-10T09:03:40.457-06:00  INFO 2652 --- [discovery-service] [a-EvictionTimer] c.n.e.registry.AbstractInstanceRegistry  : Running the evict task with compensationTime 0ms
2026-08-10T09:03:45.459-06:00  INFO 2652 --- [discovery-service] [a-EvictionTimer] c.n.e.registry.AbstractInstanceRegistry  : Running the evict task with compensationTime 1ms
2026-08-10T09:03:50.460-06:00  INFO 2652 --- [discovery-service] [a-EvictionTimer] c.n.e.registry.AbstractInstanceRegistry  : Running the evict task with compensationTime 0ms
2026-08-10T09:03:55.461-06:00  INFO 2652 --- [discovery-service] [a-EvictionTimer] c.n.e.registry.AbstractInstanceRegistry  : Running the evict task with compensationTime 1ms
2026-08-10T09:04:00.461-06:00  INFO 2652 --- [discovery-service] [a-EvictionTimer] c.n.e.registry.AbstractInstanceRegistry  : Running the evict task with compensationTime 0ms
2026-08-10T09:04:05.461-06:00  INFO 2652 --- [discovery-service] [a-EvictionTimer] c.n.e.registry.AbstractInstanceRegistry  : Running the evict task with compensationTime 0ms
2026-08-10T09:04:10.461-06:00  INFO 2652 --- [discovery-service] [a-EvictionTimer] c.n.e.registry.AbstractInstanceRegistry  : Running the evict task with compensationTime 0ms
2026-08-10T09:04:15.461-06:00  INFO 2652 --- [discovery-service] [a-EvictionTimer] c.n.e.registry.AbstractInstanceRegistry  : Running the evict task with compensationTime 0ms
2026-08-10T09:04:20.461-06:00  INFO 2652 --- [discovery-service] [a-EvictionTimer] c.n.e.registry.AbstractInstanceRegistry  : Running the evict task with compensationTime 0ms
2026-08-10T09:04:25.462-06:00  INFO 2652 --- [discovery-service] [a-EvictionTimer] c.n.e.registry.AbstractInstanceRegistry  : Running the evict task with compensationTime 1ms
2026-08-10T09:04:30.463-06:00  INFO 2652 --- [discovery-service] [a-EvictionTimer] c.n.e.registry.AbstractInstanceRegistry  : Running the evict task with compensationTime 0ms
2026-08-10T09:04:35.463-06:00  INFO 2652 --- [discovery-service] [a-EvictionTimer] c.n.e.registry.AbstractInstanceRegistry  : Running the evict task with compensationTime 0ms
2026-08-10T09:04:40.464-06:00  INFO 2652 --- [discovery-service] [a-EvictionTimer] c.n.e.registry.AbstractInstanceRegistry  : Running the evict task with compensationTime 1ms
2026-08-10T09:04:45.465-06:00  INFO 2652 --- [discovery-service] [a-EvictionTimer] c.n.e.registry.AbstractInstanceRegistry  : Running the evict task with compensationTime 0ms
2026-08-10T09:04:50.465-06:00  INFO 2652 --- [discovery-service] [a-EvictionTimer] c.n.e.registry.AbstractInstanceRegistry  : Running the evict task with compensationTime 0ms
2026-08-10T09:04:55.466-06:00  INFO 2652 --- [discovery-service] [a-EvictionTimer] c.n.e.registry.AbstractInstanceRegistry  : Running the evict task with compensationTime 0ms
2026-08-10T09:05:00.466-06:00  INFO 2652 --- [discovery-service] [a-EvictionTimer] c.n.e.registry.AbstractInstanceRegistry  : Running the evict task with compensationTime 0ms
2026-08-10T09:05:05.466-06:00  INFO 2652 --- [discovery-service] [a-EvictionTimer] c.n.e.registry.AbstractInstanceRegistry  : Running the evict task with compensationTime 0ms
2026-08-10T09:05:10.467-06:00  INFO 2652 --- [discovery-service] [a-EvictionTimer] c.n.e.registry.AbstractInstanceRegistry  : Running the evict task with compensationTime 0ms
2026-08-10T09:05:15.467-06:00  INFO 2652 --- [discovery-service] [a-EvictionTimer] c.n.e.registry.AbstractInstanceRegistry  : Running the evict task with compensationTime 0ms
2026-08-10T09:05:20.468-06:00  INFO 2652 --- [discovery-service] [a-EvictionTimer] c.n.e.registry.AbstractInstanceRegistry  : Running the evict task with compensationTime 0ms
2026-08-10T09:05:25.468-06:00  INFO 2652 --- [discovery-service] [a-EvictionTimer] c.n.e.registry.AbstractInstanceRegistry  : Running the evict task with compensationTime 0ms
2026-08-10T09:05:30.468-06:00  INFO 2652 --- [discovery-service] [a-EvictionTimer] c.n.e.registry.AbstractInstanceRegistry  : Running the evict task with compensationTime 0ms
2026-08-10T09:05:35.469-06:00  INFO 2652 --- [discovery-service] [a-EvictionTimer] c.n.e.registry.AbstractInstanceRegistry  : Running the evict task with compensationTime 0ms
2026-08-10T09:05:40.470-06:00  INFO 2652 --- [discovery-service] [a-EvictionTimer] c.n.e.registry.AbstractInstanceRegistry  : Running the evict task with compensationTime 1ms
2026-08-10T09:05:45.470-06:00  INFO 2652 --- [discovery-service] [a-EvictionTimer] c.n.e.registry.AbstractInstanceRegistry  : Running the evict task with compensationTime 0ms
2026-08-10T09:05:50.471-06:00  INFO 2652 --- [discovery-service] [a-EvictionTimer] c.n.e.registry.AbstractInstanceRegistry  : Running the evict task with compensationTime 0ms
2026-08-10T09:05:55.471-06:00  INFO 2652 --- [discovery-service] [a-EvictionTimer] c.n.e.registry.AbstractInstanceRegistry  : Running the evict task with compensationTime 0ms
2026-08-10T09:06:00.471-06:00  INFO 2652 --- [discovery-service] [a-EvictionTimer] c.n.e.registry.AbstractInstanceRegistry  : Running the evict task with compensationTime 0ms
2026-08-10T09:06:05.472-06:00  INFO 2652 --- [discovery-service] [a-EvictionTimer] c.n.e.registry.AbstractInstanceRegistry  : Running the evict task with compensationTime 0ms
2026-08-10T09:06:10.473-06:00  INFO 2652 --- [discovery-service] [a-EvictionTimer] c.n.e.registry.AbstractInstanceRegistry  : Running the evict task with compensationTime 0ms
2026-08-10T09:06:15.473-06:00  INFO 2652 --- [discovery-service] [a-EvictionTimer] c.n.e.registry.AbstractInstanceRegistry  : Running the evict task with compensationTime 0ms
2026-08-10T09:06:20.475-06:00  INFO 2652 --- [discovery-service] [a-EvictionTimer] c.n.e.registry.AbstractInstanceRegistry  : Running the evict task with compensationTime 1ms
2026-08-10T09:06:25.476-06:00  INFO 2652 --- [discovery-service] [a-EvictionTimer] c.n.e.registry.AbstractInstanceRegistry  : Running the evict task with compensationTime 0ms
2026-08-10T09:06:30.477-06:00  INFO 2652 --- [discovery-service] [a-EvictionTimer] c.n.e.registry.AbstractInstanceRegistry  : Running the evict task with compensationTime 0ms
2026-08-10T09:06:35.477-06:00  INFO 2652 --- [discovery-service] [a-EvictionTimer] c.n.e.registry.AbstractInstanceRegistry  : Running the evict task with compensationTime 0ms
2026-08-10T09:06:40.477-06:00  INFO 2652 --- [discovery-service] [a-EvictionTimer] c.n.e.registry.AbstractInstanceRegistry  : Running the evict task with compensationTime 0ms
2026-08-10T09:06:45.477-06:00  INFO 2652 --- [discovery-service] [a-EvictionTimer] c.n.e.registry.AbstractInstanceRegistry  : Running the evict task with compensationTime 0ms
2026-08-10T09:06:50.477-06:00  INFO 2652 --- [discovery-service] [a-EvictionTimer] c.n.e.registry.AbstractInstanceRegistry  : Running the evict task with compensationTime 0ms
2026-08-10T09:06:55.477-06:00  INFO 2652 --- [discovery-service] [a-EvictionTimer] c.n.e.registry.AbstractInstanceRegistry  : Running the evict task with compensationTime 0ms
2026-08-10T09:06:59.206-06:00  INFO 2652 --- [discovery-service] [nio-8761-exec-4] c.n.e.registry.AbstractInstanceRegistry  : Registered instance SEARCH-SERVICE/PC-Sergio.mshome.net:search-service:8084 with status UP (replication=false)
2026-08-10T09:07:00.478-06:00  INFO 2652 --- [discovery-service] [a-EvictionTimer] c.n.e.registry.AbstractInstanceRegistry  : Running the evict task with compensationTime 0ms
2026-08-10T09:07:05.479-06:00  INFO 2652 --- [discovery-service] [a-EvictionTimer] c.n.e.registry.AbstractInstanceRegistry  : Running the evict task with compensationTime 0ms
2026-08-10T09:07:10.480-06:00  INFO 2652 --- [discovery-service] [a-EvictionTimer] c.n.e.registry.AbstractInstanceRegistry  : Running the evict task with compensationTime 0ms
2026-08-10T09:07:15.480-06:00  INFO 2652 --- [discovery-service] [a-EvictionTimer] c.n.e.registry.AbstractInstanceRegistry  : Running the evict task with compensationTime 0ms
2026-08-10T09:07:20.481-06:00  INFO 2652 --- [discovery-service] [a-EvictionTimer] c.n.e.registry.AbstractInstanceRegistry  : Running the evict task with compensationTime 0ms
2026-08-10T09:07:25.481-06:00  INFO 2652 --- [discovery-service] [a-EvictionTimer] c.n.e.registry.AbstractInstanceRegistry  : Running the evict task with compensationTime 0ms
2026-08-10T09:07:30.481-06:00  INFO 2652 --- [discovery-service] [a-EvictionTimer] c.n.e.registry.AbstractInstanceRegistry  : Running the evict task with compensationTime 0ms
2026-08-10T09:07:35.481-06:00  INFO 2652 --- [discovery-service] [a-EvictionTimer] c.n.e.registry.AbstractInstanceRegistry  : Running the evict task with compensationTime 0ms
2026-08-10T09:07:40.482-06:00  INFO 2652 --- [discovery-service] [a-EvictionTimer] c.n.e.registry.AbstractInstanceRegistry  : Running the evict task with compensationTime 0ms
2026-08-10T09:07:45.482-06:00  INFO 2652 --- [discovery-service] [a-EvictionTimer] c.n.e.registry.AbstractInstanceRegistry  : Running the evict task with compensationTime 0ms
2026-08-10T09:07:50.482-06:00  INFO 2652 --- [discovery-service] [a-EvictionTimer] c.n.e.registry.AbstractInstanceRegistry  : Running the evict task with compensationTime 0ms
2026-08-10T09:07:55.482-06:00  INFO 2652 --- [discovery-service] [a-EvictionTimer] c.n.e.registry.AbstractInstanceRegistry  : Running the evict task with compensationTime 0ms
2026-08-10T09:08:00.483-06:00  INFO 2652 --- [discovery-service] [a-EvictionTimer] c.n.e.registry.AbstractInstanceRegistry  : Running the evict task with compensationTime 0ms
2026-08-10T09:08:05.483-06:00  INFO 2652 --- [discovery-service] [a-EvictionTimer] c.n.e.registry.AbstractInstanceRegistry  : Running the evict task with compensationTime 1ms
2026-08-10T09:08:10.484-06:00  INFO 2652 --- [discovery-service] [a-EvictionTimer] c.n.e.registry.AbstractInstanceRegistry  : Running the evict task with compensationTime 0ms
2026-08-10T09:08:15.484-06:00  INFO 2652 --- [discovery-service] [a-EvictionTimer] c.n.e.registry.AbstractInstanceRegistry  : Running the evict task with compensationTime 0ms
2026-08-10T09:08:20.485-06:00  INFO 2652 --- [discovery-service] [a-EvictionTimer] c.n.e.registry.AbstractInstanceRegistry  : Running the evict task with compensationTime 0ms
2026-08-10T09:08:25.486-06:00  INFO 2652 --- [discovery-service] [a-EvictionTimer] c.n.e.registry.AbstractInstanceRegistry  : Running the evict task with compensationTime 0ms
2026-08-10T09:08:30.486-06:00  INFO 2652 --- [discovery-service] [a-EvictionTimer] c.n.e.registry.AbstractInstanceRegistry  : Running the evict task with compensationTime 0ms
2026-08-10T09:08:35.486-06:00  INFO 2652 --- [discovery-service] [a-EvictionTimer] c.n.e.registry.AbstractInstanceRegistry  : Running the evict task with compensationTime 0ms
2026-08-10T09:08:40.487-06:00  INFO 2652 --- [discovery-service] [a-EvictionTimer] c.n.e.registry.AbstractInstanceRegistry  : Running the evict task with compensationTime 0ms
2026-08-10T09:08:45.488-06:00  INFO 2652 --- [discovery-service] [a-EvictionTimer] c.n.e.registry.AbstractInstanceRegistry  : Running the evict task with compensationTime 0ms
2026-08-10T09:08:50.489-06:00  INFO 2652 --- [discovery-service] [a-EvictionTimer] c.n.e.registry.AbstractInstanceRegistry  : Running the evict task with compensationTime 1ms
2026-08-10T09:08:55.489-06:00  INFO 2652 --- [discovery-service] [a-EvictionTimer] c.n.e.registry.AbstractInstanceRegistry  : Running the evict task with compensationTime 0ms
2026-08-10T09:09:00.490-06:00  INFO 2652 --- [discovery-service] [a-EvictionTimer] c.n.e.registry.AbstractInstanceRegistry  : Running the evict task with compensationTime 0ms
2026-08-10T09:09:05.490-06:00  INFO 2652 --- [discovery-service] [a-EvictionTimer] c.n.e.registry.AbstractInstanceRegistry  : Running the evict task with compensationTime 0ms
2026-08-10T09:09:10.491-06:00  INFO 2652 --- [discovery-service] [a-EvictionTimer] c.n.e.registry.AbstractInstanceRegistry  : Running the evict task with compensationTime 0ms
2026-08-10T09:09:15.491-06:00  INFO 2652 --- [discovery-service] [a-EvictionTimer] c.n.e.registry.AbstractInstanceRegistry  : Running the evict task with compensationTime 0ms
2026-08-10T09:09:20.491-06:00  INFO 2652 --- [discovery-service] [a-EvictionTimer] c.n.e.registry.AbstractInstanceRegistry  : Running the evict task with compensationTime 0ms
2026-08-10T09:09:25.492-06:00  INFO 2652 --- [discovery-service] [a-EvictionTimer] c.n.e.registry.AbstractInstanceRegistry  : Running the evict task with compensationTime 0ms
2026-08-10T09:09:30.492-06:00  INFO 2652 --- [discovery-service] [a-EvictionTimer] c.n.e.registry.AbstractInstanceRegistry  : Running the evict task with compensationTime 0ms
2026-08-10T09:09:35.492-06:00  INFO 2652 --- [discovery-service] [a-EvictionTimer] c.n.e.registry.AbstractInstanceRegistry  : Running the evict task with compensationTime 0ms
2026-08-10T09:09:40.492-06:00  INFO 2652 --- [discovery-service] [a-EvictionTimer] c.n.e.registry.AbstractInstanceRegistry  : Running the evict task with compensationTime 0ms
2026-08-10T09:09:45.493-06:00  INFO 2652 --- [discovery-service] [a-EvictionTimer] c.n.e.registry.AbstractInstanceRegistry  : Running the evict task with compensationTime 0ms
2026-08-10T09:09:50.493-06:00  INFO 2652 --- [discovery-service] [a-EvictionTimer] c.n.e.registry.AbstractInstanceRegistry  : Running the evict task with compensationTime 0ms
2026-08-10T09:09:55.493-06:00  INFO 2652 --- [discovery-service] [a-EvictionTimer] c.n.e.registry.AbstractInstanceRegistry  : Running the evict task with compensationTime 0ms
2026-08-10T09:10:00.493-06:00  INFO 2652 --- [discovery-service] [a-EvictionTimer] c.n.e.registry.AbstractInstanceRegistry  : Running the evict task with compensationTime 0ms
2026-08-10T09:10:05.494-06:00  INFO 2652 --- [discovery-service] [a-EvictionTimer] c.n.e.registry.AbstractInstanceRegistry  : Running the evict task with compensationTime 0ms
2026-08-10T09:10:10.494-06:00  INFO 2652 --- [discovery-service] [a-EvictionTimer] c.n.e.registry.AbstractInstanceRegistry  : Running the evict task with compensationTime 0ms
2026-08-10T09:10:15.494-06:00  INFO 2652 --- [discovery-service] [a-EvictionTimer] c.n.e.registry.AbstractInstanceRegistry  : Running the evict task with compensationTime 0ms
2026-08-10T09:10:20.494-06:00  INFO 2652 --- [discovery-service] [a-EvictionTimer] c.n.e.registry.AbstractInstanceRegistry  : Running the evict task with compensationTime 0ms
2026-08-10T09:10:25.495-06:00  INFO 2652 --- [discovery-service] [a-EvictionTimer] c.n.e.registry.AbstractInstanceRegistry  : Running the evict task with compensationTime 0ms
2026-08-10T09:10:30.497-06:00  INFO 2652 --- [discovery-service] [a-EvictionTimer] c.n.e.registry.AbstractInstanceRegistry  : Running the evict task with compensationTime 2ms
2026-08-10T09:10:35.497-06:00  INFO 2652 --- [discovery-service] [a-EvictionTimer] c.n.e.registry.AbstractInstanceRegistry  : Running the evict task with compensationTime 0ms
2026-08-10T09:10:40.498-06:00  INFO 2652 --- [discovery-service] [a-EvictionTimer] c.n.e.registry.AbstractInstanceRegistry  : Running the evict task with compensationTime 0ms
2026-08-10T09:10:45.499-06:00  INFO 2652 --- [discovery-service] [a-EvictionTimer] c.n.e.registry.AbstractInstanceRegistry  : Running the evict task with compensationTime 0ms
2026-08-10T09:10:50.499-06:00  INFO 2652 --- [discovery-service] [a-EvictionTimer] c.n.e.registry.AbstractInstanceRegistry  : Running the evict task with compensationTime 0ms
2026-08-10T09:10:55.499-06:00  INFO 2652 --- [discovery-service] [a-EvictionTimer] c.n.e.registry.AbstractInstanceRegistry  : Running the evict task with compensationTime 0ms
2026-08-10T09:11:00.499-06:00  INFO 2652 --- [discovery-service] [a-EvictionTimer] c.n.e.registry.AbstractInstanceRegistry  : Running the evict task with compensationTime 0ms
2026-08-10T09:11:05.499-06:00  INFO 2652 --- [discovery-service] [a-EvictionTimer] c.n.e.registry.AbstractInstanceRegistry  : Running the evict task with compensationTime 0ms
2026-08-10T09:11:10.499-06:00  INFO 2652 --- [discovery-service] [a-EvictionTimer] c.n.e.registry.AbstractInstanceRegistry  : Running the evict task with compensationTime 0ms
2026-08-10T09:11:15.500-06:00  INFO 2652 --- [discovery-service] [a-EvictionTimer] c.n.e.registry.AbstractInstanceRegistry  : Running the evict task with compensationTime 0ms
2026-08-10T09:11:20.500-06:00  INFO 2652 --- [discovery-service] [a-EvictionTimer] c.n.e.registry.AbstractInstanceRegistry  : Running the evict task with compensationTime 0ms
2026-08-10T09:11:25.501-06:00  INFO 2652 --- [discovery-service] [a-EvictionTimer] c.n.e.registry.AbstractInstanceRegistry  : Running the evict task with compensationTime 0ms
2026-08-10T09:11:30.501-06:00  INFO 2652 --- [discovery-service] [a-EvictionTimer] c.n.e.registry.AbstractInstanceRegistry  : Running the evict task with compensationTime 0ms
2026-08-10T09:11:35.502-06:00  INFO 2652 --- [discovery-service] [a-EvictionTimer] c.n.e.registry.AbstractInstanceRegistry  : Running the evict task with compensationTime 0ms
2026-08-10T09:11:40.502-06:00  INFO 2652 --- [discovery-service] [a-EvictionTimer] c.n.e.registry.AbstractInstanceRegistry  : Running the evict task with compensationTime 0ms
2026-08-10T09:11:45.503-06:00  INFO 2652 --- [discovery-service] [a-EvictionTimer] c.n.e.registry.AbstractInstanceRegistry  : Running the evict task with compensationTime 0ms
2026-08-10T09:11:50.504-06:00  INFO 2652 --- [discovery-service] [a-EvictionTimer] c.n.e.registry.AbstractInstanceRegistry  : Running the evict task with compensationTime 0ms
2026-08-10T09:11:55.504-06:00  INFO 2652 --- [discovery-service] [a-EvictionTimer] c.n.e.registry.AbstractInstanceRegistry  : Running the evict task with compensationTime 0ms
2026-08-10T09:12:00.505-06:00  INFO 2652 --- [discovery-service] [a-EvictionTimer] c.n.e.registry.AbstractInstanceRegistry  : Running the evict task with compensationTime 0ms
2026-08-10T09:12:05.505-06:00  INFO 2652 --- [discovery-service] [a-EvictionTimer] c.n.e.registry.AbstractInstanceRegistry  : Running the evict task with compensationTime 0ms
2026-08-10T09:12:10.506-06:00  INFO 2652 --- [discovery-service] [a-EvictionTimer] c.n.e.registry.AbstractInstanceRegistry  : Running the evict task with compensationTime 0ms
2026-08-10T09:12:15.506-06:00  INFO 2652 --- [discovery-service] [a-EvictionTimer] c.n.e.registry.AbstractInstanceRegistry  : Running the evict task with compensationTime 0ms
2026-08-10T09:12:20.508-06:00  INFO 2652 --- [discovery-service] [a-EvictionTimer] c.n.e.registry.AbstractInstanceRegistry  : Running the evict task with compensationTime 1ms
2026-08-10T09:12:25.508-06:00  INFO 2652 --- [discovery-service] [a-EvictionTimer] c.n.e.registry.AbstractInstanceRegistry  : Running the evict task with compensationTime 0ms
2026-08-10T09:12:30.508-06:00  INFO 2652 --- [discovery-service] [a-EvictionTimer] c.n.e.registry.AbstractInstanceRegistry  : Running the evict task with compensationTime 0ms
2026-08-10T09:12:35.509-06:00  INFO 2652 --- [discovery-service] [a-EvictionTimer] c.n.e.registry.AbstractInstanceRegistry  : Running the evict task with compensationTime 0ms
2026-08-10T09:12:40.509-06:00  INFO 2652 --- [discovery-service] [a-EvictionTimer] c.n.e.registry.AbstractInstanceRegistry  : Running the evict task with compensationTime 0ms
2026-08-10T09:12:45.510-06:00  INFO 2652 --- [discovery-service] [a-EvictionTimer] c.n.e.registry.AbstractInstanceRegistry  : Running the evict task with compensationTime 0ms
2026-08-10T09:12:50.512-06:00  INFO 2652 --- [discovery-service] [a-EvictionTimer] c.n.e.registry.AbstractInstanceRegistry  : Running the evict task with compensationTime 1ms
2026-08-10T09:12:55.510-06:00  INFO 2652 --- [discovery-service] [a-EvictionTimer] c.n.e.registry.AbstractInstanceRegistry  : Running the evict task with compensationTime 0ms
2026-08-10T09:12:59.963-06:00  WARN 2652 --- [discovery-service] [eerNodesUpdater] c.n.eureka.cluster.PeerEurekaNodes       : The replica size seems to be empty. Check the route 53 DNS Registry
2026-08-10T09:12:59.999-06:00  INFO 2652 --- [discovery-service] [hresholdUpdater] c.n.e.r.PeerAwareInstanceRegistryImpl    : Current renewal threshold is : 3
2026-08-10T09:13:00.511-06:00  INFO 2652 --- [discovery-service] [a-EvictionTimer] c.n.e.registry.AbstractInstanceRegistry  : Running the evict task with compensationTime 0ms
2026-08-10T09:13:05.511-06:00  INFO 2652 --- [discovery-service] [a-EvictionTimer] c.n.e.registry.AbstractInstanceRegistry  : Running the evict task with compensationTime 0ms
2026-08-10T09:13:10.512-06:00  INFO 2652 --- [discovery-service] [a-EvictionTimer] c.n.e.registry.AbstractInstanceRegistry  : Running the evict task with compensationTime 0ms
2026-08-10T09:13:15.512-06:00  INFO 2652 --- [discovery-service] [a-EvictionTimer] c.n.e.registry.AbstractInstanceRegistry  : Running the evict task with compensationTime 0ms
2026-08-10T09:13:20.512-06:00  INFO 2652 --- [discovery-service] [a-EvictionTimer] c.n.e.registry.AbstractInstanceRegistry  : Running the evict task with compensationTime 0ms
2026-08-10T09:13:25.512-06:00  INFO 2652 --- [discovery-service] [a-EvictionTimer] c.n.e.registry.AbstractInstanceRegistry  : Running the evict task with compensationTime 0ms
2026-08-10T09:13:30.513-06:00  INFO 2652 --- [discovery-service] [a-EvictionTimer] c.n.e.registry.AbstractInstanceRegistry  : Running the evict task with compensationTime 0ms
2026-08-10T09:13:35.514-06:00  INFO 2652 --- [discovery-service] [a-EvictionTimer] c.n.e.registry.AbstractInstanceRegistry  : Running the evict task with compensationTime 0ms
2026-08-10T09:13:40.514-06:00  INFO 2652 --- [discovery-service] [a-EvictionTimer] c.n.e.registry.AbstractInstanceRegistry  : Running the evict task with compensationTime 0ms
2026-08-10T09:13:45.515-06:00  INFO 2652 --- [discovery-service] [a-EvictionTimer] c.n.e.registry.AbstractInstanceRegistry  : Running the evict task with compensationTime 0ms
2026-08-10T09:13:50.516-06:00  INFO 2652 --- [discovery-service] [a-EvictionTimer] c.n.e.registry.AbstractInstanceRegistry  : Running the evict task with compensationTime 1ms
2026-08-10T09:13:55.517-06:00  INFO 2652 --- [discovery-service] [a-EvictionTimer] c.n.e.registry.AbstractInstanceRegistry  : Running the evict task with compensationTime 0ms
2026-08-10T09:14:00.518-06:00  INFO 2652 --- [discovery-service] [a-EvictionTimer] c.n.e.registry.AbstractInstanceRegistry  : Running the evict task with compensationTime 0ms
2026-08-10T09:14:05.518-06:00  INFO 2652 --- [discovery-service] [a-EvictionTimer] c.n.e.registry.AbstractInstanceRegistry  : Running the evict task with compensationTime 0ms
2026-08-10T09:14:10.518-06:00  INFO 2652 --- [discovery-service] [a-EvictionTimer] c.n.e.registry.AbstractInstanceRegistry  : Running the evict task with compensationTime 0ms
2026-08-10T09:14:15.518-06:00  INFO 2652 --- [discovery-service] [a-EvictionTimer] c.n.e.registry.AbstractInstanceRegistry  : Running the evict task with compensationTime 0ms
2026-08-10T09:14:20.518-06:00  INFO 2652 --- [discovery-service] [a-EvictionTimer] c.n.e.registry.AbstractInstanceRegistry  : Running the evict task with compensationTime 0ms
2026-08-10T09:14:25.519-06:00  INFO 2652 --- [discovery-service] [a-EvictionTimer] c.n.e.registry.AbstractInstanceRegistry  : Running the evict task with compensationTime 0ms
2026-08-10T09:14:30.519-06:00  INFO 2652 --- [discovery-service] [a-EvictionTimer] c.n.e.registry.AbstractInstanceRegistry  : Running the evict task with compensationTime 0ms
2026-08-10T09:14:35.519-06:00  INFO 2652 --- [discovery-service] [a-EvictionTimer] c.n.e.registry.AbstractInstanceRegistry  : Running the evict task with compensationTime 0ms
2026-08-10T09:14:40.520-06:00  INFO 2652 --- [discovery-service] [a-EvictionTimer] c.n.e.registry.AbstractInstanceRegistry  : Running the evict task with compensationTime 0ms
2026-08-10T09:14:45.521-06:00  INFO 2652 --- [discovery-service] [a-EvictionTimer] c.n.e.registry.AbstractInstanceRegistry  : Running the evict task with compensationTime 1ms
2026-08-10T09:14:50.522-06:00  INFO 2652 --- [discovery-service] [a-EvictionTimer] c.n.e.registry.AbstractInstanceRegistry  : Running the evict task with compensationTime 0ms
2026-08-10T09:14:55.523-06:00  INFO 2652 --- [discovery-service] [a-EvictionTimer] c.n.e.registry.AbstractInstanceRegistry  : Running the evict task with compensationTime 1ms
2026-08-10T09:15:00.523-06:00  INFO 2652 --- [discovery-service] [a-EvictionTimer] c.n.e.registry.AbstractInstanceRegistry  : Running the evict task with compensationTime 0ms
2026-08-10T09:15:05.523-06:00  INFO 2652 --- [discovery-service] [a-EvictionTimer] c.n.e.registry.AbstractInstanceRegistry  : Running the evict task with compensationTime 0ms
2026-08-10T09:15:10.524-06:00  INFO 2652 --- [discovery-service] [a-EvictionTimer] c.n.e.registry.AbstractInstanceRegistry  : Running the evict task with compensationTime 0ms
2026-08-10T09:15:15.525-06:00  INFO 2652 --- [discovery-service] [a-EvictionTimer] c.n.e.registry.AbstractInstanceRegistry  : Running the evict task with compensationTime 0ms
2026-08-10T09:15:20.526-06:00  INFO 2652 --- [discovery-service] [a-EvictionTimer] c.n.e.registry.AbstractInstanceRegistry  : Running the evict task with compensationTime 1ms
2026-08-10T09:15:25.527-06:00  INFO 2652 --- [discovery-service] [a-EvictionTimer] c.n.e.registry.AbstractInstanceRegistry  : Running the evict task with compensationTime 0ms
2026-08-10T09:15:30.528-06:00  INFO 2652 --- [discovery-service] [a-EvictionTimer] c.n.e.registry.AbstractInstanceRegistry  : Running the evict task with compensationTime 0ms
2026-08-10T09:15:35.528-06:00  INFO 2652 --- [discovery-service] [a-EvictionTimer] c.n.e.registry.AbstractInstanceRegistry  : Running the evict task with compensationTime 0ms
2026-08-10T09:15:40.529-06:00  INFO 2652 --- [discovery-service] [a-EvictionTimer] c.n.e.registry.AbstractInstanceRegistry  : Running the evict task with compensationTime 0ms
2026-08-10T09:15:45.529-06:00  INFO 2652 --- [discovery-service] [a-EvictionTimer] c.n.e.registry.AbstractInstanceRegistry  : Running the evict task with compensationTime 0ms
2026-08-10T09:15:50.529-06:00  INFO 2652 --- [discovery-service] [a-EvictionTimer] c.n.e.registry.AbstractInstanceRegistry  : Running the evict task with compensationTime 0ms
2026-08-10T09:15:55.529-06:00  INFO 2652 --- [discovery-service] [a-EvictionTimer] c.n.e.registry.AbstractInstanceRegistry  : Running the evict task with compensationTime 0ms
2026-08-10T09:16:00.530-06:00  INFO 2652 --- [discovery-service] [a-EvictionTimer] c.n.e.registry.AbstractInstanceRegistry  : Running the evict task with compensationTime 0ms
2026-08-10T09:16:05.531-06:00  INFO 2652 --- [discovery-service] [a-EvictionTimer] c.n.e.registry.AbstractInstanceRegistry  : Running the evict task with compensationTime 1ms
2026-08-10T09:16:10.531-06:00  INFO 2652 --- [discovery-service] [a-EvictionTimer] c.n.e.registry.AbstractInstanceRegistry  : Running the evict task with compensationTime 0ms
2026-08-10T09:16:15.531-06:00  INFO 2652 --- [discovery-service] [a-EvictionTimer] c.n.e.registry.AbstractInstanceRegistry  : Running the evict task with compensationTime 0ms
2026-08-10T09:16:20.532-06:00  INFO 2652 --- [discovery-service] [a-EvictionTimer] c.n.e.registry.AbstractInstanceRegistry  : Running the evict task with compensationTime 0ms
2026-08-10T09:16:25.533-06:00  INFO 2652 --- [discovery-service] [a-EvictionTimer] c.n.e.registry.AbstractInstanceRegistry  : Running the evict task with compensationTime 1ms
2026-08-10T09:16:30.533-06:00  INFO 2652 --- [discovery-service] [a-EvictionTimer] c.n.e.registry.AbstractInstanceRegistry  : Running the evict task with compensationTime 0ms
2026-08-10T09:16:35.533-06:00  INFO 2652 --- [discovery-service] [a-EvictionTimer] c.n.e.registry.AbstractInstanceRegistry  : Running the evict task with compensationTime 0ms
2026-08-10T09:16:40.534-06:00  INFO 2652 --- [discovery-service] [a-EvictionTimer] c.n.e.registry.AbstractInstanceRegistry  : Running the evict task with compensationTime 0ms
2026-08-10T09:16:45.534-06:00  INFO 2652 --- [discovery-service] [a-EvictionTimer] c.n.e.registry.AbstractInstanceRegistry  : Running the evict task with compensationTime 0ms
2026-08-10T09:16:50.534-06:00  INFO 2652 --- [discovery-service] [a-EvictionTimer] c.n.e.registry.AbstractInstanceRegistry  : Running the evict task with compensationTime 0ms
2026-08-10T09:16:55.534-06:00  INFO 2652 --- [discovery-service] [a-EvictionTimer] c.n.e.registry.AbstractInstanceRegistry  : Running the evict task with compensationTime 0ms
2026-08-10T09:17:00.534-06:00  INFO 2652 --- [discovery-service] [a-EvictionTimer] c.n.e.registry.AbstractInstanceRegistry  : Running the evict task with compensationTime 0ms
2026-08-10T09:17:05.535-06:00  INFO 2652 --- [discovery-service] [a-EvictionTimer] c.n.e.registry.AbstractInstanceRegistry  : Running the evict task with compensationTime 0ms
2026-08-10T09:17:10.535-06:00  INFO 2652 --- [discovery-service] [a-EvictionTimer] c.n.e.registry.AbstractInstanceRegistry  : Running the evict task with compensationTime 0ms
2026-08-10T09:17:15.535-06:00  INFO 2652 --- [discovery-service] [a-EvictionTimer] c.n.e.registry.AbstractInstanceRegistry  : Running the evict task with compensationTime 0ms
2026-08-10T09:17:20.536-06:00  INFO 2652 --- [discovery-service] [a-EvictionTimer] c.n.e.registry.AbstractInstanceRegistry  : Running the evict task with compensationTime 0ms
2026-08-10T09:17:25.536-06:00  INFO 2652 --- [discovery-service] [a-EvictionTimer] c.n.e.registry.AbstractInstanceRegistry  : Running the evict task with compensationTime 0ms
2026-08-10T09:17:30.537-06:00  INFO 2652 --- [discovery-service] [a-EvictionTimer] c.n.e.registry.AbstractInstanceRegistry  : Running the evict task with compensationTime 0ms
2026-08-10T09:17:35.537-06:00  INFO 2652 --- [discovery-service] [a-EvictionTimer] c.n.e.registry.AbstractInstanceRegistry  : Running the evict task with compensationTime 0ms
2026-08-10T09:17:40.538-06:00  INFO 2652 --- [discovery-service] [a-EvictionTimer] c.n.e.registry.AbstractInstanceRegistry  : Running the evict task with compensationTime 1ms
2026-08-10T09:17:45.538-06:00  INFO 2652 --- [discovery-service] [a-EvictionTimer] c.n.e.registry.AbstractInstanceRegistry  : Running the evict task with compensationTime 0ms
2026-08-10T09:17:50.538-06:00  INFO 2652 --- [discovery-service] [a-EvictionTimer] c.n.e.registry.AbstractInstanceRegistry  : Running the evict task with compensationTime 0ms
2026-08-10T09:17:55.539-06:00  INFO 2652 --- [discovery-service] [a-EvictionTimer] c.n.e.registry.AbstractInstanceRegistry  : Running the evict task with compensationTime 1ms
2026-08-10T09:18:00.540-06:00  INFO 2652 --- [discovery-service] [a-EvictionTimer] c.n.e.registry.AbstractInstanceRegistry  : Running the evict task with compensationTime 0ms
2026-08-10T09:18:05.541-06:00  INFO 2652 --- [discovery-service] [a-EvictionTimer] c.n.e.registry.AbstractInstanceRegistry  : Running the evict task with compensationTime 1ms
2026-08-10T09:18:10.541-06:00  INFO 2652 --- [discovery-service] [a-EvictionTimer] c.n.e.registry.AbstractInstanceRegistry  : Running the evict task with compensationTime 0ms
2026-08-10T09:18:15.542-06:00  INFO 2652 --- [discovery-service] [a-EvictionTimer] c.n.e.registry.AbstractInstanceRegistry  : Running the evict task with compensationTime 0ms
2026-08-10T09:18:20.542-06:00  INFO 2652 --- [discovery-service] [a-EvictionTimer] c.n.e.registry.AbstractInstanceRegistry  : Running the evict task with compensationTime 1ms
2026-08-10T09:18:25.543-06:00  INFO 2652 --- [discovery-service] [a-EvictionTimer] c.n.e.registry.AbstractInstanceRegistry  : Running the evict task with compensationTime 0ms
2026-08-10T09:18:30.544-06:00  INFO 2652 --- [discovery-service] [a-EvictionTimer] c.n.e.registry.AbstractInstanceRegistry  : Running the evict task with compensationTime 0ms
2026-08-10T09:18:35.544-06:00  INFO 2652 --- [discovery-service] [a-EvictionTimer] c.n.e.registry.AbstractInstanceRegistry  : Running the evict task with compensationTime 0ms
2026-08-10T09:18:40.545-06:00  INFO 2652 --- [discovery-service] [a-EvictionTimer] c.n.e.registry.AbstractInstanceRegistry  : Running the evict task with compensationTime 1ms
2026-08-10T09:18:45.546-06:00  INFO 2652 --- [discovery-service] [a-EvictionTimer] c.n.e.registry.AbstractInstanceRegistry  : Running the evict task with compensationTime 1ms
2026-08-10T09:18:50.546-06:00  INFO 2652 --- [discovery-service] [a-EvictionTimer] c.n.e.registry.AbstractInstanceRegistry  : Running the evict task with compensationTime 0ms
2026-08-10T09:18:55.547-06:00  INFO 2652 --- [discovery-service] [a-EvictionTimer] c.n.e.registry.AbstractInstanceRegistry  : Running the evict task with compensationTime 0ms
2026-08-10T09:19:00.547-06:00  INFO 2652 --- [discovery-service] [a-EvictionTimer] c.n.e.registry.AbstractInstanceRegistry  : Running the evict task with compensationTime 0ms
2026-08-10T09:19:05.548-06:00  INFO 2652 --- [discovery-service] [a-EvictionTimer] c.n.e.registry.AbstractInstanceRegistry  : Running the evict task with compensationTime 0ms
2026-08-10T09:19:10.548-06:00  INFO 2652 --- [discovery-service] [a-EvictionTimer] c.n.e.registry.AbstractInstanceRegistry  : Running the evict task with compensationTime 0ms
2026-08-10T09:19:15.549-06:00  INFO 2652 --- [discovery-service] [a-EvictionTimer] c.n.e.registry.AbstractInstanceRegistry  : Running the evict task with compensationTime 1ms
2026-08-10T09:19:20.550-06:00  INFO 2652 --- [discovery-service] [a-EvictionTimer] c.n.e.registry.AbstractInstanceRegistry  : Running the evict task with compensationTime 0ms
2026-08-10T09:19:25.550-06:00  INFO 2652 --- [discovery-service] [a-EvictionTimer] c.n.e.registry.AbstractInstanceRegistry  : Running the evict task with compensationTime 0ms
2026-08-10T09:19:30.551-06:00  INFO 2652 --- [discovery-service] [a-EvictionTimer] c.n.e.registry.AbstractInstanceRegistry  : Running the evict task with compensationTime 0ms
2026-08-10T09:19:35.552-06:00  INFO 2652 --- [discovery-service] [a-EvictionTimer] c.n.e.registry.AbstractInstanceRegistry  : Running the evict task with compensationTime 0ms
2026-08-10T09:19:40.553-06:00  INFO 2652 --- [discovery-service] [a-EvictionTimer] c.n.e.registry.AbstractInstanceRegistry  : Running the evict task with compensationTime 0ms
2026-08-10T09:19:45.554-06:00  INFO 2652 --- [discovery-service] [a-EvictionTimer] c.n.e.registry.AbstractInstanceRegistry  : Running the evict task with compensationTime 0ms
2026-08-10T09:19:50.554-06:00  INFO 2652 --- [discovery-service] [a-EvictionTimer] c.n.e.registry.AbstractInstanceRegistry  : Running the evict task with compensationTime 0ms
2026-08-10T09:19:55.555-06:00  INFO 2652 --- [discovery-service] [a-EvictionTimer] c.n.e.registry.AbstractInstanceRegistry  : Running the evict task with compensationTime 0ms
2026-08-10T09:20:00.556-06:00  INFO 2652 --- [discovery-service] [a-EvictionTimer] c.n.e.registry.AbstractInstanceRegistry  : Running the evict task with compensationTime 0ms
2026-08-10T09:20:05.557-06:00  INFO 2652 --- [discovery-service] [a-EvictionTimer] c.n.e.registry.AbstractInstanceRegistry  : Running the evict task with compensationTime 1ms
2026-08-10T09:20:10.558-06:00  INFO 2652 --- [discovery-service] [a-EvictionTimer] c.n.e.registry.AbstractInstanceRegistry  : Running the evict task with compensationTime 0ms
2026-08-10T09:20:15.558-06:00  INFO 2652 --- [discovery-service] [a-EvictionTimer] c.n.e.registry.AbstractInstanceRegistry  : Running the evict task with compensationTime 0ms
2026-08-10T09:20:20.558-06:00  INFO 2652 --- [discovery-service] [a-EvictionTimer] c.n.e.registry.AbstractInstanceRegistry  : Running the evict task with compensationTime 0ms
2026-08-10T09:20:25.559-06:00  INFO 2652 --- [discovery-service] [a-EvictionTimer] c.n.e.registry.AbstractInstanceRegistry  : Running the evict task with compensationTime 1ms
2026-08-10T09:20:30.559-06:00  INFO 2652 --- [discovery-service] [a-EvictionTimer] c.n.e.registry.AbstractInstanceRegistry  : Running the evict task with compensationTime 0ms
2026-08-10T09:20:35.560-06:00  INFO 2652 --- [discovery-service] [a-EvictionTimer] c.n.e.registry.AbstractInstanceRegistry  : Running the evict task with compensationTime 1ms
2026-08-10T09:20:40.561-06:00  INFO 2652 --- [discovery-service] [a-EvictionTimer] c.n.e.registry.AbstractInstanceRegistry  : Running the evict task with compensationTime 0ms
2026-08-10T09:20:45.562-06:00  INFO 2652 --- [discovery-service] [a-EvictionTimer] c.n.e.registry.AbstractInstanceRegistry  : Running the evict task with compensationTime 0ms
2026-08-10T09:20:50.562-06:00  INFO 2652 --- [discovery-service] [a-EvictionTimer] c.n.e.registry.AbstractInstanceRegistry  : Running the evict task with compensationTime 0ms
2026-08-10T09:20:55.563-06:00  INFO 2652 --- [discovery-service] [a-EvictionTimer] c.n.e.registry.AbstractInstanceRegistry  : Running the evict task with compensationTime 0ms
2026-08-10T09:21:00.564-06:00  INFO 2652 --- [discovery-service] [a-EvictionTimer] c.n.e.registry.AbstractInstanceRegistry  : Running the evict task with compensationTime 1ms
2026-08-10T09:21:05.564-06:00  INFO 2652 --- [discovery-service] [a-EvictionTimer] c.n.e.registry.AbstractInstanceRegistry  : Running the evict task with compensationTime 0ms
2026-08-10T09:21:10.564-06:00  INFO 2652 --- [discovery-service] [a-EvictionTimer] c.n.e.registry.AbstractInstanceRegistry  : Running the evict task with compensationTime 0ms
2026-08-10T09:21:15.564-06:00  INFO 2652 --- [discovery-service] [a-EvictionTimer] c.n.e.registry.AbstractInstanceRegistry  : Running the evict task with compensationTime 0ms
2026-08-10T09:21:20.564-06:00  INFO 2652 --- [discovery-service] [a-EvictionTimer] c.n.e.registry.AbstractInstanceRegistry  : Running the evict task with compensationTime 0ms
2026-08-10T09:21:25.565-06:00  INFO 2652 --- [discovery-service] [a-EvictionTimer] c.n.e.registry.AbstractInstanceRegistry  : Running the evict task with compensationTime 0ms
2026-08-10T09:21:30.565-06:00  INFO 2652 --- [discovery-service] [a-EvictionTimer] c.n.e.registry.AbstractInstanceRegistry  : Running the evict task with compensationTime 0ms
2026-08-10T09:21:35.565-06:00  INFO 2652 --- [discovery-service] [a-EvictionTimer] c.n.e.registry.AbstractInstanceRegistry  : Running the evict task with compensationTime 0ms
2026-08-10T09:21:40.565-06:00  INFO 2652 --- [discovery-service] [a-EvictionTimer] c.n.e.registry.AbstractInstanceRegistry  : Running the evict task with compensationTime 0ms
2026-08-10T09:21:45.565-06:00  INFO 2652 --- [discovery-service] [a-EvictionTimer] c.n.e.registry.AbstractInstanceRegistry  : Running the evict task with compensationTime 0ms
2026-08-10T09:21:50.565-06:00  INFO 2652 --- [discovery-service] [a-EvictionTimer] c.n.e.registry.AbstractInstanceRegistry  : Running the evict task with compensationTime 0ms
2026-08-10T09:21:55.566-06:00  INFO 2652 --- [discovery-service] [a-EvictionTimer] c.n.e.registry.AbstractInstanceRegistry  : Running the evict task with compensationTime 1ms
2026-08-10T09:22:00.567-06:00  INFO 2652 --- [discovery-service] [a-EvictionTimer] c.n.e.registry.AbstractInstanceRegistry  : Running the evict task with compensationTime 0ms
2026-08-10T09:22:05.567-06:00  INFO 2652 --- [discovery-service] [a-EvictionTimer] c.n.e.registry.AbstractInstanceRegistry  : Running the evict task with compensationTime 0ms
2026-08-10T09:22:10.568-06:00  INFO 2652 --- [discovery-service] [a-EvictionTimer] c.n.e.registry.AbstractInstanceRegistry  : Running the evict task with compensationTime 0ms
2026-08-10T09:22:15.569-06:00  INFO 2652 --- [discovery-service] [a-EvictionTimer] c.n.e.registry.AbstractInstanceRegistry  : Running the evict task with compensationTime 1ms
2026-08-10T09:22:20.570-06:00  INFO 2652 --- [discovery-service] [a-EvictionTimer] c.n.e.registry.AbstractInstanceRegistry  : Running the evict task with compensationTime 0ms
2026-08-10T09:22:25.571-06:00  INFO 2652 --- [discovery-service] [a-EvictionTimer] c.n.e.registry.AbstractInstanceRegistry  : Running the evict task with compensationTime 0ms
2026-08-10T09:22:30.572-06:00  INFO 2652 --- [discovery-service] [a-EvictionTimer] c.n.e.registry.AbstractInstanceRegistry  : Running the evict task with compensationTime 0ms
2026-08-10T09:22:35.573-06:00  INFO 2652 --- [discovery-service] [a-EvictionTimer] c.n.e.registry.AbstractInstanceRegistry  : Running the evict task with compensationTime 1ms
2026-08-10T09:22:40.573-06:00  INFO 2652 --- [discovery-service] [a-EvictionTimer] c.n.e.registry.AbstractInstanceRegistry  : Running the evict task with compensationTime 0ms
2026-08-10T09:22:45.574-06:00  INFO 2652 --- [discovery-service] [a-EvictionTimer] c.n.e.registry.AbstractInstanceRegistry  : Running the evict task with compensationTime 0ms
2026-08-10T09:22:50.575-06:00  INFO 2652 --- [discovery-service] [a-EvictionTimer] c.n.e.registry.AbstractInstanceRegistry  : Running the evict task with compensationTime 1ms
2026-08-10T09:22:55.576-06:00  INFO 2652 --- [discovery-service] [a-EvictionTimer] c.n.e.registry.AbstractInstanceRegistry  : Running the evict task with compensationTime 1ms
2026-08-10T09:22:59.965-06:00  WARN 2652 --- [discovery-service] [eerNodesUpdater] c.n.eureka.cluster.PeerEurekaNodes       : The replica size seems to be empty. Check the route 53 DNS Registry
2026-08-10T09:23:00.576-06:00  INFO 2652 --- [discovery-service] [a-EvictionTimer] c.n.e.registry.AbstractInstanceRegistry  : Running the evict task with compensationTime 0ms
2026-08-10T09:23:05.577-06:00  INFO 2652 --- [discovery-service] [a-EvictionTimer] c.n.e.registry.AbstractInstanceRegistry  : Running the evict task with compensationTime 0ms
2026-08-10T09:23:10.577-06:00  INFO 2652 --- [discovery-service] [a-EvictionTimer] c.n.e.registry.AbstractInstanceRegistry  : Running the evict task with compensationTime 0ms
2026-08-10T09:23:15.577-06:00  INFO 2652 --- [discovery-service] [a-EvictionTimer] c.n.e.registry.AbstractInstanceRegistry  : Running the evict task with compensationTime 0ms
2026-08-10T09:23:20.577-06:00  INFO 2652 --- [discovery-service] [a-EvictionTimer] c.n.e.registry.AbstractInstanceRegistry  : Running the evict task with compensationTime 0ms
2026-08-10T09:23:25.578-06:00  INFO 2652 --- [discovery-service] [a-EvictionTimer] c.n.e.registry.AbstractInstanceRegistry  : Running the evict task with compensationTime 0ms
2026-08-10T09:23:30.578-06:00  INFO 2652 --- [discovery-service] [a-EvictionTimer] c.n.e.registry.AbstractInstanceRegistry  : Running the evict task with compensationTime 0ms
2026-08-10T09:23:35.578-06:00  INFO 2652 --- [discovery-service] [a-EvictionTimer] c.n.e.registry.AbstractInstanceRegistry  : Running the evict task with compensationTime 0ms
2026-08-10T09:23:40.579-06:00  INFO 2652 --- [discovery-service] [a-EvictionTimer] c.n.e.registry.AbstractInstanceRegistry  : Running the evict task with compensationTime 1ms
2026-08-10T09:23:45.579-06:00  INFO 2652 --- [discovery-service] [a-EvictionTimer] c.n.e.registry.AbstractInstanceRegistry  : Running the evict task with compensationTime 0ms
2026-08-10T09:23:50.579-06:00  INFO 2652 --- [discovery-service] [a-EvictionTimer] c.n.e.registry.AbstractInstanceRegistry  : Running the evict task with compensationTime 0ms
2026-08-10T09:23:55.579-06:00  INFO 2652 --- [discovery-service] [a-EvictionTimer] c.n.e.registry.AbstractInstanceRegistry  : Running the evict task with compensationTime 0ms
2026-08-10T09:24:00.579-06:00  INFO 2652 --- [discovery-service] [a-EvictionTimer] c.n.e.registry.AbstractInstanceRegistry  : Running the evict task with compensationTime 0ms
2026-08-10T09:24:05.579-06:00  INFO 2652 --- [discovery-service] [a-EvictionTimer] c.n.e.registry.AbstractInstanceRegistry  : Running the evict task with compensationTime 0ms
2026-08-10T09:24:10.580-06:00  INFO 2652 --- [discovery-service] [a-EvictionTimer] c.n.e.registry.AbstractInstanceRegistry  : Running the evict task with compensationTime 0ms
2026-08-10T09:24:15.581-06:00  INFO 2652 --- [discovery-service] [a-EvictionTimer] c.n.e.registry.AbstractInstanceRegistry  : Running the evict task with compensationTime 0ms
2026-08-10T09:24:20.582-06:00  INFO 2652 --- [discovery-service] [a-EvictionTimer] c.n.e.registry.AbstractInstanceRegistry  : Running the evict task with compensationTime 0ms
2026-08-10T09:24:25.582-06:00  INFO 2652 --- [discovery-service] [a-EvictionTimer] c.n.e.registry.AbstractInstanceRegistry  : Running the evict task with compensationTime 0ms
2026-08-10T09:24:30.582-06:00  INFO 2652 --- [discovery-service] [a-EvictionTimer] c.n.e.registry.AbstractInstanceRegistry  : Running the evict task with compensationTime 0ms
2026-08-10T09:24:35.582-06:00  INFO 2652 --- [discovery-service] [a-EvictionTimer] c.n.e.registry.AbstractInstanceRegistry  : Running the evict task with compensationTime 0ms
2026-08-10T09:24:40.583-06:00  INFO 2652 --- [discovery-service] [a-EvictionTimer] c.n.e.registry.AbstractInstanceRegistry  : Running the evict task with compensationTime 0ms
2026-08-10T09:24:45.584-06:00  INFO 2652 --- [discovery-service] [a-EvictionTimer] c.n.e.registry.AbstractInstanceRegistry  : Running the evict task with compensationTime 1ms
2026-08-10T09:24:50.585-06:00  INFO 2652 --- [discovery-service] [a-EvictionTimer] c.n.e.registry.AbstractInstanceRegistry  : Running the evict task with compensationTime 0ms
2026-08-10T09:24:55.585-06:00  INFO 2652 --- [discovery-service] [a-EvictionTimer] c.n.e.registry.AbstractInstanceRegistry  : Running the evict task with compensationTime 0ms
2026-08-10T09:25:00.585-06:00  INFO 2652 --- [discovery-service] [a-EvictionTimer] c.n.e.registry.AbstractInstanceRegistry  : Running the evict task with compensationTime 0ms
2026-08-10T09:25:05.586-06:00  INFO 2652 --- [discovery-service] [a-EvictionTimer] c.n.e.registry.AbstractInstanceRegistry  : Running the evict task with compensationTime 0ms
2026-08-10T09:25:10.587-06:00  INFO 2652 --- [discovery-service] [a-EvictionTimer] c.n.e.registry.AbstractInstanceRegistry  : Running the evict task with compensationTime 0ms
2026-08-10T09:25:15.587-06:00  INFO 2652 --- [discovery-service] [a-EvictionTimer] c.n.e.registry.AbstractInstanceRegistry  : Running the evict task with compensationTime 0ms
2026-08-10T09:25:20.587-06:00  INFO 2652 --- [discovery-service] [a-EvictionTimer] c.n.e.registry.AbstractInstanceRegistry  : Running the evict task with compensationTime 0ms
2026-08-10T09:25:25.588-06:00  INFO 2652 --- [discovery-service] [a-EvictionTimer] c.n.e.registry.AbstractInstanceRegistry  : Running the evict task with compensationTime 0ms
2026-08-10T09:25:30.588-06:00  INFO 2652 --- [discovery-service] [a-EvictionTimer] c.n.e.registry.AbstractInstanceRegistry  : Running the evict task with compensationTime 0ms
2026-08-10T09:25:35.589-06:00  INFO 2652 --- [discovery-service] [a-EvictionTimer] c.n.e.registry.AbstractInstanceRegistry  : Running the evict task with compensationTime 1ms
2026-08-10T09:25:40.589-06:00  INFO 2652 --- [discovery-service] [a-EvictionTimer] c.n.e.registry.AbstractInstanceRegistry  : Running the evict task with compensationTime 0ms
2026-08-10T09:25:45.590-06:00  INFO 2652 --- [discovery-service] [a-EvictionTimer] c.n.e.registry.AbstractInstanceRegistry  : Running the evict task with compensationTime 0ms
2026-08-10T09:25:50.590-06:00  INFO 2652 --- [discovery-service] [a-EvictionTimer] c.n.e.registry.AbstractInstanceRegistry  : Running the evict task with compensationTime 0ms
2026-08-10T09:25:55.590-06:00  INFO 2652 --- [discovery-service] [a-EvictionTimer] c.n.e.registry.AbstractInstanceRegistry  : Running the evict task with compensationTime 0ms
2026-08-10T09:26:00.590-06:00  INFO 2652 --- [discovery-service] [a-EvictionTimer] c.n.e.registry.AbstractInstanceRegistry  : Running the evict task with compensationTime 0ms
2026-08-10T09:26:05.591-06:00  INFO 2652 --- [discovery-service] [a-EvictionTimer] c.n.e.registry.AbstractInstanceRegistry  : Running the evict task with compensationTime 0ms
2026-08-10T09:26:10.591-06:00  INFO 2652 --- [discovery-service] [a-EvictionTimer] c.n.e.registry.AbstractInstanceRegistry  : Running the evict task with compensationTime 0ms
2026-08-10T09:26:15.592-06:00  INFO 2652 --- [discovery-service] [a-EvictionTimer] c.n.e.registry.AbstractInstanceRegistry  : Running the evict task with compensationTime 1ms
2026-08-10T09:26:20.592-06:00  INFO 2652 --- [discovery-service] [a-EvictionTimer] c.n.e.registry.AbstractInstanceRegistry  : Running the evict task with compensationTime 0ms
2026-08-10T09:26:25.593-06:00  INFO 2652 --- [discovery-service] [a-EvictionTimer] c.n.e.registry.AbstractInstanceRegistry  : Running the evict task with compensationTime 0ms
2026-08-10T09:26:30.594-06:00  INFO 2652 --- [discovery-service] [a-EvictionTimer] c.n.e.registry.AbstractInstanceRegistry  : Running the evict task with compensationTime 0ms
2026-08-10T09:26:35.594-06:00  INFO 2652 --- [discovery-service] [a-EvictionTimer] c.n.e.registry.AbstractInstanceRegistry  : Running the evict task with compensationTime 0ms
2026-08-10T09:26:40.594-06:00  INFO 2652 --- [discovery-service] [a-EvictionTimer] c.n.e.registry.AbstractInstanceRegistry  : Running the evict task with compensationTime 0ms
2026-08-10T09:26:45.594-06:00  INFO 2652 --- [discovery-service] [a-EvictionTimer] c.n.e.registry.AbstractInstanceRegistry  : Running the evict task with compensationTime 0ms
2026-08-10T09:26:50.595-06:00  INFO 2652 --- [discovery-service] [a-EvictionTimer] c.n.e.registry.AbstractInstanceRegistry  : Running the evict task with compensationTime 1ms
2026-08-10T09:26:55.596-06:00  INFO 2652 --- [discovery-service] [a-EvictionTimer] c.n.e.registry.AbstractInstanceRegistry  : Running the evict task with compensationTime 0ms
2026-08-10T09:27:00.596-06:00  INFO 2652 --- [discovery-service] [a-EvictionTimer] c.n.e.registry.AbstractInstanceRegistry  : Running the evict task with compensationTime 0ms
2026-08-10T09:27:05.596-06:00  INFO 2652 --- [discovery-service] [a-EvictionTimer] c.n.e.registry.AbstractInstanceRegistry  : Running the evict task with compensationTime 0ms
2026-08-10T09:27:10.597-06:00  INFO 2652 --- [discovery-service] [a-EvictionTimer] c.n.e.registry.AbstractInstanceRegistry  : Running the evict task with compensationTime 1ms
2026-08-10T09:27:15.597-06:00  INFO 2652 --- [discovery-service] [a-EvictionTimer] c.n.e.registry.AbstractInstanceRegistry  : Running the evict task with compensationTime 0ms
2026-08-10T09:27:20.598-06:00  INFO 2652 --- [discovery-service] [a-EvictionTimer] c.n.e.registry.AbstractInstanceRegistry  : Running the evict task with compensationTime 0ms
2026-08-10T09:27:25.598-06:00  INFO 2652 --- [discovery-service] [a-EvictionTimer] c.n.e.registry.AbstractInstanceRegistry  : Running the evict task with compensationTime 0ms
2026-08-10T09:27:30.599-06:00  INFO 2652 --- [discovery-service] [a-EvictionTimer] c.n.e.registry.AbstractInstanceRegistry  : Running the evict task with compensationTime 0ms
2026-08-10T09:27:35.600-06:00  INFO 2652 --- [discovery-service] [a-EvictionTimer] c.n.e.registry.AbstractInstanceRegistry  : Running the evict task with compensationTime 0ms
2026-08-10T09:27:40.600-06:00  INFO 2652 --- [discovery-service] [a-EvictionTimer] c.n.e.registry.AbstractInstanceRegistry  : Running the evict task with compensationTime 0ms
2026-08-10T09:27:45.600-06:00  INFO 2652 --- [discovery-service] [a-EvictionTimer] c.n.e.registry.AbstractInstanceRegistry  : Running the evict task with compensationTime 0ms
2026-08-10T09:27:50.601-06:00  INFO 2652 --- [discovery-service] [a-EvictionTimer] c.n.e.registry.AbstractInstanceRegistry  : Running the evict task with compensationTime 0ms
2026-08-10T09:27:55.602-06:00  INFO 2652 --- [discovery-service] [a-EvictionTimer] c.n.e.registry.AbstractInstanceRegistry  : Running the evict task with compensationTime 1ms
2026-08-10T09:28:00.000-06:00  INFO 2652 --- [discovery-service] [hresholdUpdater] c.n.e.r.PeerAwareInstanceRegistryImpl    : Current renewal threshold is : 3
2026-08-10T09:28:00.602-06:00  INFO 2652 --- [discovery-service] [a-EvictionTimer] c.n.e.registry.AbstractInstanceRegistry  : Running the evict task with compensationTime 0ms
2026-08-10T09:28:05.603-06:00  INFO 2652 --- [discovery-service] [a-EvictionTimer] c.n.e.registry.AbstractInstanceRegistry  : Running the evict task with compensationTime 0ms
2026-08-10T09:28:10.604-06:00  INFO 2652 --- [discovery-service] [a-EvictionTimer] c.n.e.registry.AbstractInstanceRegistry  : Running the evict task with compensationTime 0ms
2026-08-10T09:28:15.605-06:00  INFO 2652 --- [discovery-service] [a-EvictionTimer] c.n.e.registry.AbstractInstanceRegistry  : Running the evict task with compensationTime 0ms
2026-08-10T09:28:20.605-06:00  INFO 2652 --- [discovery-service] [a-EvictionTimer] c.n.e.registry.AbstractInstanceRegistry  : Running the evict task with compensationTime 0ms
2026-08-10T09:28:25.606-06:00  INFO 2652 --- [discovery-service] [a-EvictionTimer] c.n.e.registry.AbstractInstanceRegistry  : Running the evict task with compensationTime 0ms
2026-08-10T09:28:30.606-06:00  INFO 2652 --- [discovery-service] [a-EvictionTimer] c.n.e.registry.AbstractInstanceRegistry  : Running the evict task with compensationTime 0ms
2026-08-10T09:28:35.607-06:00  INFO 2652 --- [discovery-service] [a-EvictionTimer] c.n.e.registry.AbstractInstanceRegistry  : Running the evict task with compensationTime 0ms
2026-08-10T09:28:40.607-06:00  INFO 2652 --- [discovery-service] [a-EvictionTimer] c.n.e.registry.AbstractInstanceRegistry  : Running the evict task with compensationTime 0ms
2026-08-10T09:28:45.608-06:00  INFO 2652 --- [discovery-service] [a-EvictionTimer] c.n.e.registry.AbstractInstanceRegistry  : Running the evict task with compensationTime 0ms
2026-08-10T09:28:50.608-06:00  INFO 2652 --- [discovery-service] [a-EvictionTimer] c.n.e.registry.AbstractInstanceRegistry  : Running the evict task with compensationTime 0ms
2026-08-10T09:28:55.608-06:00  INFO 2652 --- [discovery-service] [a-EvictionTimer] c.n.e.registry.AbstractInstanceRegistry  : Running the evict task with compensationTime 0ms
2026-08-10T09:29:00.609-06:00  INFO 2652 --- [discovery-service] [a-EvictionTimer] c.n.e.registry.AbstractInstanceRegistry  : Running the evict task with compensationTime 0ms
2026-08-10T09:29:05.610-06:00  INFO 2652 --- [discovery-service] [a-EvictionTimer] c.n.e.registry.AbstractInstanceRegistry  : Running the evict task with compensationTime 0ms
2026-08-10T09:29:10.610-06:00  INFO 2652 --- [discovery-service] [a-EvictionTimer] c.n.e.registry.AbstractInstanceRegistry  : Running the evict task with compensationTime 0ms
2026-08-10T09:29:15.610-06:00  INFO 2652 --- [discovery-service] [a-EvictionTimer] c.n.e.registry.AbstractInstanceRegistry  : Running the evict task with compensationTime 0ms
2026-08-10T09:29:20.611-06:00  INFO 2652 --- [discovery-service] [a-EvictionTimer] c.n.e.registry.AbstractInstanceRegistry  : Running the evict task with compensationTime 0ms
2026-08-10T09:29:25.612-06:00  INFO 2652 --- [discovery-service] [a-EvictionTimer] c.n.e.registry.AbstractInstanceRegistry  : Running the evict task with compensationTime 1ms
2026-08-10T09:29:30.612-06:00  INFO 2652 --- [discovery-service] [a-EvictionTimer] c.n.e.registry.AbstractInstanceRegistry  : Running the evict task with compensationTime 0ms
2026-08-10T09:29:35.613-06:00  INFO 2652 --- [discovery-service] [a-EvictionTimer] c.n.e.registry.AbstractInstanceRegistry  : Running the evict task with compensationTime 0ms
2026-08-10T09:29:40.613-06:00  INFO 2652 --- [discovery-service] [a-EvictionTimer] c.n.e.registry.AbstractInstanceRegistry  : Running the evict task with compensationTime 0ms
2026-08-10T09:29:45.613-06:00  INFO 2652 --- [discovery-service] [a-EvictionTimer] c.n.e.registry.AbstractInstanceRegistry  : Running the evict task with compensationTime 0ms
2026-08-10T09:29:50.614-06:00  INFO 2652 --- [discovery-service] [a-EvictionTimer] c.n.e.registry.AbstractInstanceRegistry  : Running the evict task with compensationTime 0ms
2026-08-10T09:29:55.615-06:00  INFO 2652 --- [discovery-service] [a-EvictionTimer] c.n.e.registry.AbstractInstanceRegistry  : Running the evict task with compensationTime 0ms
2026-08-10T09:30:00.616-06:00  INFO 2652 --- [discovery-service] [a-EvictionTimer] c.n.e.registry.AbstractInstanceRegistry  : Running the evict task with compensationTime 1ms
2026-08-10T09:30:05.617-06:00  INFO 2652 --- [discovery-service] [a-EvictionTimer] c.n.e.registry.AbstractInstanceRegistry  : Running the evict task with compensationTime 0ms
2026-08-10T09:30:10.617-06:00  INFO 2652 --- [discovery-service] [a-EvictionTimer] c.n.e.registry.AbstractInstanceRegistry  : Running the evict task with compensationTime 0ms
2026-08-10T09:30:15.618-06:00  INFO 2652 --- [discovery-service] [a-EvictionTimer] c.n.e.registry.AbstractInstanceRegistry  : Running the evict task with compensationTime 0ms
2026-08-10T09:30:20.618-06:00  INFO 2652 --- [discovery-service] [a-EvictionTimer] c.n.e.registry.AbstractInstanceRegistry  : Running the evict task with compensationTime 0ms
2026-08-10T09:30:25.619-06:00  INFO 2652 --- [discovery-service] [a-EvictionTimer] c.n.e.registry.AbstractInstanceRegistry  : Running the evict task with compensationTime 0ms
2026-08-10T09:30:30.620-06:00  INFO 2652 --- [discovery-service] [a-EvictionTimer] c.n.e.registry.AbstractInstanceRegistry  : Running the evict task with compensationTime 0ms
2026-08-10T09:30:35.620-06:00  INFO 2652 --- [discovery-service] [a-EvictionTimer] c.n.e.registry.AbstractInstanceRegistry  : Running the evict task with compensationTime 0ms
2026-08-10T09:30:40.620-06:00  INFO 2652 --- [discovery-service] [a-EvictionTimer] c.n.e.registry.AbstractInstanceRegistry  : Running the evict task with compensationTime 0ms
2026-08-10T09:30:45.621-06:00  INFO 2652 --- [discovery-service] [a-EvictionTimer] c.n.e.registry.AbstractInstanceRegistry  : Running the evict task with compensationTime 0ms
2026-08-10T09:30:50.622-06:00  INFO 2652 --- [discovery-service] [a-EvictionTimer] c.n.e.registry.AbstractInstanceRegistry  : Running the evict task with compensationTime 1ms
2026-08-10T09:30:55.622-06:00  INFO 2652 --- [discovery-service] [a-EvictionTimer] c.n.e.registry.AbstractInstanceRegistry  : Running the evict task with compensationTime 0ms
2026-08-10T09:31:00.623-06:00  INFO 2652 --- [discovery-service] [a-EvictionTimer] c.n.e.registry.AbstractInstanceRegistry  : Running the evict task with compensationTime 0ms
2026-08-10T09:31:05.624-06:00  INFO 2652 --- [discovery-service] [a-EvictionTimer] c.n.e.registry.AbstractInstanceRegistry  : Running the evict task with compensationTime 0ms
2026-08-10T09:31:10.624-06:00  INFO 2652 --- [discovery-service] [a-EvictionTimer] c.n.e.registry.AbstractInstanceRegistry  : Running the evict task with compensationTime 0ms
2026-08-10T09:31:15.625-06:00  INFO 2652 --- [discovery-service] [a-EvictionTimer] c.n.e.registry.AbstractInstanceRegistry  : Running the evict task with compensationTime 1ms
2026-08-10T09:31:20.626-06:00  INFO 2652 --- [discovery-service] [a-EvictionTimer] c.n.e.registry.AbstractInstanceRegistry  : Running the evict task with compensationTime 0ms
2026-08-10T09:31:25.627-06:00  INFO 2652 --- [discovery-service] [a-EvictionTimer] c.n.e.registry.AbstractInstanceRegistry  : Running the evict task with compensationTime 0ms
2026-08-10T09:31:30.627-06:00  INFO 2652 --- [discovery-service] [a-EvictionTimer] c.n.e.registry.AbstractInstanceRegistry  : Running the evict task with compensationTime 0ms
2026-08-10T09:31:35.628-06:00  INFO 2652 --- [discovery-service] [a-EvictionTimer] c.n.e.registry.AbstractInstanceRegistry  : Running the evict task with compensationTime 0ms
2026-08-10T09:31:40.628-06:00  INFO 2652 --- [discovery-service] [a-EvictionTimer] c.n.e.registry.AbstractInstanceRegistry  : Running the evict task with compensationTime 0ms
2026-08-10T09:31:45.629-06:00  INFO 2652 --- [discovery-service] [a-EvictionTimer] c.n.e.registry.AbstractInstanceRegistry  : Running the evict task with compensationTime 0ms
2026-08-10T09:31:50.629-06:00  INFO 2652 --- [discovery-service] [a-EvictionTimer] c.n.e.registry.AbstractInstanceRegistry  : Running the evict task with compensationTime 0ms
2026-08-10T09:31:55.630-06:00  INFO 2652 --- [discovery-service] [a-EvictionTimer] c.n.e.registry.AbstractInstanceRegistry  : Running the evict task with compensationTime 0ms
2026-08-10T09:32:00.631-06:00  INFO 2652 --- [discovery-service] [a-EvictionTimer] c.n.e.registry.AbstractInstanceRegistry  : Running the evict task with compensationTime 1ms
2026-08-10T09:32:05.631-06:00  INFO 2652 --- [discovery-service] [a-EvictionTimer] c.n.e.registry.AbstractInstanceRegistry  : Running the evict task with compensationTime 0ms
2026-08-10T09:32:10.632-06:00  INFO 2652 --- [discovery-service] [a-EvictionTimer] c.n.e.registry.AbstractInstanceRegistry  : Running the evict task with compensationTime 0ms
2026-08-10T09:32:15.633-06:00  INFO 2652 --- [discovery-service] [a-EvictionTimer] c.n.e.registry.AbstractInstanceRegistry  : Running the evict task with compensationTime 1ms
2026-08-10T09:32:20.634-06:00  INFO 2652 --- [discovery-service] [a-EvictionTimer] c.n.e.registry.AbstractInstanceRegistry  : Running the evict task with compensationTime 0ms
2026-08-10T09:32:25.634-06:00  INFO 2652 --- [discovery-service] [a-EvictionTimer] c.n.e.registry.AbstractInstanceRegistry  : Running the evict task with compensationTime 0ms
2026-08-10T09:32:30.635-06:00  INFO 2652 --- [discovery-service] [a-EvictionTimer] c.n.e.registry.AbstractInstanceRegistry  : Running the evict task with compensationTime 0ms
2026-08-10T09:32:35.635-06:00  INFO 2652 --- [discovery-service] [a-EvictionTimer] c.n.e.registry.AbstractInstanceRegistry  : Running the evict task with compensationTime 0ms
2026-08-10T09:32:40.637-06:00  INFO 2652 --- [discovery-service] [a-EvictionTimer] c.n.e.registry.AbstractInstanceRegistry  : Running the evict task with compensationTime 2ms
2026-08-10T09:32:45.637-06:00  INFO 2652 --- [discovery-service] [a-EvictionTimer] c.n.e.registry.AbstractInstanceRegistry  : Running the evict task with compensationTime 0ms
2026-08-10T09:32:50.638-06:00  INFO 2652 --- [discovery-service] [a-EvictionTimer] c.n.e.registry.AbstractInstanceRegistry  : Running the evict task with compensationTime 0ms
2026-08-10T09:32:55.638-06:00  INFO 2652 --- [discovery-service] [a-EvictionTimer] c.n.e.registry.AbstractInstanceRegistry  : Running the evict task with compensationTime 0ms
2026-08-10T09:32:59.969-06:00  WARN 2652 --- [discovery-service] [eerNodesUpdater] c.n.eureka.cluster.PeerEurekaNodes       : The replica size seems to be empty. Check the route 53 DNS Registry
2026-08-10T09:33:00.639-06:00  INFO 2652 --- [discovery-service] [a-EvictionTimer] c.n.e.registry.AbstractInstanceRegistry  : Running the evict task with compensationTime 0ms
2026-08-10T09:33:05.639-06:00  INFO 2652 --- [discovery-service] [a-EvictionTimer] c.n.e.registry.AbstractInstanceRegistry  : Running the evict task with compensationTime 0ms
2026-08-10T09:33:10.640-06:00  INFO 2652 --- [discovery-service] [a-EvictionTimer] c.n.e.registry.AbstractInstanceRegistry  : Running the evict task with compensationTime 0ms
2026-08-10T09:33:15.641-06:00  INFO 2652 --- [discovery-service] [a-EvictionTimer] c.n.e.registry.AbstractInstanceRegistry  : Running the evict task with compensationTime 1ms
2026-08-10T09:33:20.641-06:00  INFO 2652 --- [discovery-service] [a-EvictionTimer] c.n.e.registry.AbstractInstanceRegistry  : Running the evict task with compensationTime 0ms
2026-08-10T09:33:25.641-06:00  INFO 2652 --- [discovery-service] [a-EvictionTimer] c.n.e.registry.AbstractInstanceRegistry  : Running the evict task with compensationTime 0ms
2026-08-10T09:33:30.642-06:00  INFO 2652 --- [discovery-service] [a-EvictionTimer] c.n.e.registry.AbstractInstanceRegistry  : Running the evict task with compensationTime 0ms
2026-08-10T09:33:35.642-06:00  INFO 2652 --- [discovery-service] [a-EvictionTimer] c.n.e.registry.AbstractInstanceRegistry  : Running the evict task with compensationTime 0ms
2026-08-10T09:33:40.642-06:00  INFO 2652 --- [discovery-service] [a-EvictionTimer] c.n.e.registry.AbstractInstanceRegistry  : Running the evict task with compensationTime 0ms
2026-08-10T09:33:45.643-06:00  INFO 2652 --- [discovery-service] [a-EvictionTimer] c.n.e.registry.AbstractInstanceRegistry  : Running the evict task with compensationTime 1ms
2026-08-10T09:33:50.643-06:00  INFO 2652 --- [discovery-service] [a-EvictionTimer] c.n.e.registry.AbstractInstanceRegistry  : Running the evict task with compensationTime 0ms
2026-08-10T09:33:55.644-06:00  INFO 2652 --- [discovery-service] [a-EvictionTimer] c.n.e.registry.AbstractInstanceRegistry  : Running the evict task with compensationTime 0ms
2026-08-10T09:34:00.644-06:00  INFO 2652 --- [discovery-service] [a-EvictionTimer] c.n.e.registry.AbstractInstanceRegistry  : Running the evict task with compensationTime 0ms
2026-08-10T09:34:05.644-06:00  INFO 2652 --- [discovery-service] [a-EvictionTimer] c.n.e.registry.AbstractInstanceRegistry  : Running the evict task with compensationTime 0ms
2026-08-10T09:34:10.644-06:00  INFO 2652 --- [discovery-service] [a-EvictionTimer] c.n.e.registry.AbstractInstanceRegistry  : Running the evict task with compensationTime 0ms
2026-08-10T09:34:15.644-06:00  INFO 2652 --- [discovery-service] [a-EvictionTimer] c.n.e.registry.AbstractInstanceRegistry  : Running the evict task with compensationTime 0ms
2026-08-10T09:34:20.644-06:00  INFO 2652 --- [discovery-service] [a-EvictionTimer] c.n.e.registry.AbstractInstanceRegistry  : Running the evict task with compensationTime 0ms
2026-08-10T09:34:25.644-06:00  INFO 2652 --- [discovery-service] [a-EvictionTimer] c.n.e.registry.AbstractInstanceRegistry  : Running the evict task with compensationTime 0ms
2026-08-10T09:34:30.644-06:00  INFO 2652 --- [discovery-service] [a-EvictionTimer] c.n.e.registry.AbstractInstanceRegistry  : Running the evict task with compensationTime 0ms
2026-08-10T09:34:35.645-06:00  INFO 2652 --- [discovery-service] [a-EvictionTimer] c.n.e.registry.AbstractInstanceRegistry  : Running the evict task with compensationTime 0ms
2026-08-10T09:34:40.645-06:00  INFO 2652 --- [discovery-service] [a-EvictionTimer] c.n.e.registry.AbstractInstanceRegistry  : Running the evict task with compensationTime 0ms
2026-08-10T09:34:45.645-06:00  INFO 2652 --- [discovery-service] [a-EvictionTimer] c.n.e.registry.AbstractInstanceRegistry  : Running the evict task with compensationTime 0ms
2026-08-10T09:34:50.646-06:00  INFO 2652 --- [discovery-service] [a-EvictionTimer] c.n.e.registry.AbstractInstanceRegistry  : Running the evict task with compensationTime 1ms
2026-08-10T09:34:55.646-06:00  INFO 2652 --- [discovery-service] [a-EvictionTimer] c.n.e.registry.AbstractInstanceRegistry  : Running the evict task with compensationTime 0ms
2026-08-10T09:35:00.646-06:00  INFO 2652 --- [discovery-service] [a-EvictionTimer] c.n.e.registry.AbstractInstanceRegistry  : Running the evict task with compensationTime 0ms
2026-08-10T09:35:05.646-06:00  INFO 2652 --- [discovery-service] [a-EvictionTimer] c.n.e.registry.AbstractInstanceRegistry  : Running the evict task with compensationTime 0ms
2026-08-10T09:35:10.646-06:00  INFO 2652 --- [discovery-service] [a-EvictionTimer] c.n.e.registry.AbstractInstanceRegistry  : Running the evict task with compensationTime 0ms
2026-08-10T09:35:15.647-06:00  INFO 2652 --- [discovery-service] [a-EvictionTimer] c.n.e.registry.AbstractInstanceRegistry  : Running the evict task with compensationTime 0ms
2026-08-10T09:35:20.648-06:00  INFO 2652 --- [discovery-service] [a-EvictionTimer] c.n.e.registry.AbstractInstanceRegistry  : Running the evict task with compensationTime 0ms
2026-08-10T09:35:25.649-06:00  INFO 2652 --- [discovery-service] [a-EvictionTimer] c.n.e.registry.AbstractInstanceRegistry  : Running the evict task with compensationTime 1ms
2026-08-10T09:35:30.649-06:00  INFO 2652 --- [discovery-service] [a-EvictionTimer] c.n.e.registry.AbstractInstanceRegistry  : Running the evict task with compensationTime 0ms
2026-08-10T09:35:35.649-06:00  INFO 2652 --- [discovery-service] [a-EvictionTimer] c.n.e.registry.AbstractInstanceRegistry  : Running the evict task with compensationTime 0ms
2026-08-10T09:35:40.650-06:00  INFO 2652 --- [discovery-service] [a-EvictionTimer] c.n.e.registry.AbstractInstanceRegistry  : Running the evict task with compensationTime 0ms
2026-08-10T09:35:45.650-06:00  INFO 2652 --- [discovery-service] [a-EvictionTimer] c.n.e.registry.AbstractInstanceRegistry  : Running the evict task with compensationTime 0ms
2026-08-10T09:35:50.651-06:00  INFO 2652 --- [discovery-service] [a-EvictionTimer] c.n.e.registry.AbstractInstanceRegistry  : Running the evict task with compensationTime 0ms
2026-08-10T09:35:55.652-06:00  INFO 2652 --- [discovery-service] [a-EvictionTimer] c.n.e.registry.AbstractInstanceRegistry  : Running the evict task with compensationTime 0ms
2026-08-10T09:36:00.653-06:00  INFO 2652 --- [discovery-service] [a-EvictionTimer] c.n.e.registry.AbstractInstanceRegistry  : Running the evict task with compensationTime 1ms
2026-08-10T09:36:05.653-06:00  INFO 2652 --- [discovery-service] [a-EvictionTimer] c.n.e.registry.AbstractInstanceRegistry  : Running the evict task with compensationTime 0ms
2026-08-10T09:36:10.654-06:00  INFO 2652 --- [discovery-service] [a-EvictionTimer] c.n.e.registry.AbstractInstanceRegistry  : Running the evict task with compensationTime 0ms
2026-08-10T09:36:15.654-06:00  INFO 2652 --- [discovery-service] [a-EvictionTimer] c.n.e.registry.AbstractInstanceRegistry  : Running the evict task with compensationTime 0ms
2026-08-10T09:36:20.654-06:00  INFO 2652 --- [discovery-service] [a-EvictionTimer] c.n.e.registry.AbstractInstanceRegistry  : Running the evict task with compensationTime 0ms
2026-08-10T09:36:25.655-06:00  INFO 2652 --- [discovery-service] [a-EvictionTimer] c.n.e.registry.AbstractInstanceRegistry  : Running the evict task with compensationTime 0ms
2026-08-10T09:36:30.656-06:00  INFO 2652 --- [discovery-service] [a-EvictionTimer] c.n.e.registry.AbstractInstanceRegistry  : Running the evict task with compensationTime 1ms
2026-08-10T09:36:35.657-06:00  INFO 2652 --- [discovery-service] [a-EvictionTimer] c.n.e.registry.AbstractInstanceRegistry  : Running the evict task with compensationTime 0ms
2026-08-10T09:36:40.658-06:00  INFO 2652 --- [discovery-service] [a-EvictionTimer] c.n.e.registry.AbstractInstanceRegistry  : Running the evict task with compensationTime 0ms
2026-08-10T09:36:45.658-06:00  INFO 2652 --- [discovery-service] [a-EvictionTimer] c.n.e.registry.AbstractInstanceRegistry  : Running the evict task with compensationTime 0ms
2026-08-10T09:36:50.658-06:00  INFO 2652 --- [discovery-service] [a-EvictionTimer] c.n.e.registry.AbstractInstanceRegistry  : Running the evict task with compensationTime 0ms
2026-08-10T09:36:55.659-06:00  INFO 2652 --- [discovery-service] [a-EvictionTimer] c.n.e.registry.AbstractInstanceRegistry  : Running the evict task with compensationTime 0ms
2026-08-10T09:37:00.659-06:00  INFO 2652 --- [discovery-service] [a-EvictionTimer] c.n.e.registry.AbstractInstanceRegistry  : Running the evict task with compensationTime 0ms
2026-08-10T09:37:05.659-06:00  INFO 2652 --- [discovery-service] [a-EvictionTimer] c.n.e.registry.AbstractInstanceRegistry  : Running the evict task with compensationTime 0ms
2026-08-10T09:37:10.660-06:00  INFO 2652 --- [discovery-service] [a-EvictionTimer] c.n.e.registry.AbstractInstanceRegistry  : Running the evict task with compensationTime 0ms
2026-08-10T09:37:15.660-06:00  INFO 2652 --- [discovery-service] [a-EvictionTimer] c.n.e.registry.AbstractInstanceRegistry  : Running the evict task with compensationTime 0ms
2026-08-10T09:37:20.660-06:00  INFO 2652 --- [discovery-service] [a-EvictionTimer] c.n.e.registry.AbstractInstanceRegistry  : Running the evict task with compensationTime 0ms
2026-08-10T09:37:25.660-06:00  INFO 2652 --- [discovery-service] [a-EvictionTimer] c.n.e.registry.AbstractInstanceRegistry  : Running the evict task with compensationTime 0ms
2026-08-10T09:37:30.660-06:00  INFO 2652 --- [discovery-service] [a-EvictionTimer] c.n.e.registry.AbstractInstanceRegistry  : Running the evict task with compensationTime 0ms
2026-08-10T09:37:35.661-06:00  INFO 2652 --- [discovery-service] [a-EvictionTimer] c.n.e.registry.AbstractInstanceRegistry  : Running the evict task with compensationTime 0ms
2026-08-10T09:37:40.662-06:00  INFO 2652 --- [discovery-service] [a-EvictionTimer] c.n.e.registry.AbstractInstanceRegistry  : Running the evict task with compensationTime 0ms
2026-08-10T09:37:45.662-06:00  INFO 2652 --- [discovery-service] [a-EvictionTimer] c.n.e.registry.AbstractInstanceRegistry  : Running the evict task with compensationTime 0ms
2026-08-10T09:37:50.663-06:00  INFO 2652 --- [discovery-service] [a-EvictionTimer] c.n.e.registry.AbstractInstanceRegistry  : Running the evict task with compensationTime 0ms
2026-08-10T09:37:55.664-06:00  INFO 2652 --- [discovery-service] [a-EvictionTimer] c.n.e.registry.AbstractInstanceRegistry  : Running the evict task with compensationTime 0ms
2026-08-10T09:38:00.665-06:00  INFO 2652 --- [discovery-service] [a-EvictionTimer] c.n.e.registry.AbstractInstanceRegistry  : Running the evict task with compensationTime 1ms
2026-08-10T09:38:05.666-06:00  INFO 2652 --- [discovery-service] [a-EvictionTimer] c.n.e.registry.AbstractInstanceRegistry  : Running the evict task with compensationTime 0ms
2026-08-10T09:38:10.666-06:00  INFO 2652 --- [discovery-service] [a-EvictionTimer] c.n.e.registry.AbstractInstanceRegistry  : Running the evict task with compensationTime 0ms
2026-08-10T09:38:15.667-06:00  INFO 2652 --- [discovery-service] [a-EvictionTimer] c.n.e.registry.AbstractInstanceRegistry  : Running the evict task with compensationTime 0ms
2026-08-10T09:38:20.668-06:00  INFO 2652 --- [discovery-service] [a-EvictionTimer] c.n.e.registry.AbstractInstanceRegistry  : Running the evict task with compensationTime 0ms
2026-08-10T09:38:25.668-06:00  INFO 2652 --- [discovery-service] [a-EvictionTimer] c.n.e.registry.AbstractInstanceRegistry  : Running the evict task with compensationTime 0ms
2026-08-10T09:38:30.669-06:00  INFO 2652 --- [discovery-service] [a-EvictionTimer] c.n.e.registry.AbstractInstanceRegistry  : Running the evict task with compensationTime 0ms
2026-08-10T09:38:35.669-06:00  INFO 2652 --- [discovery-service] [a-EvictionTimer] c.n.e.registry.AbstractInstanceRegistry  : Running the evict task with compensationTime 0ms
2026-08-10T09:38:40.669-06:00  INFO 2652 --- [discovery-service] [a-EvictionTimer] c.n.e.registry.AbstractInstanceRegistry  : Running the evict task with compensationTime 0ms
2026-08-10T09:38:45.670-06:00  INFO 2652 --- [discovery-service] [a-EvictionTimer] c.n.e.registry.AbstractInstanceRegistry  : Running the evict task with compensationTime 0ms
2026-08-10T09:38:50.671-06:00  INFO 2652 --- [discovery-service] [a-EvictionTimer] c.n.e.registry.AbstractInstanceRegistry  : Running the evict task with compensationTime 1ms
2026-08-10T09:38:55.672-06:00  INFO 2652 --- [discovery-service] [a-EvictionTimer] c.n.e.registry.AbstractInstanceRegistry  : Running the evict task with compensationTime 1ms
2026-08-10T09:39:00.673-06:00  INFO 2652 --- [discovery-service] [a-EvictionTimer] c.n.e.registry.AbstractInstanceRegistry  : Running the evict task with compensationTime 1ms
2026-08-10T09:39:05.673-06:00  INFO 2652 --- [discovery-service] [a-EvictionTimer] c.n.e.registry.AbstractInstanceRegistry  : Running the evict task with compensationTime 0ms
2026-08-10T09:39:10.673-06:00  INFO 2652 --- [discovery-service] [a-EvictionTimer] c.n.e.registry.AbstractInstanceRegistry  : Running the evict task with compensationTime 0ms
2026-08-10T09:39:15.673-06:00  INFO 2652 --- [discovery-service] [a-EvictionTimer] c.n.e.registry.AbstractInstanceRegistry  : Running the evict task with compensationTime 0ms
2026-08-10T09:39:20.673-06:00  INFO 2652 --- [discovery-service] [a-EvictionTimer] c.n.e.registry.AbstractInstanceRegistry  : Running the evict task with compensationTime 0ms
2026-08-10T09:39:25.674-06:00  INFO 2652 --- [discovery-service] [a-EvictionTimer] c.n.e.registry.AbstractInstanceRegistry  : Running the evict task with compensationTime 1ms
2026-08-10T09:39:30.675-06:00  INFO 2652 --- [discovery-service] [a-EvictionTimer] c.n.e.registry.AbstractInstanceRegistry  : Running the evict task with compensationTime 0ms
2026-08-10T09:39:35.675-06:00  INFO 2652 --- [discovery-service] [a-EvictionTimer] c.n.e.registry.AbstractInstanceRegistry  : Running the evict task with compensationTime 0ms
2026-08-10T09:39:40.676-06:00  INFO 2652 --- [discovery-service] [a-EvictionTimer] c.n.e.registry.AbstractInstanceRegistry  : Running the evict task with compensationTime 0ms
2026-08-10T09:39:45.677-06:00  INFO 2652 --- [discovery-service] [a-EvictionTimer] c.n.e.registry.AbstractInstanceRegistry  : Running the evict task with compensationTime 0ms
2026-08-10T09:39:50.678-06:00  INFO 2652 --- [discovery-service] [a-EvictionTimer] c.n.e.registry.AbstractInstanceRegistry  : Running the evict task with compensationTime 0ms
2026-08-10T09:39:55.679-06:00  INFO 2652 --- [discovery-service] [a-EvictionTimer] c.n.e.registry.AbstractInstanceRegistry  : Running the evict task with compensationTime 0ms
2026-08-10T09:40:00.679-06:00  INFO 2652 --- [discovery-service] [a-EvictionTimer] c.n.e.registry.AbstractInstanceRegistry  : Running the evict task with compensationTime 0ms
2026-08-10T09:40:05.679-06:00  INFO 2652 --- [discovery-service] [a-EvictionTimer] c.n.e.registry.AbstractInstanceRegistry  : Running the evict task with compensationTime 0ms
2026-08-10T09:40:10.679-06:00  INFO 2652 --- [discovery-service] [a-EvictionTimer] c.n.e.registry.AbstractInstanceRegistry  : Running the evict task with compensationTime 0ms
2026-08-10T09:40:15.680-06:00  INFO 2652 --- [discovery-service] [a-EvictionTimer] c.n.e.registry.AbstractInstanceRegistry  : Running the evict task with compensationTime 0ms
2026-08-10T09:40:20.680-06:00  INFO 2652 --- [discovery-service] [a-EvictionTimer] c.n.e.registry.AbstractInstanceRegistry  : Running the evict task with compensationTime 0ms
2026-08-10T09:40:25.680-06:00  INFO 2652 --- [discovery-service] [a-EvictionTimer] c.n.e.registry.AbstractInstanceRegistry  : Running the evict task with compensationTime 0ms
2026-08-10T09:40:30.681-06:00  INFO 2652 --- [discovery-service] [a-EvictionTimer] c.n.e.registry.AbstractInstanceRegistry  : Running the evict task with compensationTime 0ms
2026-08-10T09:40:35.681-06:00  INFO 2652 --- [discovery-service] [a-EvictionTimer] c.n.e.registry.AbstractInstanceRegistry  : Running the evict task with compensationTime 0ms
2026-08-10T09:40:40.682-06:00  INFO 2652 --- [discovery-service] [a-EvictionTimer] c.n.e.registry.AbstractInstanceRegistry  : Running the evict task with compensationTime 0ms
2026-08-10T09:40:45.682-06:00  INFO 2652 --- [discovery-service] [a-EvictionTimer] c.n.e.registry.AbstractInstanceRegistry  : Running the evict task with compensationTime 0ms
2026-08-10T09:40:50.682-06:00  INFO 2652 --- [discovery-service] [a-EvictionTimer] c.n.e.registry.AbstractInstanceRegistry  : Running the evict task with compensationTime 0ms
2026-08-10T09:40:55.682-06:00  INFO 2652 --- [discovery-service] [a-EvictionTimer] c.n.e.registry.AbstractInstanceRegistry  : Running the evict task with compensationTime 0ms
2026-08-10T09:41:00.683-06:00  INFO 2652 --- [discovery-service] [a-EvictionTimer] c.n.e.registry.AbstractInstanceRegistry  : Running the evict task with compensationTime 0ms
2026-08-10T09:41:05.684-06:00  INFO 2652 --- [discovery-service] [a-EvictionTimer] c.n.e.registry.AbstractInstanceRegistry  : Running the evict task with compensationTime 0ms
2026-08-10T09:41:10.684-06:00  INFO 2652 --- [discovery-service] [a-EvictionTimer] c.n.e.registry.AbstractInstanceRegistry  : Running the evict task with compensationTime 0ms
2026-08-10T09:41:15.685-06:00  INFO 2652 --- [discovery-service] [a-EvictionTimer] c.n.e.registry.AbstractInstanceRegistry  : Running the evict task with compensationTime 0ms
2026-08-10T09:41:20.685-06:00  INFO 2652 --- [discovery-service] [a-EvictionTimer] c.n.e.registry.AbstractInstanceRegistry  : Running the evict task with compensationTime 0ms
2026-08-10T09:41:25.686-06:00  INFO 2652 --- [discovery-service] [a-EvictionTimer] c.n.e.registry.AbstractInstanceRegistry  : Running the evict task with compensationTime 0ms
2026-08-10T09:41:30.686-06:00  INFO 2652 --- [discovery-service] [a-EvictionTimer] c.n.e.registry.AbstractInstanceRegistry  : Running the evict task with compensationTime 0ms
2026-08-10T09:41:35.686-06:00  INFO 2652 --- [discovery-service] [a-EvictionTimer] c.n.e.registry.AbstractInstanceRegistry  : Running the evict task with compensationTime 0ms
2026-08-10T09:41:40.686-06:00  INFO 2652 --- [discovery-service] [a-EvictionTimer] c.n.e.registry.AbstractInstanceRegistry  : Running the evict task with compensationTime 0ms
2026-08-10T09:41:45.687-06:00  INFO 2652 --- [discovery-service] [a-EvictionTimer] c.n.e.registry.AbstractInstanceRegistry  : Running the evict task with compensationTime 0ms
2026-08-10T09:41:50.688-06:00  INFO 2652 --- [discovery-service] [a-EvictionTimer] c.n.e.registry.AbstractInstanceRegistry  : Running the evict task with compensationTime 0ms
2026-08-10T09:41:55.689-06:00  INFO 2652 --- [discovery-service] [a-EvictionTimer] c.n.e.registry.AbstractInstanceRegistry  : Running the evict task with compensationTime 1ms
2026-08-10T09:42:00.690-06:00  INFO 2652 --- [discovery-service] [a-EvictionTimer] c.n.e.registry.AbstractInstanceRegistry  : Running the evict task with compensationTime 1ms
2026-08-10T09:42:05.690-06:00  INFO 2652 --- [discovery-service] [a-EvictionTimer] c.n.e.registry.AbstractInstanceRegistry  : Running the evict task with compensationTime 0ms
2026-08-10T09:42:10.690-06:00  INFO 2652 --- [discovery-service] [a-EvictionTimer] c.n.e.registry.AbstractInstanceRegistry  : Running the evict task with compensationTime 0ms
2026-08-10T09:42:15.691-06:00  INFO 2652 --- [discovery-service] [a-EvictionTimer] c.n.e.registry.AbstractInstanceRegistry  : Running the evict task with compensationTime 0ms
2026-08-10T09:42:20.692-06:00  INFO 2652 --- [discovery-service] [a-EvictionTimer] c.n.e.registry.AbstractInstanceRegistry  : Running the evict task with compensationTime 0ms
2026-08-10T09:42:25.692-06:00  INFO 2652 --- [discovery-service] [a-EvictionTimer] c.n.e.registry.AbstractInstanceRegistry  : Running the evict task with compensationTime 0ms
2026-08-10T09:42:30.692-06:00  INFO 2652 --- [discovery-service] [a-EvictionTimer] c.n.e.registry.AbstractInstanceRegistry  : Running the evict task with compensationTime 0ms
2026-08-10T09:42:35.693-06:00  INFO 2652 --- [discovery-service] [a-EvictionTimer] c.n.e.registry.AbstractInstanceRegistry  : Running the evict task with compensationTime 0ms
2026-08-10T09:42:40.694-06:00  INFO 2652 --- [discovery-service] [a-EvictionTimer] c.n.e.registry.AbstractInstanceRegistry  : Running the evict task with compensationTime 0ms
2026-08-10T09:42:45.695-06:00  INFO 2652 --- [discovery-service] [a-EvictionTimer] c.n.e.registry.AbstractInstanceRegistry  : Running the evict task with compensationTime 1ms
2026-08-10T09:42:50.696-06:00  INFO 2652 --- [discovery-service] [a-EvictionTimer] c.n.e.registry.AbstractInstanceRegistry  : Running the evict task with compensationTime 1ms
2026-08-10T09:42:55.696-06:00  INFO 2652 --- [discovery-service] [a-EvictionTimer] c.n.e.registry.AbstractInstanceRegistry  : Running the evict task with compensationTime 0ms
2026-08-10T09:42:59.975-06:00  WARN 2652 --- [discovery-service] [eerNodesUpdater] c.n.eureka.cluster.PeerEurekaNodes       : The replica size seems to be empty. Check the route 53 DNS Registry
2026-08-10T09:43:00.001-06:00  INFO 2652 --- [discovery-service] [hresholdUpdater] c.n.e.r.PeerAwareInstanceRegistryImpl    : Current renewal threshold is : 3
2026-08-10T09:43:00.696-06:00  INFO 2652 --- [discovery-service] [a-EvictionTimer] c.n.e.registry.AbstractInstanceRegistry  : Running the evict task with compensationTime 0ms
2026-08-10T09:43:05.697-06:00  INFO 2652 --- [discovery-service] [a-EvictionTimer] c.n.e.registry.AbstractInstanceRegistry  : Running the evict task with compensationTime 0ms
2026-08-10T09:43:10.698-06:00  INFO 2652 --- [discovery-service] [a-EvictionTimer] c.n.e.registry.AbstractInstanceRegistry  : Running the evict task with compensationTime 1ms
2026-08-10T09:43:15.698-06:00  INFO 2652 --- [discovery-service] [a-EvictionTimer] c.n.e.registry.AbstractInstanceRegistry  : Running the evict task with compensationTime 0ms
2026-08-10T09:43:20.699-06:00  INFO 2652 --- [discovery-service] [a-EvictionTimer] c.n.e.registry.AbstractInstanceRegistry  : Running the evict task with compensationTime 0ms
2026-08-10T09:43:25.699-06:00  INFO 2652 --- [discovery-service] [a-EvictionTimer] c.n.e.registry.AbstractInstanceRegistry  : Running the evict task with compensationTime 0ms
2026-08-10T09:43:30.701-06:00  INFO 2652 --- [discovery-service] [a-EvictionTimer] c.n.e.registry.AbstractInstanceRegistry  : Running the evict task with compensationTime 2ms
2026-08-10T09:43:35.702-06:00  INFO 2652 --- [discovery-service] [a-EvictionTimer] c.n.e.registry.AbstractInstanceRegistry  : Running the evict task with compensationTime 0ms
2026-08-10T09:43:38.159-06:00  INFO 2652 --- [discovery-service] [nio-8761-exec-7] c.n.e.registry.AbstractInstanceRegistry  : Registered instance SEARCH-SERVICE/PC-Sergio.mshome.net:search-service:8084 with status DOWN (replication=false)
2026-08-10T09:43:38.168-06:00  INFO 2652 --- [discovery-service] [nio-8761-exec-6] c.n.e.registry.AbstractInstanceRegistry  : Registered instance SEARCH-SERVICE/PC-Sergio.mshome.net:search-service:8084 with status DOWN (replication=false)
2026-08-10T09:43:38.183-06:00  INFO 2652 --- [discovery-service] [nio-8761-exec-5] c.n.e.registry.AbstractInstanceRegistry  : Cancelled instance SEARCH-SERVICE/PC-Sergio.mshome.net:search-service:8084 (replication=false)
2026-08-10T09:43:40.702-06:00  INFO 2652 --- [discovery-service] [a-EvictionTimer] c.n.e.registry.AbstractInstanceRegistry  : Running the evict task with compensationTime 0ms
2026-08-10T09:43:45.703-06:00  INFO 2652 --- [discovery-service] [a-EvictionTimer] c.n.e.registry.AbstractInstanceRegistry  : Running the evict task with compensationTime 0ms
2026-08-10T09:43:50.703-06:00  INFO 2652 --- [discovery-service] [a-EvictionTimer] c.n.e.registry.AbstractInstanceRegistry  : Running the evict task with compensationTime 0ms
2026-08-10T09:43:55.704-06:00  INFO 2652 --- [discovery-service] [a-EvictionTimer] c.n.e.registry.AbstractInstanceRegistry  : Running the evict task with compensationTime 0ms
2026-08-10T09:44:00.704-06:00  INFO 2652 --- [discovery-service] [a-EvictionTimer] c.n.e.registry.AbstractInstanceRegistry  : Running the evict task with compensationTime 0ms
2026-08-10T09:44:01.148-06:00  WARN 2652 --- [discovery-service] [nio-8761-exec-9] c.n.e.registry.AbstractInstanceRegistry  : DS: Registry: lease doesn't exist, registering resource: SEARCH-SERVICE - PC-Sergio.mshome.net:search-service:8084
2026-08-10T09:44:01.151-06:00  WARN 2652 --- [discovery-service] [nio-8761-exec-9] c.n.eureka.resources.InstanceResource    : Not Found (Renew): SEARCH-SERVICE - PC-Sergio.mshome.net:search-service:8084
2026-08-10T09:44:01.166-06:00  INFO 2652 --- [discovery-service] [nio-8761-exec-4] c.n.e.registry.AbstractInstanceRegistry  : Registered instance SEARCH-SERVICE/PC-Sergio.mshome.net:search-service:8084 with status UP (replication=false)
2026-08-10T09:44:05.705-06:00  INFO 2652 --- [discovery-service] [a-EvictionTimer] c.n.e.registry.AbstractInstanceRegistry  : Running the evict task with compensationTime 0ms
2026-08-10T09:44:10.705-06:00  INFO 2652 --- [discovery-service] [a-EvictionTimer] c.n.e.registry.AbstractInstanceRegistry  : Running the evict task with compensationTime 0ms
2026-08-10T09:44:15.706-06:00  INFO 2652 --- [discovery-service] [a-EvictionTimer] c.n.e.registry.AbstractInstanceRegistry  : Running the evict task with compensationTime 1ms
2026-08-10T09:44:20.706-06:00  INFO 2652 --- [discovery-service] [a-EvictionTimer] c.n.e.registry.AbstractInstanceRegistry  : Running the evict task with compensationTime 0ms
2026-08-10T09:44:25.706-06:00  INFO 2652 --- [discovery-service] [a-EvictionTimer] c.n.e.registry.AbstractInstanceRegistry  : Running the evict task with compensationTime 0ms
2026-08-10T09:44:30.706-06:00  INFO 2652 --- [discovery-service] [a-EvictionTimer] c.n.e.registry.AbstractInstanceRegistry  : Running the evict task with compensationTime 0ms
2026-08-10T09:44:35.706-06:00  INFO 2652 --- [discovery-service] [a-EvictionTimer] c.n.e.registry.AbstractInstanceRegistry  : Running the evict task with compensationTime 0ms
2026-08-10T09:44:40.707-06:00  INFO 2652 --- [discovery-service] [a-EvictionTimer] c.n.e.registry.AbstractInstanceRegistry  : Running the evict task with compensationTime 0ms
2026-08-10T09:44:45.708-06:00  INFO 2652 --- [discovery-service] [a-EvictionTimer] c.n.e.registry.AbstractInstanceRegistry  : Running the evict task with compensationTime 0ms
2026-08-10T09:44:50.709-06:00  INFO 2652 --- [discovery-service] [a-EvictionTimer] c.n.e.registry.AbstractInstanceRegistry  : Running the evict task with compensationTime 0ms
2026-08-10T09:44:55.710-06:00  INFO 2652 --- [discovery-service] [a-EvictionTimer] c.n.e.registry.AbstractInstanceRegistry  : Running the evict task with compensationTime 1ms
2026-08-10T09:45:00.710-06:00  INFO 2652 --- [discovery-service] [a-EvictionTimer] c.n.e.registry.AbstractInstanceRegistry  : Running the evict task with compensationTime 0ms
2026-08-10T09:45:05.711-06:00  INFO 2652 --- [discovery-service] [a-EvictionTimer] c.n.e.registry.AbstractInstanceRegistry  : Running the evict task with compensationTime 0ms
2026-08-10T09:45:10.711-06:00  INFO 2652 --- [discovery-service] [a-EvictionTimer] c.n.e.registry.AbstractInstanceRegistry  : Running the evict task with compensationTime 0ms
2026-08-10T09:45:15.712-06:00  INFO 2652 --- [discovery-service] [a-EvictionTimer] c.n.e.registry.AbstractInstanceRegistry  : Running the evict task with compensationTime 0ms
2026-08-10T09:45:20.712-06:00  INFO 2652 --- [discovery-service] [a-EvictionTimer] c.n.e.registry.AbstractInstanceRegistry  : Running the evict task with compensationTime 0ms
2026-08-10T09:45:25.713-06:00  INFO 2652 --- [discovery-service] [a-EvictionTimer] c.n.e.registry.AbstractInstanceRegistry  : Running the evict task with compensationTime 0ms
2026-08-10T09:45:30.714-06:00  INFO 2652 --- [discovery-service] [a-EvictionTimer] c.n.e.registry.AbstractInstanceRegistry  : Running the evict task with compensationTime 0ms
2026-08-10T09:45:35.715-06:00  INFO 2652 --- [discovery-service] [a-EvictionTimer] c.n.e.registry.AbstractInstanceRegistry  : Running the evict task with compensationTime 0ms
2026-08-10T09:45:40.724-06:00  INFO 2652 --- [discovery-service] [a-EvictionTimer] c.n.e.registry.AbstractInstanceRegistry  : Running the evict task with compensationTime 9ms
2026-08-10T09:45:45.724-06:00  INFO 2652 --- [discovery-service] [a-EvictionTimer] c.n.e.registry.AbstractInstanceRegistry  : Running the evict task with compensationTime 0ms
2026-08-10T09:45:50.725-06:00  INFO 2652 --- [discovery-service] [a-EvictionTimer] c.n.e.registry.AbstractInstanceRegistry  : Running the evict task with compensationTime 0ms
2026-08-10T09:45:55.725-06:00  INFO 2652 --- [discovery-service] [a-EvictionTimer] c.n.e.registry.AbstractInstanceRegistry  : Running the evict task with compensationTime 0ms
2026-08-10T09:46:00.725-06:00  INFO 2652 --- [discovery-service] [a-EvictionTimer] c.n.e.registry.AbstractInstanceRegistry  : Running the evict task with compensationTime 0ms
2026-08-10T09:46:05.726-06:00  INFO 2652 --- [discovery-service] [a-EvictionTimer] c.n.e.registry.AbstractInstanceRegistry  : Running the evict task with compensationTime 0ms
2026-08-10T09:46:10.726-06:00  INFO 2652 --- [discovery-service] [a-EvictionTimer] c.n.e.registry.AbstractInstanceRegistry  : Running the evict task with compensationTime 0ms
2026-08-10T09:46:15.727-06:00  INFO 2652 --- [discovery-service] [a-EvictionTimer] c.n.e.registry.AbstractInstanceRegistry  : Running the evict task with compensationTime 0ms
2026-08-10T09:46:20.727-06:00  INFO 2652 --- [discovery-service] [a-EvictionTimer] c.n.e.registry.AbstractInstanceRegistry  : Running the evict task with compensationTime 0ms
2026-08-10T09:46:25.727-06:00  INFO 2652 --- [discovery-service] [a-EvictionTimer] c.n.e.registry.AbstractInstanceRegistry  : Running the evict task with compensationTime 0ms
2026-08-10T09:46:30.728-06:00  INFO 2652 --- [discovery-service] [a-EvictionTimer] c.n.e.registry.AbstractInstanceRegistry  : Running the evict task with compensationTime 0ms
2026-08-10T09:46:35.729-06:00  INFO 2652 --- [discovery-service] [a-EvictionTimer] c.n.e.registry.AbstractInstanceRegistry  : Running the evict task with compensationTime 1ms
2026-08-10T09:46:40.736-06:00  INFO 2652 --- [discovery-service] [a-EvictionTimer] c.n.e.registry.AbstractInstanceRegistry  : Running the evict task with compensationTime 7ms
2026-08-10T09:46:45.737-06:00  INFO 2652 --- [discovery-service] [a-EvictionTimer] c.n.e.registry.AbstractInstanceRegistry  : Running the evict task with compensationTime 1ms
2026-08-10T09:46:50.752-06:00  INFO 2652 --- [discovery-service] [a-EvictionTimer] c.n.e.registry.AbstractInstanceRegistry  : Running the evict task with compensationTime 15ms
2026-08-10T09:46:55.752-06:00  INFO 2652 --- [discovery-service] [a-EvictionTimer] c.n.e.registry.AbstractInstanceRegistry  : Running the evict task with compensationTime 0ms
2026-08-10T09:47:00.765-06:00  INFO 2652 --- [discovery-service] [a-EvictionTimer] c.n.e.registry.AbstractInstanceRegistry  : Running the evict task with compensationTime 12ms
2026-08-10T09:47:05.771-06:00  INFO 2652 --- [discovery-service] [a-EvictionTimer] c.n.e.registry.AbstractInstanceRegistry  : Running the evict task with compensationTime 6ms
2026-08-10T09:47:10.775-06:00  INFO 2652 --- [discovery-service] [a-EvictionTimer] c.n.e.registry.AbstractInstanceRegistry  : Running the evict task with compensationTime 3ms
2026-08-10T09:47:15.781-06:00  INFO 2652 --- [discovery-service] [a-EvictionTimer] c.n.e.registry.AbstractInstanceRegistry  : Running the evict task with compensationTime 5ms
2026-08-10T09:47:20.781-06:00  INFO 2652 --- [discovery-service] [a-EvictionTimer] c.n.e.registry.AbstractInstanceRegistry  : Running the evict task with compensationTime 0ms
2026-08-10T09:47:25.781-06:00  INFO 2652 --- [discovery-service] [a-EvictionTimer] c.n.e.registry.AbstractInstanceRegistry  : Running the evict task with compensationTime 0ms
2026-08-10T09:47:30.785-06:00  INFO 2652 --- [discovery-service] [a-EvictionTimer] c.n.e.registry.AbstractInstanceRegistry  : Running the evict task with compensationTime 3ms
2026-08-10T09:47:35.792-06:00  INFO 2652 --- [discovery-service] [a-EvictionTimer] c.n.e.registry.AbstractInstanceRegistry  : Running the evict task with compensationTime 7ms
2026-08-10T09:47:40.792-06:00  INFO 2652 --- [discovery-service] [a-EvictionTimer] c.n.e.registry.AbstractInstanceRegistry  : Running the evict task with compensationTime 0ms
2026-08-10T09:47:45.794-06:00  INFO 2652 --- [discovery-service] [a-EvictionTimer] c.n.e.registry.AbstractInstanceRegistry  : Running the evict task with compensationTime 1ms
2026-08-10T09:47:50.796-06:00  INFO 2652 --- [discovery-service] [a-EvictionTimer] c.n.e.registry.AbstractInstanceRegistry  : Running the evict task with compensationTime 1ms
2026-08-10T09:47:55.812-06:00  INFO 2652 --- [discovery-service] [a-EvictionTimer] c.n.e.registry.AbstractInstanceRegistry  : Running the evict task with compensationTime 16ms
2026-08-10T09:48:00.812-06:00  INFO 2652 --- [discovery-service] [a-EvictionTimer] c.n.e.registry.AbstractInstanceRegistry  : Running the evict task with compensationTime 0ms
2026-08-10T09:48:05.822-06:00  INFO 2652 --- [discovery-service] [a-EvictionTimer] c.n.e.registry.AbstractInstanceRegistry  : Running the evict task with compensationTime 9ms
2026-08-10T09:48:10.836-06:00  INFO 2652 --- [discovery-service] [a-EvictionTimer] c.n.e.registry.AbstractInstanceRegistry  : Running the evict task with compensationTime 14ms
2026-08-10T09:48:15.836-06:00  INFO 2652 --- [discovery-service] [a-EvictionTimer] c.n.e.registry.AbstractInstanceRegistry  : Running the evict task with compensationTime 0ms
2026-08-10T09:48:20.837-06:00  INFO 2652 --- [discovery-service] [a-EvictionTimer] c.n.e.registry.AbstractInstanceRegistry  : Running the evict task with compensationTime 0ms
2026-08-10T09:48:25.837-06:00  INFO 2652 --- [discovery-service] [a-EvictionTimer] c.n.e.registry.AbstractInstanceRegistry  : Running the evict task with compensationTime 0ms
2026-08-10T09:48:30.837-06:00  INFO 2652 --- [discovery-service] [a-EvictionTimer] c.n.e.registry.AbstractInstanceRegistry  : Running the evict task with compensationTime 0ms
2026-08-10T09:48:35.851-06:00  INFO 2652 --- [discovery-service] [a-EvictionTimer] c.n.e.registry.AbstractInstanceRegistry  : Running the evict task with compensationTime 13ms
2026-08-10T09:48:40.859-06:00  INFO 2652 --- [discovery-service] [a-EvictionTimer] c.n.e.registry.AbstractInstanceRegistry  : Running the evict task with compensationTime 7ms
2026-08-10T09:48:45.870-06:00  INFO 2652 --- [discovery-service] [a-EvictionTimer] c.n.e.registry.AbstractInstanceRegistry  : Running the evict task with compensationTime 11ms
2026-08-10T09:48:50.870-06:00  INFO 2652 --- [discovery-service] [a-EvictionTimer] c.n.e.registry.AbstractInstanceRegistry  : Running the evict task with compensationTime 0ms
2026-08-10T09:48:55.885-06:00  INFO 2652 --- [discovery-service] [a-EvictionTimer] c.n.e.registry.AbstractInstanceRegistry  : Running the evict task with compensationTime 15ms
2026-08-10T09:49:00.889-06:00  INFO 2652 --- [discovery-service] [a-EvictionTimer] c.n.e.registry.AbstractInstanceRegistry  : Running the evict task with compensationTime 4ms
2026-08-10T09:49:05.903-06:00  INFO 2652 --- [discovery-service] [a-EvictionTimer] c.n.e.registry.AbstractInstanceRegistry  : Running the evict task with compensationTime 14ms
2026-08-10T09:49:10.917-06:00  INFO 2652 --- [discovery-service] [a-EvictionTimer] c.n.e.registry.AbstractInstanceRegistry  : Running the evict task with compensationTime 13ms
2026-08-10T09:49:15.923-06:00  INFO 2652 --- [discovery-service] [a-EvictionTimer] c.n.e.registry.AbstractInstanceRegistry  : Running the evict task with compensationTime 6ms
2026-08-10T09:49:20.926-06:00  INFO 2652 --- [discovery-service] [a-EvictionTimer] c.n.e.registry.AbstractInstanceRegistry  : Running the evict task with compensationTime 2ms
2026-08-10T09:49:25.927-06:00  INFO 2652 --- [discovery-service] [a-EvictionTimer] c.n.e.registry.AbstractInstanceRegistry  : Running the evict task with compensationTime 0ms
2026-08-10T09:49:30.937-06:00  INFO 2652 --- [discovery-service] [a-EvictionTimer] c.n.e.registry.AbstractInstanceRegistry  : Running the evict task with compensationTime 10ms
2026-08-10T09:49:35.938-06:00  INFO 2652 --- [discovery-service] [a-EvictionTimer] c.n.e.registry.AbstractInstanceRegistry  : Running the evict task with compensationTime 1ms
2026-08-10T09:49:40.938-06:00  INFO 2652 --- [discovery-service] [a-EvictionTimer] c.n.e.registry.AbstractInstanceRegistry  : Running the evict task with compensationTime 0ms
2026-08-10T09:49:45.939-06:00  INFO 2652 --- [discovery-service] [a-EvictionTimer] c.n.e.registry.AbstractInstanceRegistry  : Running the evict task with compensationTime 1ms
2026-08-10T09:49:50.940-06:00  INFO 2652 --- [discovery-service] [a-EvictionTimer] c.n.e.registry.AbstractInstanceRegistry  : Running the evict task with compensationTime 0ms
2026-08-10T09:49:55.953-06:00  INFO 2652 --- [discovery-service] [a-EvictionTimer] c.n.e.registry.AbstractInstanceRegistry  : Running the evict task with compensationTime 12ms
2026-08-10T09:50:00.954-06:00  INFO 2652 --- [discovery-service] [a-EvictionTimer] c.n.e.registry.AbstractInstanceRegistry  : Running the evict task with compensationTime 1ms
2026-08-10T09:50:05.955-06:00  INFO 2652 --- [discovery-service] [a-EvictionTimer] c.n.e.registry.AbstractInstanceRegistry  : Running the evict task with compensationTime 0ms
2026-08-10T09:50:10.955-06:00  INFO 2652 --- [discovery-service] [a-EvictionTimer] c.n.e.registry.AbstractInstanceRegistry  : Running the evict task with compensationTime 0ms
2026-08-10T09:50:15.955-06:00  INFO 2652 --- [discovery-service] [a-EvictionTimer] c.n.e.registry.AbstractInstanceRegistry  : Running the evict task with compensationTime 0ms
2026-08-10T09:50:20.956-06:00  INFO 2652 --- [discovery-service] [a-EvictionTimer] c.n.e.registry.AbstractInstanceRegistry  : Running the evict task with compensationTime 0ms
2026-08-10T09:50:25.957-06:00  INFO 2652 --- [discovery-service] [a-EvictionTimer] c.n.e.registry.AbstractInstanceRegistry  : Running the evict task with compensationTime 1ms
2026-08-10T09:50:30.957-06:00  INFO 2652 --- [discovery-service] [a-EvictionTimer] c.n.e.registry.AbstractInstanceRegistry  : Running the evict task with compensationTime 0ms
2026-08-10T09:50:35.957-06:00  INFO 2652 --- [discovery-service] [a-EvictionTimer] c.n.e.registry.AbstractInstanceRegistry  : Running the evict task with compensationTime 0ms
2026-08-10T09:50:40.958-06:00  INFO 2652 --- [discovery-service] [a-EvictionTimer] c.n.e.registry.AbstractInstanceRegistry  : Running the evict task with compensationTime 0ms
2026-08-10T09:50:45.959-06:00  INFO 2652 --- [discovery-service] [a-EvictionTimer] c.n.e.registry.AbstractInstanceRegistry  : Running the evict task with compensationTime 0ms
2026-08-10T09:50:50.960-06:00  INFO 2652 --- [discovery-service] [a-EvictionTimer] c.n.e.registry.AbstractInstanceRegistry  : Running the evict task with compensationTime 1ms
2026-08-10T09:50:55.961-06:00  INFO 2652 --- [discovery-service] [a-EvictionTimer] c.n.e.registry.AbstractInstanceRegistry  : Running the evict task with compensationTime 0ms
2026-08-10T09:51:00.961-06:00  INFO 2652 --- [discovery-service] [a-EvictionTimer] c.n.e.registry.AbstractInstanceRegistry  : Running the evict task with compensationTime 0ms
2026-08-10T09:51:05.963-06:00  INFO 2652 --- [discovery-service] [a-EvictionTimer] c.n.e.registry.AbstractInstanceRegistry  : Running the evict task with compensationTime 1ms
2026-08-10T09:51:10.964-06:00  INFO 2652 --- [discovery-service] [a-EvictionTimer] c.n.e.registry.AbstractInstanceRegistry  : Running the evict task with compensationTime 0ms
2026-08-10T09:51:15.964-06:00  INFO 2652 --- [discovery-service] [a-EvictionTimer] c.n.e.registry.AbstractInstanceRegistry  : Running the evict task with compensationTime 0ms
2026-08-10T09:51:20.964-06:00  INFO 2652 --- [discovery-service] [a-EvictionTimer] c.n.e.registry.AbstractInstanceRegistry  : Running the evict task with compensationTime 0ms
2026-08-10T09:51:25.965-06:00  INFO 2652 --- [discovery-service] [a-EvictionTimer] c.n.e.registry.AbstractInstanceRegistry  : Running the evict task with compensationTime 0ms
2026-08-10T09:51:30.965-06:00  INFO 2652 --- [discovery-service] [a-EvictionTimer] c.n.e.registry.AbstractInstanceRegistry  : Running the evict task with compensationTime 0ms
2026-08-10T09:51:35.965-06:00  INFO 2652 --- [discovery-service] [a-EvictionTimer] c.n.e.registry.AbstractInstanceRegistry  : Running the evict task with compensationTime 0ms
2026-08-10T09:51:40.965-06:00  INFO 2652 --- [discovery-service] [a-EvictionTimer] c.n.e.registry.AbstractInstanceRegistry  : Running the evict task with compensationTime 0ms
2026-08-10T09:51:45.965-06:00  INFO 2652 --- [discovery-service] [a-EvictionTimer] c.n.e.registry.AbstractInstanceRegistry  : Running the evict task with compensationTime 0ms
2026-08-10T09:51:50.967-06:00  INFO 2652 --- [discovery-service] [a-EvictionTimer] c.n.e.registry.AbstractInstanceRegistry  : Running the evict task with compensationTime 2ms
2026-08-10T09:51:54.136-06:00  INFO 2652 --- [discovery-service] [nio-8761-exec-2] c.n.e.registry.AbstractInstanceRegistry  : Registered instance API-GATEWAY/PC-Sergio.mshome.net:api-gateway:8080 with status UP (replication=false)
2026-08-10T09:51:55.980-06:00  INFO 2652 --- [discovery-service] [a-EvictionTimer] c.n.e.registry.AbstractInstanceRegistry  : Running the evict task with compensationTime 12ms
2026-08-10T09:52:00.980-06:00  INFO 2652 --- [discovery-service] [a-EvictionTimer] c.n.e.registry.AbstractInstanceRegistry  : Running the evict task with compensationTime 0ms
2026-08-10T09:52:05.980-06:00  INFO 2652 --- [discovery-service] [a-EvictionTimer] c.n.e.registry.AbstractInstanceRegistry  : Running the evict task with compensationTime 0ms
2026-08-10T09:52:10.981-06:00  INFO 2652 --- [discovery-service] [a-EvictionTimer] c.n.e.registry.AbstractInstanceRegistry  : Running the evict task with compensationTime 0ms
2026-08-10T09:52:15.982-06:00  INFO 2652 --- [discovery-service] [a-EvictionTimer] c.n.e.registry.AbstractInstanceRegistry  : Running the evict task with compensationTime 0ms
2026-08-10T09:52:20.982-06:00  INFO 2652 --- [discovery-service] [a-EvictionTimer] c.n.e.registry.AbstractInstanceRegistry  : Running the evict task with compensationTime 0ms
2026-08-10T09:52:25.982-06:00  INFO 2652 --- [discovery-service] [a-EvictionTimer] c.n.e.registry.AbstractInstanceRegistry  : Running the evict task with compensationTime 0ms
2026-08-10T09:52:30.982-06:00  INFO 2652 --- [discovery-service] [a-EvictionTimer] c.n.e.registry.AbstractInstanceRegistry  : Running the evict task with compensationTime 0ms
2026-08-10T09:52:35.983-06:00  INFO 2652 --- [discovery-service] [a-EvictionTimer] c.n.e.registry.AbstractInstanceRegistry  : Running the evict task with compensationTime 0ms
2026-08-10T09:52:40.983-06:00  INFO 2652 --- [discovery-service] [a-EvictionTimer] c.n.e.registry.AbstractInstanceRegistry  : Running the evict task with compensationTime 0ms
2026-08-10T09:52:45.983-06:00  INFO 2652 --- [discovery-service] [a-EvictionTimer] c.n.e.registry.AbstractInstanceRegistry  : Running the evict task with compensationTime 0ms
2026-08-10T09:52:50.983-06:00  INFO 2652 --- [discovery-service] [a-EvictionTimer] c.n.e.registry.AbstractInstanceRegistry  : Running the evict task with compensationTime 0ms
2026-08-10T09:52:55.984-06:00  INFO 2652 --- [discovery-service] [a-EvictionTimer] c.n.e.registry.AbstractInstanceRegistry  : Running the evict task with compensationTime 0ms
2026-08-10T09:52:59.978-06:00  WARN 2652 --- [discovery-service] [eerNodesUpdater] c.n.eureka.cluster.PeerEurekaNodes       : The replica size seems to be empty. Check the route 53 DNS Registry
2026-08-10T09:53:00.984-06:00  INFO 2652 --- [discovery-service] [a-EvictionTimer] c.n.e.registry.AbstractInstanceRegistry  : Running the evict task with compensationTime 0ms
2026-08-10T09:53:05.987-06:00  INFO 2652 --- [discovery-service] [a-EvictionTimer] c.n.e.registry.AbstractInstanceRegistry  : Running the evict task with compensationTime 2ms
2026-08-10T09:53:10.988-06:00  INFO 2652 --- [discovery-service] [a-EvictionTimer] c.n.e.registry.AbstractInstanceRegistry  : Running the evict task with compensationTime 1ms
2026-08-10T09:53:15.989-06:00  INFO 2652 --- [discovery-service] [a-EvictionTimer] c.n.e.registry.AbstractInstanceRegistry  : Running the evict task with compensationTime 0ms
2026-08-10T09:53:20.990-06:00  INFO 2652 --- [discovery-service] [a-EvictionTimer] c.n.e.registry.AbstractInstanceRegistry  : Running the evict task with compensationTime 1ms
2026-08-10T09:53:25.990-06:00  INFO 2652 --- [discovery-service] [a-EvictionTimer] c.n.e.registry.AbstractInstanceRegistry  : Running the evict task with compensationTime 0ms
2026-08-10T09:53:30.991-06:00  INFO 2652 --- [discovery-service] [a-EvictionTimer] c.n.e.registry.AbstractInstanceRegistry  : Running the evict task with compensationTime 0ms
2026-08-10T09:53:35.992-06:00  INFO 2652 --- [discovery-service] [a-EvictionTimer] c.n.e.registry.AbstractInstanceRegistry  : Running the evict task with compensationTime 1ms
2026-08-10T09:53:40.992-06:00  INFO 2652 --- [discovery-service] [a-EvictionTimer] c.n.e.registry.AbstractInstanceRegistry  : Running the evict task with compensationTime 0ms
2026-08-10T09:53:45.993-06:00  INFO 2652 --- [discovery-service] [a-EvictionTimer] c.n.e.registry.AbstractInstanceRegistry  : Running the evict task with compensationTime 0ms
2026-08-10T09:53:50.994-06:00  INFO 2652 --- [discovery-service] [a-EvictionTimer] c.n.e.registry.AbstractInstanceRegistry  : Running the evict task with compensationTime 1ms
2026-08-10T09:53:55.994-06:00  INFO 2652 --- [discovery-service] [a-EvictionTimer] c.n.e.registry.AbstractInstanceRegistry  : Running the evict task with compensationTime 0ms
2026-08-10T09:54:00.994-06:00  INFO 2652 --- [discovery-service] [a-EvictionTimer] c.n.e.registry.AbstractInstanceRegistry  : Running the evict task with compensationTime 0ms
2026-08-10T09:54:05.994-06:00  INFO 2652 --- [discovery-service] [a-EvictionTimer] c.n.e.registry.AbstractInstanceRegistry  : Running the evict task with compensationTime 0ms
2026-08-10T09:54:10.995-06:00  INFO 2652 --- [discovery-service] [a-EvictionTimer] c.n.e.registry.AbstractInstanceRegistry  : Running the evict task with compensationTime 2ms
2026-08-10T09:54:14.529-06:00  INFO 2652 --- [discovery-service] [nio-8761-exec-6] c.n.e.registry.AbstractInstanceRegistry  : Registered instance API-GATEWAY/PC-Sergio.mshome.net:api-gateway:8080 with status UP (replication=false)
2026-08-10T09:54:15.996-06:00  INFO 2652 --- [discovery-service] [a-EvictionTimer] c.n.e.registry.AbstractInstanceRegistry  : Running the evict task with compensationTime 0ms
2026-08-10T09:54:16.859-06:00  INFO 2652 --- [discovery-service] [nio-8761-exec-7] c.n.e.registry.AbstractInstanceRegistry  : Registered instance API-GATEWAY/PC-Sergio.mshome.net:api-gateway:8080 with status DOWN (replication=false)
2026-08-10T09:54:16.867-06:00  INFO 2652 --- [discovery-service] [nio-8761-exec-8] c.n.e.registry.AbstractInstanceRegistry  : Cancelled instance API-GATEWAY/PC-Sergio.mshome.net:api-gateway:8080 (replication=false)
2026-08-10T09:54:20.997-06:00  INFO 2652 --- [discovery-service] [a-EvictionTimer] c.n.e.registry.AbstractInstanceRegistry  : Running the evict task with compensationTime 1ms
2026-08-10T09:54:24.162-06:00  WARN 2652 --- [discovery-service] [nio-8761-exec-3] c.n.e.registry.AbstractInstanceRegistry  : DS: Registry: lease doesn't exist, registering resource: API-GATEWAY - PC-Sergio.mshome.net:api-gateway:8080
2026-08-10T09:54:24.163-06:00  WARN 2652 --- [discovery-service] [nio-8761-exec-3] c.n.eureka.resources.InstanceResource    : Not Found (Renew): API-GATEWAY - PC-Sergio.mshome.net:api-gateway:8080
2026-08-10T09:54:24.172-06:00  INFO 2652 --- [discovery-service] [nio-8761-exec-9] c.n.e.registry.AbstractInstanceRegistry  : Registered instance API-GATEWAY/PC-Sergio.mshome.net:api-gateway:8080 with status UP (replication=false)
2026-08-10T09:54:25.997-06:00  INFO 2652 --- [discovery-service] [a-EvictionTimer] c.n.e.registry.AbstractInstanceRegistry  : Running the evict task with compensationTime 0ms
2026-08-10T09:54:31.008-06:00  INFO 2652 --- [discovery-service] [a-EvictionTimer] c.n.e.registry.AbstractInstanceRegistry  : Running the evict task with compensationTime 11ms
2026-08-10T09:54:36.009-06:00  INFO 2652 --- [discovery-service] [a-EvictionTimer] c.n.e.registry.AbstractInstanceRegistry  : Running the evict task with compensationTime 0ms
2026-08-10T09:54:41.009-06:00  INFO 2652 --- [discovery-service] [a-EvictionTimer] c.n.e.registry.AbstractInstanceRegistry  : Running the evict task with compensationTime 0ms
2026-08-10T09:54:46.010-06:00  INFO 2652 --- [discovery-service] [a-EvictionTimer] c.n.e.registry.AbstractInstanceRegistry  : Running the evict task with compensationTime 1ms
2026-08-10T09:54:51.010-06:00  INFO 2652 --- [discovery-service] [a-EvictionTimer] c.n.e.registry.AbstractInstanceRegistry  : Running the evict task with compensationTime 0ms
2026-08-10T09:54:56.010-06:00  INFO 2652 --- [discovery-service] [a-EvictionTimer] c.n.e.registry.AbstractInstanceRegistry  : Running the evict task with compensationTime 0ms
2026-08-10T09:55:01.011-06:00  INFO 2652 --- [discovery-service] [a-EvictionTimer] c.n.e.registry.AbstractInstanceRegistry  : Running the evict task with compensationTime 0ms
2026-08-10T09:55:06.011-06:00  INFO 2652 --- [discovery-service] [a-EvictionTimer] c.n.e.registry.AbstractInstanceRegistry  : Running the evict task with compensationTime 0ms
2026-08-10T09:55:08.745-06:00  INFO 2652 --- [discovery-service] [nio-8761-exec-3] c.n.e.registry.AbstractInstanceRegistry  : Registered instance API-GATEWAY/PC-Sergio.mshome.net:api-gateway:8080 with status UP (replication=false)
2026-08-10T09:55:11.012-06:00  INFO 2652 --- [discovery-service] [a-EvictionTimer] c.n.e.registry.AbstractInstanceRegistry  : Running the evict task with compensationTime 0ms
2026-08-10T09:55:16.013-06:00  INFO 2652 --- [discovery-service] [a-EvictionTimer] c.n.e.registry.AbstractInstanceRegistry  : Running the evict task with compensationTime 1ms
2026-08-10T09:55:21.013-06:00  INFO 2652 --- [discovery-service] [a-EvictionTimer] c.n.e.registry.AbstractInstanceRegistry  : Running the evict task with compensationTime 0ms
2026-08-10T09:55:26.014-06:00  INFO 2652 --- [discovery-service] [a-EvictionTimer] c.n.e.registry.AbstractInstanceRegistry  : Running the evict task with compensationTime 1ms
2026-08-10T09:55:31.015-06:00  INFO 2652 --- [discovery-service] [a-EvictionTimer] c.n.e.registry.AbstractInstanceRegistry  : Running the evict task with compensationTime 0ms
2026-08-10T09:55:36.015-06:00  INFO 2652 --- [discovery-service] [a-EvictionTimer] c.n.e.registry.AbstractInstanceRegistry  : Running the evict task with compensationTime 0ms
2026-08-10T09:55:41.016-06:00  INFO 2652 --- [discovery-service] [a-EvictionTimer] c.n.e.registry.AbstractInstanceRegistry  : Running the evict task with compensationTime 0ms
2026-08-10T09:55:46.017-06:00  INFO 2652 --- [discovery-service] [a-EvictionTimer] c.n.e.registry.AbstractInstanceRegistry  : Running the evict task with compensationTime 1ms
2026-08-10T09:55:51.018-06:00  INFO 2652 --- [discovery-service] [a-EvictionTimer] c.n.e.registry.AbstractInstanceRegistry  : Running the evict task with compensationTime 0ms
2026-08-10T09:55:56.018-06:00  INFO 2652 --- [discovery-service] [a-EvictionTimer] c.n.e.registry.AbstractInstanceRegistry  : Running the evict task with compensationTime 0ms
2026-08-10T09:56:01.018-06:00  INFO 2652 --- [discovery-service] [a-EvictionTimer] c.n.e.registry.AbstractInstanceRegistry  : Running the evict task with compensationTime 0ms
2026-08-10T09:56:06.019-06:00  INFO 2652 --- [discovery-service] [a-EvictionTimer] c.n.e.registry.AbstractInstanceRegistry  : Running the evict task with compensationTime 0ms
2026-08-10T09:56:11.033-06:00  INFO 2652 --- [discovery-service] [a-EvictionTimer] c.n.e.registry.AbstractInstanceRegistry  : Running the evict task with compensationTime 14ms
2026-08-10T09:56:16.034-06:00  INFO 2652 --- [discovery-service] [a-EvictionTimer] c.n.e.registry.AbstractInstanceRegistry  : Running the evict task with compensationTime 0ms
2026-08-10T09:56:21.035-06:00  INFO 2652 --- [discovery-service] [a-EvictionTimer] c.n.e.registry.AbstractInstanceRegistry  : Running the evict task with compensationTime 0ms
2026-08-10T09:56:26.035-06:00  INFO 2652 --- [discovery-service] [a-EvictionTimer] c.n.e.registry.AbstractInstanceRegistry  : Running the evict task with compensationTime 0ms
2026-08-10T09:56:31.035-06:00  INFO 2652 --- [discovery-service] [a-EvictionTimer] c.n.e.registry.AbstractInstanceRegistry  : Running the evict task with compensationTime 0ms
2026-08-10T09:56:36.037-06:00  INFO 2652 --- [discovery-service] [a-EvictionTimer] c.n.e.registry.AbstractInstanceRegistry  : Running the evict task with compensationTime 1ms
2026-08-10T09:56:41.037-06:00  INFO 2652 --- [discovery-service] [a-EvictionTimer] c.n.e.registry.AbstractInstanceRegistry  : Running the evict task with compensationTime 0ms
2026-08-10T09:56:46.037-06:00  INFO 2652 --- [discovery-service] [a-EvictionTimer] c.n.e.registry.AbstractInstanceRegistry  : Running the evict task with compensationTime 0ms
2026-08-10T09:56:51.037-06:00  INFO 2652 --- [discovery-service] [a-EvictionTimer] c.n.e.registry.AbstractInstanceRegistry  : Running the evict task with compensationTime 0ms
2026-08-10T09:56:56.038-06:00  INFO 2652 --- [discovery-service] [a-EvictionTimer] c.n.e.registry.AbstractInstanceRegistry  : Running the evict task with compensationTime 0ms
2026-08-10T09:57:01.039-06:00  INFO 2652 --- [discovery-service] [a-EvictionTimer] c.n.e.registry.AbstractInstanceRegistry  : Running the evict task with compensationTime 0ms
2026-08-10T09:57:06.038-06:00  INFO 2652 --- [discovery-service] [a-EvictionTimer] c.n.e.registry.AbstractInstanceRegistry  : Running the evict task with compensationTime 0ms
2026-08-10T09:57:11.039-06:00  INFO 2652 --- [discovery-service] [a-EvictionTimer] c.n.e.registry.AbstractInstanceRegistry  : Running the evict task with compensationTime 0ms
2026-08-10T09:57:16.039-06:00  INFO 2652 --- [discovery-service] [a-EvictionTimer] c.n.e.registry.AbstractInstanceRegistry  : Running the evict task with compensationTime 0ms
2026-08-10T09:57:21.040-06:00  INFO 2652 --- [discovery-service] [a-EvictionTimer] c.n.e.registry.AbstractInstanceRegistry  : Running the evict task with compensationTime 0ms
2026-08-10T09:57:26.040-06:00  INFO 2652 --- [discovery-service] [a-EvictionTimer] c.n.e.registry.AbstractInstanceRegistry  : Running the evict task with compensationTime 0ms
2026-08-10T09:57:31.041-06:00  INFO 2652 --- [discovery-service] [a-EvictionTimer] c.n.e.registry.AbstractInstanceRegistry  : Running the evict task with compensationTime 0ms
2026-08-10T09:57:36.041-06:00  INFO 2652 --- [discovery-service] [a-EvictionTimer] c.n.e.registry.AbstractInstanceRegistry  : Running the evict task with compensationTime 0ms
2026-08-10T09:57:38.893-06:00  INFO 2652 --- [discovery-service] [nio-8761-exec-9] c.n.e.registry.AbstractInstanceRegistry  : Registered instance API-GATEWAY/PC-Sergio.mshome.net:api-gateway:8080 with status UP (replication=false)
2026-08-10T09:57:41.042-06:00  INFO 2652 --- [discovery-service] [a-EvictionTimer] c.n.e.registry.AbstractInstanceRegistry  : Running the evict task with compensationTime 0ms
2026-08-10T09:57:41.182-06:00  INFO 2652 --- [discovery-service] [nio-8761-exec-1] c.n.e.registry.AbstractInstanceRegistry  : Registered instance API-GATEWAY/PC-Sergio.mshome.net:api-gateway:8080 with status DOWN (replication=false)
2026-08-10T09:57:44.211-06:00  INFO 2652 --- [discovery-service] [nio-8761-exec-2] c.n.e.registry.AbstractInstanceRegistry  : Cancelled instance API-GATEWAY/PC-Sergio.mshome.net:api-gateway:8080 (replication=false)
2026-08-10T09:57:46.043-06:00  INFO 2652 --- [discovery-service] [a-EvictionTimer] c.n.e.registry.AbstractInstanceRegistry  : Running the evict task with compensationTime 1ms
2026-08-10T09:57:51.043-06:00  INFO 2652 --- [discovery-service] [a-EvictionTimer] c.n.e.registry.AbstractInstanceRegistry  : Running the evict task with compensationTime 0ms
2026-08-10T09:57:56.044-06:00  INFO 2652 --- [discovery-service] [a-EvictionTimer] c.n.e.registry.AbstractInstanceRegistry  : Running the evict task with compensationTime 0ms
2026-08-10T09:58:00.002-06:00  INFO 2652 --- [discovery-service] [hresholdUpdater] c.n.e.r.PeerAwareInstanceRegistryImpl    : Current renewal threshold is : 3
2026-08-10T09:58:01.055-06:00  INFO 2652 --- [discovery-service] [a-EvictionTimer] c.n.e.registry.AbstractInstanceRegistry  : Running the evict task with compensationTime 11ms
2026-08-10T09:58:06.056-06:00  INFO 2652 --- [discovery-service] [a-EvictionTimer] c.n.e.registry.AbstractInstanceRegistry  : Running the evict task with compensationTime 0ms
2026-08-10T09:58:08.822-06:00  WARN 2652 --- [discovery-service] [io-8761-exec-10] c.n.e.registry.AbstractInstanceRegistry  : DS: Registry: lease doesn't exist, registering resource: API-GATEWAY - PC-Sergio.mshome.net:api-gateway:8080
2026-08-10T09:58:08.826-06:00  WARN 2652 --- [discovery-service] [io-8761-exec-10] c.n.eureka.resources.InstanceResource    : Not Found (Renew): API-GATEWAY - PC-Sergio.mshome.net:api-gateway:8080
2026-08-10T09:58:08.834-06:00  INFO 2652 --- [discovery-service] [nio-8761-exec-3] c.n.e.registry.AbstractInstanceRegistry  : Registered instance API-GATEWAY/PC-Sergio.mshome.net:api-gateway:8080 with status UP (replication=false)
2026-08-10T09:58:11.057-06:00  INFO 2652 --- [discovery-service] [a-EvictionTimer] c.n.e.registry.AbstractInstanceRegistry  : Running the evict task with compensationTime 0ms
2026-08-10T09:58:16.057-06:00  INFO 2652 --- [discovery-service] [a-EvictionTimer] c.n.e.registry.AbstractInstanceRegistry  : Running the evict task with compensationTime 0ms
2026-08-10T09:58:21.058-06:00  INFO 2652 --- [discovery-service] [a-EvictionTimer] c.n.e.registry.AbstractInstanceRegistry  : Running the evict task with compensationTime 0ms
2026-08-10T09:58:26.058-06:00  INFO 2652 --- [discovery-service] [a-EvictionTimer] c.n.e.registry.AbstractInstanceRegistry  : Running the evict task with compensationTime 0ms
2026-08-10T09:58:31.058-06:00  INFO 2652 --- [discovery-service] [a-EvictionTimer] c.n.e.registry.AbstractInstanceRegistry  : Running the evict task with compensationTime 0ms
2026-08-10T09:58:36.059-06:00  INFO 2652 --- [discovery-service] [a-EvictionTimer] c.n.e.registry.AbstractInstanceRegistry  : Running the evict task with compensationTime 0ms
2026-08-10T09:58:41.059-06:00  INFO 2652 --- [discovery-service] [a-EvictionTimer] c.n.e.registry.AbstractInstanceRegistry  : Running the evict task with compensationTime 0ms
2026-08-10T09:58:46.060-06:00  INFO 2652 --- [discovery-service] [a-EvictionTimer] c.n.e.registry.AbstractInstanceRegistry  : Running the evict task with compensationTime 1ms
2026-08-10T09:58:51.060-06:00  INFO 2652 --- [discovery-service] [a-EvictionTimer] c.n.e.registry.AbstractInstanceRegistry  : Running the evict task with compensationTime 0ms
2026-08-10T09:58:56.060-06:00  INFO 2652 --- [discovery-service] [a-EvictionTimer] c.n.e.registry.AbstractInstanceRegistry  : Running the evict task with compensationTime 0ms
2026-08-10T09:59:01.060-06:00  INFO 2652 --- [discovery-service] [a-EvictionTimer] c.n.e.registry.AbstractInstanceRegistry  : Running the evict task with compensationTime 0ms
2026-08-10T09:59:06.061-06:00  INFO 2652 --- [discovery-service] [a-EvictionTimer] c.n.e.registry.AbstractInstanceRegistry  : Running the evict task with compensationTime 0ms
2026-08-10T09:59:11.061-06:00  INFO 2652 --- [discovery-service] [a-EvictionTimer] c.n.e.registry.AbstractInstanceRegistry  : Running the evict task with compensationTime 0ms
2026-08-10T09:59:16.062-06:00  INFO 2652 --- [discovery-service] [a-EvictionTimer] c.n.e.registry.AbstractInstanceRegistry  : Running the evict task with compensationTime 1ms
2026-08-10T09:59:21.063-06:00  INFO 2652 --- [discovery-service] [a-EvictionTimer] c.n.e.registry.AbstractInstanceRegistry  : Running the evict task with compensationTime 0ms
2026-08-10T09:59:26.064-06:00  INFO 2652 --- [discovery-service] [a-EvictionTimer] c.n.e.registry.AbstractInstanceRegistry  : Running the evict task with compensationTime 1ms
2026-08-10T09:59:31.064-06:00  INFO 2652 --- [discovery-service] [a-EvictionTimer] c.n.e.registry.AbstractInstanceRegistry  : Running the evict task with compensationTime 0ms
2026-08-10T09:59:36.066-06:00  INFO 2652 --- [discovery-service] [a-EvictionTimer] c.n.e.registry.AbstractInstanceRegistry  : Running the evict task with compensationTime 1ms
2026-08-10T09:59:41.067-06:00  INFO 2652 --- [discovery-service] [a-EvictionTimer] c.n.e.registry.AbstractInstanceRegistry  : Running the evict task with compensationTime 0ms
2026-08-10T09:59:46.068-06:00  INFO 2652 --- [discovery-service] [a-EvictionTimer] c.n.e.registry.AbstractInstanceRegistry  : Running the evict task with compensationTime 1ms
2026-08-10T09:59:51.069-06:00  INFO 2652 --- [discovery-service] [a-EvictionTimer] c.n.e.registry.AbstractInstanceRegistry  : Running the evict task with compensationTime 0ms
2026-08-10T09:59:56.070-06:00  INFO 2652 --- [discovery-service] [a-EvictionTimer] c.n.e.registry.AbstractInstanceRegistry  : Running the evict task with compensationTime 1ms
2026-08-10T10:00:01.070-06:00  INFO 2652 --- [discovery-service] [a-EvictionTimer] c.n.e.registry.AbstractInstanceRegistry  : Running the evict task with compensationTime 0ms
2026-08-10T10:00:06.071-06:00  INFO 2652 --- [discovery-service] [a-EvictionTimer] c.n.e.registry.AbstractInstanceRegistry  : Running the evict task with compensationTime 0ms
2026-08-10T10:00:11.072-06:00  INFO 2652 --- [discovery-service] [a-EvictionTimer] c.n.e.registry.AbstractInstanceRegistry  : Running the evict task with compensationTime 1ms
2026-08-10T10:00:16.073-06:00  INFO 2652 --- [discovery-service] [a-EvictionTimer] c.n.e.registry.AbstractInstanceRegistry  : Running the evict task with compensationTime 0ms
2026-08-10T10:00:21.074-06:00  INFO 2652 --- [discovery-service] [a-EvictionTimer] c.n.e.registry.AbstractInstanceRegistry  : Running the evict task with compensationTime 1ms
2026-08-10T10:00:26.074-06:00  INFO 2652 --- [discovery-service] [a-EvictionTimer] c.n.e.registry.AbstractInstanceRegistry  : Running the evict task with compensationTime 0ms
2026-08-10T10:00:31.075-06:00  INFO 2652 --- [discovery-service] [a-EvictionTimer] c.n.e.registry.AbstractInstanceRegistry  : Running the evict task with compensationTime 1ms
2026-08-10T10:00:36.075-06:00  INFO 2652 --- [discovery-service] [a-EvictionTimer] c.n.e.registry.AbstractInstanceRegistry  : Running the evict task with compensationTime 0ms
2026-08-10T10:00:41.076-06:00  INFO 2652 --- [discovery-service] [a-EvictionTimer] c.n.e.registry.AbstractInstanceRegistry  : Running the evict task with compensationTime 0ms
2026-08-10T10:00:46.076-06:00  INFO 2652 --- [discovery-service] [a-EvictionTimer] c.n.e.registry.AbstractInstanceRegistry  : Running the evict task with compensationTime 0ms
2026-08-10T10:00:51.077-06:00  INFO 2652 --- [discovery-service] [a-EvictionTimer] c.n.e.registry.AbstractInstanceRegistry  : Running the evict task with compensationTime 0ms
2026-08-10T10:00:56.077-06:00  INFO 2652 --- [discovery-service] [a-EvictionTimer] c.n.e.registry.AbstractInstanceRegistry  : Running the evict task with compensationTime 0ms
2026-08-10T10:01:01.078-06:00  INFO 2652 --- [discovery-service] [a-EvictionTimer] c.n.e.registry.AbstractInstanceRegistry  : Running the evict task with compensationTime 0ms
2026-08-10T10:01:06.079-06:00  INFO 2652 --- [discovery-service] [a-EvictionTimer] c.n.e.registry.AbstractInstanceRegistry  : Running the evict task with compensationTime 0ms
2026-08-10T10:01:11.079-06:00  INFO 2652 --- [discovery-service] [a-EvictionTimer] c.n.e.registry.AbstractInstanceRegistry  : Running the evict task with compensationTime 0ms
2026-08-10T10:01:16.079-06:00  INFO 2652 --- [discovery-service] [a-EvictionTimer] c.n.e.registry.AbstractInstanceRegistry  : Running the evict task with compensationTime 0ms
2026-08-10T10:01:21.079-06:00  INFO 2652 --- [discovery-service] [a-EvictionTimer] c.n.e.registry.AbstractInstanceRegistry  : Running the evict task with compensationTime 0ms
2026-08-10T10:01:26.080-06:00  INFO 2652 --- [discovery-service] [a-EvictionTimer] c.n.e.registry.AbstractInstanceRegistry  : Running the evict task with compensationTime 1ms
2026-08-10T10:01:31.081-06:00  INFO 2652 --- [discovery-service] [a-EvictionTimer] c.n.e.registry.AbstractInstanceRegistry  : Running the evict task with compensationTime 1ms
2026-08-10T10:01:36.081-06:00  INFO 2652 --- [discovery-service] [a-EvictionTimer] c.n.e.registry.AbstractInstanceRegistry  : Running the evict task with compensationTime 0ms
2026-08-10T10:01:41.081-06:00  INFO 2652 --- [discovery-service] [a-EvictionTimer] c.n.e.registry.AbstractInstanceRegistry  : Running the evict task with compensationTime 0ms
2026-08-10T10:01:46.082-06:00  INFO 2652 --- [discovery-service] [a-EvictionTimer] c.n.e.registry.AbstractInstanceRegistry  : Running the evict task with compensationTime 0ms
2026-08-10T10:01:51.082-06:00  INFO 2652 --- [discovery-service] [a-EvictionTimer] c.n.e.registry.AbstractInstanceRegistry  : Running the evict task with compensationTime 0ms
2026-08-10T10:01:56.083-06:00  INFO 2652 --- [discovery-service] [a-EvictionTimer] c.n.e.registry.AbstractInstanceRegistry  : Running the evict task with compensationTime 0ms
2026-08-10T10:02:01.083-06:00  INFO 2652 --- [discovery-service] [a-EvictionTimer] c.n.e.registry.AbstractInstanceRegistry  : Running the evict task with compensationTime 0ms
2026-08-10T10:02:06.084-06:00  INFO 2652 --- [discovery-service] [a-EvictionTimer] c.n.e.registry.AbstractInstanceRegistry  : Running the evict task with compensationTime 0ms
2026-08-10T10:02:11.084-06:00  INFO 2652 --- [discovery-service] [a-EvictionTimer] c.n.e.registry.AbstractInstanceRegistry  : Running the evict task with compensationTime 0ms
2026-08-10T10:02:16.085-06:00  INFO 2652 --- [discovery-service] [a-EvictionTimer] c.n.e.registry.AbstractInstanceRegistry  : Running the evict task with compensationTime 0ms
2026-08-10T10:02:21.085-06:00  INFO 2652 --- [discovery-service] [a-EvictionTimer] c.n.e.registry.AbstractInstanceRegistry  : Running the evict task with compensationTime 0ms
2026-08-10T10:02:26.085-06:00  INFO 2652 --- [discovery-service] [a-EvictionTimer] c.n.e.registry.AbstractInstanceRegistry  : Running the evict task with compensationTime 0ms
2026-08-10T10:02:31.086-06:00  INFO 2652 --- [discovery-service] [a-EvictionTimer] c.n.e.registry.AbstractInstanceRegistry  : Running the evict task with compensationTime 0ms
2026-08-10T10:02:36.086-06:00  INFO 2652 --- [discovery-service] [a-EvictionTimer] c.n.e.registry.AbstractInstanceRegistry  : Running the evict task with compensationTime 0ms
2026-08-10T10:02:41.087-06:00  INFO 2652 --- [discovery-service] [a-EvictionTimer] c.n.e.registry.AbstractInstanceRegistry  : Running the evict task with compensationTime 0ms
2026-08-10T10:02:46.087-06:00  INFO 2652 --- [discovery-service] [a-EvictionTimer] c.n.e.registry.AbstractInstanceRegistry  : Running the evict task with compensationTime 0ms
2026-08-10T10:02:51.088-06:00  INFO 2652 --- [discovery-service] [a-EvictionTimer] c.n.e.registry.AbstractInstanceRegistry  : Running the evict task with compensationTime 0ms
2026-08-10T10:02:56.089-06:00  INFO 2652 --- [discovery-service] [a-EvictionTimer] c.n.e.registry.AbstractInstanceRegistry  : Running the evict task with compensationTime 0ms
2026-08-10T10:02:59.980-06:00  WARN 2652 --- [discovery-service] [eerNodesUpdater] c.n.eureka.cluster.PeerEurekaNodes       : The replica size seems to be empty. Check the route 53 DNS Registry
2026-08-10T10:03:01.089-06:00  INFO 2652 --- [discovery-service] [a-EvictionTimer] c.n.e.registry.AbstractInstanceRegistry  : Running the evict task with compensationTime 0ms
2026-08-10T10:03:06.090-06:00  INFO 2652 --- [discovery-service] [a-EvictionTimer] c.n.e.registry.AbstractInstanceRegistry  : Running the evict task with compensationTime 0ms
2026-08-10T10:03:11.091-06:00  INFO 2652 --- [discovery-service] [a-EvictionTimer] c.n.e.registry.AbstractInstanceRegistry  : Running the evict task with compensationTime 0ms
2026-08-10T10:03:16.092-06:00  INFO 2652 --- [discovery-service] [a-EvictionTimer] c.n.e.registry.AbstractInstanceRegistry  : Running the evict task with compensationTime 0ms
2026-08-10T10:03:21.093-06:00  INFO 2652 --- [discovery-service] [a-EvictionTimer] c.n.e.registry.AbstractInstanceRegistry  : Running the evict task with compensationTime 0ms
2026-08-10T10:03:26.094-06:00  INFO 2652 --- [discovery-service] [a-EvictionTimer] c.n.e.registry.AbstractInstanceRegistry  : Running the evict task with compensationTime 1ms
2026-08-10T10:03:31.094-06:00  INFO 2652 --- [discovery-service] [a-EvictionTimer] c.n.e.registry.AbstractInstanceRegistry  : Running the evict task with compensationTime 0ms
2026-08-10T10:03:36.094-06:00  INFO 2652 --- [discovery-service] [a-EvictionTimer] c.n.e.registry.AbstractInstanceRegistry  : Running the evict task with compensationTime 0ms
2026-08-10T10:03:41.095-06:00  INFO 2652 --- [discovery-service] [a-EvictionTimer] c.n.e.registry.AbstractInstanceRegistry  : Running the evict task with compensationTime 0ms
2026-08-10T10:03:46.095-06:00  INFO 2652 --- [discovery-service] [a-EvictionTimer] c.n.e.registry.AbstractInstanceRegistry  : Running the evict task with compensationTime 0ms
2026-08-10T10:03:51.096-06:00  INFO 2652 --- [discovery-service] [a-EvictionTimer] c.n.e.registry.AbstractInstanceRegistry  : Running the evict task with compensationTime 0ms
2026-08-10T10:03:56.097-06:00  INFO 2652 --- [discovery-service] [a-EvictionTimer] c.n.e.registry.AbstractInstanceRegistry  : Running the evict task with compensationTime 0ms
2026-08-10T10:04:01.098-06:00  INFO 2652 --- [discovery-service] [a-EvictionTimer] c.n.e.registry.AbstractInstanceRegistry  : Running the evict task with compensationTime 0ms
2026-08-10T10:04:06.099-06:00  INFO 2652 --- [discovery-service] [a-EvictionTimer] c.n.e.registry.AbstractInstanceRegistry  : Running the evict task with compensationTime 0ms
2026-08-10T10:04:11.100-06:00  INFO 2652 --- [discovery-service] [a-EvictionTimer] c.n.e.registry.AbstractInstanceRegistry  : Running the evict task with compensationTime 1ms
2026-08-10T10:04:16.101-06:00  INFO 2652 --- [discovery-service] [a-EvictionTimer] c.n.e.registry.AbstractInstanceRegistry  : Running the evict task with compensationTime 0ms
2026-08-10T10:04:21.101-06:00  INFO 2652 --- [discovery-service] [a-EvictionTimer] c.n.e.registry.AbstractInstanceRegistry  : Running the evict task with compensationTime 0ms
2026-08-10T10:04:26.101-06:00  INFO 2652 --- [discovery-service] [a-EvictionTimer] c.n.e.registry.AbstractInstanceRegistry  : Running the evict task with compensationTime 0ms
2026-08-10T10:04:31.102-06:00  INFO 2652 --- [discovery-service] [a-EvictionTimer] c.n.e.registry.AbstractInstanceRegistry  : Running the evict task with compensationTime 0ms
2026-08-10T10:04:36.102-06:00  INFO 2652 --- [discovery-service] [a-EvictionTimer] c.n.e.registry.AbstractInstanceRegistry  : Running the evict task with compensationTime 0ms
2026-08-10T10:04:41.102-06:00  INFO 2652 --- [discovery-service] [a-EvictionTimer] c.n.e.registry.AbstractInstanceRegistry  : Running the evict task with compensationTime 0ms
2026-08-10T10:04:46.103-06:00  INFO 2652 --- [discovery-service] [a-EvictionTimer] c.n.e.registry.AbstractInstanceRegistry  : Running the evict task with compensationTime 0ms
2026-08-10T10:04:51.104-06:00  INFO 2652 --- [discovery-service] [a-EvictionTimer] c.n.e.registry.AbstractInstanceRegistry  : Running the evict task with compensationTime 0ms
2026-08-10T10:04:56.104-06:00  INFO 2652 --- [discovery-service] [a-EvictionTimer] c.n.e.registry.AbstractInstanceRegistry  : Running the evict task with compensationTime 0ms
2026-08-10T10:05:01.105-06:00  INFO 2652 --- [discovery-service] [a-EvictionTimer] c.n.e.registry.AbstractInstanceRegistry  : Running the evict task with compensationTime 0ms
2026-08-10T10:05:06.105-06:00  INFO 2652 --- [discovery-service] [a-EvictionTimer] c.n.e.registry.AbstractInstanceRegistry  : Running the evict task with compensationTime 0ms
2026-08-10T10:05:11.105-06:00  INFO 2652 --- [discovery-service] [a-EvictionTimer] c.n.e.registry.AbstractInstanceRegistry  : Running the evict task with compensationTime 0ms
2026-08-10T10:05:16.106-06:00  INFO 2652 --- [discovery-service] [a-EvictionTimer] c.n.e.registry.AbstractInstanceRegistry  : Running the evict task with compensationTime 0ms
2026-08-10T10:05:21.106-06:00  INFO 2652 --- [discovery-service] [a-EvictionTimer] c.n.e.registry.AbstractInstanceRegistry  : Running the evict task with compensationTime 0ms
2026-08-10T10:05:26.107-06:00  INFO 2652 --- [discovery-service] [a-EvictionTimer] c.n.e.registry.AbstractInstanceRegistry  : Running the evict task with compensationTime 0ms
2026-08-10T10:05:31.107-06:00  INFO 2652 --- [discovery-service] [a-EvictionTimer] c.n.e.registry.AbstractInstanceRegistry  : Running the evict task with compensationTime 0ms
2026-08-10T10:05:36.107-06:00  INFO 2652 --- [discovery-service] [a-EvictionTimer] c.n.e.registry.AbstractInstanceRegistry  : Running the evict task with compensationTime 0ms
2026-08-10T10:05:41.108-06:00  INFO 2652 --- [discovery-service] [a-EvictionTimer] c.n.e.registry.AbstractInstanceRegistry  : Running the evict task with compensationTime 0ms
2026-08-10T10:05:46.109-06:00  INFO 2652 --- [discovery-service] [a-EvictionTimer] c.n.e.registry.AbstractInstanceRegistry  : Running the evict task with compensationTime 0ms
2026-08-10T10:05:51.109-06:00  INFO 2652 --- [discovery-service] [a-EvictionTimer] c.n.e.registry.AbstractInstanceRegistry  : Running the evict task with compensationTime 0ms
2026-08-10T10:05:56.109-06:00  INFO 2652 --- [discovery-service] [a-EvictionTimer] c.n.e.registry.AbstractInstanceRegistry  : Running the evict task with compensationTime 0ms
2026-08-10T10:06:01.110-06:00  INFO 2652 --- [discovery-service] [a-EvictionTimer] c.n.e.registry.AbstractInstanceRegistry  : Running the evict task with compensationTime 0ms
2026-08-10T10:06:06.110-06:00  INFO 2652 --- [discovery-service] [a-EvictionTimer] c.n.e.registry.AbstractInstanceRegistry  : Running the evict task with compensationTime 0ms
2026-08-10T10:06:11.111-06:00  INFO 2652 --- [discovery-service] [a-EvictionTimer] c.n.e.registry.AbstractInstanceRegistry  : Running the evict task with compensationTime 0ms
2026-08-10T10:06:16.111-06:00  INFO 2652 --- [discovery-service] [a-EvictionTimer] c.n.e.registry.AbstractInstanceRegistry  : Running the evict task with compensationTime 0ms
2026-08-10T10:06:21.112-06:00  INFO 2652 --- [discovery-service] [a-EvictionTimer] c.n.e.registry.AbstractInstanceRegistry  : Running the evict task with compensationTime 0ms
2026-08-10T10:06:26.113-06:00  INFO 2652 --- [discovery-service] [a-EvictionTimer] c.n.e.registry.AbstractInstanceRegistry  : Running the evict task with compensationTime 0ms
2026-08-10T10:06:31.113-06:00  INFO 2652 --- [discovery-service] [a-EvictionTimer] c.n.e.registry.AbstractInstanceRegistry  : Running the evict task with compensationTime 0ms
2026-08-10T10:06:36.114-06:00  INFO 2652 --- [discovery-service] [a-EvictionTimer] c.n.e.registry.AbstractInstanceRegistry  : Running the evict task with compensationTime 0ms
2026-08-10T10:06:41.114-06:00  INFO 2652 --- [discovery-service] [a-EvictionTimer] c.n.e.registry.AbstractInstanceRegistry  : Running the evict task with compensationTime 0ms
2026-08-10T10:06:43.989-06:00  INFO 2652 --- [discovery-service] [nio-8761-exec-7] c.n.e.registry.AbstractInstanceRegistry  : Registered instance API-GATEWAY/PC-Sergio.mshome.net:api-gateway:8080 with status UP (replication=false)
2026-08-10T10:06:46.115-06:00  INFO 2652 --- [discovery-service] [a-EvictionTimer] c.n.e.registry.AbstractInstanceRegistry  : Running the evict task with compensationTime 0ms
2026-08-10T10:06:51.116-06:00  INFO 2652 --- [discovery-service] [a-EvictionTimer] c.n.e.registry.AbstractInstanceRegistry  : Running the evict task with compensationTime 0ms
2026-08-10T10:06:56.116-06:00  INFO 2652 --- [discovery-service] [a-EvictionTimer] c.n.e.registry.AbstractInstanceRegistry  : Running the evict task with compensationTime 0ms
2026-08-10T10:07:01.117-06:00  INFO 2652 --- [discovery-service] [a-EvictionTimer] c.n.e.registry.AbstractInstanceRegistry  : Running the evict task with compensationTime 0ms
2026-08-10T10:07:06.117-06:00  INFO 2652 --- [discovery-service] [a-EvictionTimer] c.n.e.registry.AbstractInstanceRegistry  : Running the evict task with compensationTime 0ms
2026-08-10T10:07:11.118-06:00  INFO 2652 --- [discovery-service] [a-EvictionTimer] c.n.e.registry.AbstractInstanceRegistry  : Running the evict task with compensationTime 0ms
2026-08-10T10:07:16.118-06:00  INFO 2652 --- [discovery-service] [a-EvictionTimer] c.n.e.registry.AbstractInstanceRegistry  : Running the evict task with compensationTime 0ms
2026-08-10T10:07:21.119-06:00  INFO 2652 --- [discovery-service] [a-EvictionTimer] c.n.e.registry.AbstractInstanceRegistry  : Running the evict task with compensationTime 1ms
2026-08-10T10:07:26.120-06:00  INFO 2652 --- [discovery-service] [a-EvictionTimer] c.n.e.registry.AbstractInstanceRegistry  : Running the evict task with compensationTime 0ms
2026-08-10T10:07:31.121-06:00  INFO 2652 --- [discovery-service] [a-EvictionTimer] c.n.e.registry.AbstractInstanceRegistry  : Running the evict task with compensationTime 1ms
2026-08-10T10:07:36.121-06:00  INFO 2652 --- [discovery-service] [a-EvictionTimer] c.n.e.registry.AbstractInstanceRegistry  : Running the evict task with compensationTime 0ms
2026-08-10T10:07:41.121-06:00  INFO 2652 --- [discovery-service] [a-EvictionTimer] c.n.e.registry.AbstractInstanceRegistry  : Running the evict task with compensationTime 0ms
2026-08-10T10:07:46.121-06:00  INFO 2652 --- [discovery-service] [a-EvictionTimer] c.n.e.registry.AbstractInstanceRegistry  : Running the evict task with compensationTime 0ms
2026-08-10T10:07:51.122-06:00  INFO 2652 --- [discovery-service] [a-EvictionTimer] c.n.e.registry.AbstractInstanceRegistry  : Running the evict task with compensationTime 0ms
2026-08-10T10:07:56.122-06:00  INFO 2652 --- [discovery-service] [a-EvictionTimer] c.n.e.registry.AbstractInstanceRegistry  : Running the evict task with compensationTime 0ms
2026-08-10T10:08:01.123-06:00  INFO 2652 --- [discovery-service] [a-EvictionTimer] c.n.e.registry.AbstractInstanceRegistry  : Running the evict task with compensationTime 1ms
2026-08-10T10:08:06.124-06:00  INFO 2652 --- [discovery-service] [a-EvictionTimer] c.n.e.registry.AbstractInstanceRegistry  : Running the evict task with compensationTime 0ms
2026-08-10T10:08:11.125-06:00  INFO 2652 --- [discovery-service] [a-EvictionTimer] c.n.e.registry.AbstractInstanceRegistry  : Running the evict task with compensationTime 1ms
2026-08-10T10:08:16.125-06:00  INFO 2652 --- [discovery-service] [a-EvictionTimer] c.n.e.registry.AbstractInstanceRegistry  : Running the evict task with compensationTime 0ms
2026-08-10T10:08:21.125-06:00  INFO 2652 --- [discovery-service] [a-EvictionTimer] c.n.e.registry.AbstractInstanceRegistry  : Running the evict task with compensationTime 0ms
2026-08-10T10:08:26.125-06:00  INFO 2652 --- [discovery-service] [a-EvictionTimer] c.n.e.registry.AbstractInstanceRegistry  : Running the evict task with compensationTime 0ms
2026-08-10T10:08:31.125-06:00  INFO 2652 --- [discovery-service] [a-EvictionTimer] c.n.e.registry.AbstractInstanceRegistry  : Running the evict task with compensationTime 0ms
2026-08-10T10:08:36.126-06:00  INFO 2652 --- [discovery-service] [a-EvictionTimer] c.n.e.registry.AbstractInstanceRegistry  : Running the evict task with compensationTime 0ms
2026-08-10T10:08:41.126-06:00  INFO 2652 --- [discovery-service] [a-EvictionTimer] c.n.e.registry.AbstractInstanceRegistry  : Running the evict task with compensationTime 0ms
2026-08-10T10:08:46.126-06:00  INFO 2652 --- [discovery-service] [a-EvictionTimer] c.n.e.registry.AbstractInstanceRegistry  : Running the evict task with compensationTime 0ms
2026-08-10T10:08:51.126-06:00  INFO 2652 --- [discovery-service] [a-EvictionTimer] c.n.e.registry.AbstractInstanceRegistry  : Running the evict task with compensationTime 0ms
2026-08-10T10:08:56.127-06:00  INFO 2652 --- [discovery-service] [a-EvictionTimer] c.n.e.registry.AbstractInstanceRegistry  : Running the evict task with compensationTime 0ms
2026-08-10T10:09:01.127-06:00  INFO 2652 --- [discovery-service] [a-EvictionTimer] c.n.e.registry.AbstractInstanceRegistry  : Running the evict task with compensationTime 0ms
2026-08-10T10:09:06.127-06:00  INFO 2652 --- [discovery-service] [a-EvictionTimer] c.n.e.registry.AbstractInstanceRegistry  : Running the evict task with compensationTime 0ms
2026-08-10T10:09:11.128-06:00  INFO 2652 --- [discovery-service] [a-EvictionTimer] c.n.e.registry.AbstractInstanceRegistry  : Running the evict task with compensationTime 1ms
2026-08-10T10:09:16.129-06:00  INFO 2652 --- [discovery-service] [a-EvictionTimer] c.n.e.registry.AbstractInstanceRegistry  : Running the evict task with compensationTime 0ms
2026-08-10T10:09:21.129-06:00  INFO 2652 --- [discovery-service] [a-EvictionTimer] c.n.e.registry.AbstractInstanceRegistry  : Running the evict task with compensationTime 0ms
2026-08-10T10:09:26.130-06:00  INFO 2652 --- [discovery-service] [a-EvictionTimer] c.n.e.registry.AbstractInstanceRegistry  : Running the evict task with compensationTime 0ms
2026-08-10T10:09:31.131-06:00  INFO 2652 --- [discovery-service] [a-EvictionTimer] c.n.e.registry.AbstractInstanceRegistry  : Running the evict task with compensationTime 0ms
2026-08-10T10:09:36.131-06:00  INFO 2652 --- [discovery-service] [a-EvictionTimer] c.n.e.registry.AbstractInstanceRegistry  : Running the evict task with compensationTime 0ms
2026-08-10T10:09:41.132-06:00  INFO 2652 --- [discovery-service] [a-EvictionTimer] c.n.e.registry.AbstractInstanceRegistry  : Running the evict task with compensationTime 0ms
2026-08-10T10:09:46.132-06:00  INFO 2652 --- [discovery-service] [a-EvictionTimer] c.n.e.registry.AbstractInstanceRegistry  : Running the evict task with compensationTime 0ms
2026-08-10T10:09:51.133-06:00  INFO 2652 --- [discovery-service] [a-EvictionTimer] c.n.e.registry.AbstractInstanceRegistry  : Running the evict task with compensationTime 1ms
2026-08-10T10:09:56.133-06:00  INFO 2652 --- [discovery-service] [a-EvictionTimer] c.n.e.registry.AbstractInstanceRegistry  : Running the evict task with compensationTime 0ms
2026-08-10T10:10:01.141-06:00  INFO 2652 --- [discovery-service] [a-EvictionTimer] c.n.e.registry.AbstractInstanceRegistry  : Running the evict task with compensationTime 7ms
2026-08-10T10:10:06.155-06:00  INFO 2652 --- [discovery-service] [a-EvictionTimer] c.n.e.registry.AbstractInstanceRegistry  : Running the evict task with compensationTime 13ms
2026-08-10T10:10:11.159-06:00  INFO 2652 --- [discovery-service] [a-EvictionTimer] c.n.e.registry.AbstractInstanceRegistry  : Running the evict task with compensationTime 3ms
2026-08-10T10:10:16.167-06:00  INFO 2652 --- [discovery-service] [a-EvictionTimer] c.n.e.registry.AbstractInstanceRegistry  : Running the evict task with compensationTime 7ms
2026-08-10T10:10:21.168-06:00  INFO 2652 --- [discovery-service] [a-EvictionTimer] c.n.e.registry.AbstractInstanceRegistry  : Running the evict task with compensationTime 1ms
2026-08-10T10:10:26.180-06:00  INFO 2652 --- [discovery-service] [a-EvictionTimer] c.n.e.registry.AbstractInstanceRegistry  : Running the evict task with compensationTime 12ms
2026-08-10T10:10:31.190-06:00  INFO 2652 --- [discovery-service] [a-EvictionTimer] c.n.e.registry.AbstractInstanceRegistry  : Running the evict task with compensationTime 9ms
2026-08-10T10:10:36.191-06:00  INFO 2652 --- [discovery-service] [a-EvictionTimer] c.n.e.registry.AbstractInstanceRegistry  : Running the evict task with compensationTime 1ms
2026-08-10T10:10:41.191-06:00  INFO 2652 --- [discovery-service] [a-EvictionTimer] c.n.e.registry.AbstractInstanceRegistry  : Running the evict task with compensationTime 0ms
2026-08-10T10:10:46.192-06:00  INFO 2652 --- [discovery-service] [a-EvictionTimer] c.n.e.registry.AbstractInstanceRegistry  : Running the evict task with compensationTime 0ms
2026-08-10T10:10:51.193-06:00  INFO 2652 --- [discovery-service] [a-EvictionTimer] c.n.e.registry.AbstractInstanceRegistry  : Running the evict task with compensationTime 1ms
2026-08-10T10:10:56.194-06:00  INFO 2652 --- [discovery-service] [a-EvictionTimer] c.n.e.registry.AbstractInstanceRegistry  : Running the evict task with compensationTime 1ms
2026-08-10T10:11:01.195-06:00  INFO 2652 --- [discovery-service] [a-EvictionTimer] c.n.e.registry.AbstractInstanceRegistry  : Running the evict task with compensationTime 0ms
2026-08-10T10:11:06.195-06:00  INFO 2652 --- [discovery-service] [a-EvictionTimer] c.n.e.registry.AbstractInstanceRegistry  : Running the evict task with compensationTime 0ms
2026-08-10T10:11:11.196-06:00  INFO 2652 --- [discovery-service] [a-EvictionTimer] c.n.e.registry.AbstractInstanceRegistry  : Running the evict task with compensationTime 0ms
2026-08-10T10:11:16.196-06:00  INFO 2652 --- [discovery-service] [a-EvictionTimer] c.n.e.registry.AbstractInstanceRegistry  : Running the evict task with compensationTime 0ms
2026-08-10T10:11:21.196-06:00  INFO 2652 --- [discovery-service] [a-EvictionTimer] c.n.e.registry.AbstractInstanceRegistry  : Running the evict task with compensationTime 0ms
2026-08-10T10:11:26.196-06:00  INFO 2652 --- [discovery-service] [a-EvictionTimer] c.n.e.registry.AbstractInstanceRegistry  : Running the evict task with compensationTime 0ms
2026-08-10T10:11:31.197-06:00  INFO 2652 --- [discovery-service] [a-EvictionTimer] c.n.e.registry.AbstractInstanceRegistry  : Running the evict task with compensationTime 0ms
2026-08-10T10:11:36.197-06:00  INFO 2652 --- [discovery-service] [a-EvictionTimer] c.n.e.registry.AbstractInstanceRegistry  : Running the evict task with compensationTime 0ms
2026-08-10T10:11:41.197-06:00  INFO 2652 --- [discovery-service] [a-EvictionTimer] c.n.e.registry.AbstractInstanceRegistry  : Running the evict task with compensationTime 0ms
2026-08-10T10:11:46.198-06:00  INFO 2652 --- [discovery-service] [a-EvictionTimer] c.n.e.registry.AbstractInstanceRegistry  : Running the evict task with compensationTime 0ms
2026-08-10T10:11:51.198-06:00  INFO 2652 --- [discovery-service] [a-EvictionTimer] c.n.e.registry.AbstractInstanceRegistry  : Running the evict task with compensationTime 0ms
2026-08-10T10:11:56.199-06:00  INFO 2652 --- [discovery-service] [a-EvictionTimer] c.n.e.registry.AbstractInstanceRegistry  : Running the evict task with compensationTime 0ms
2026-08-10T10:12:01.199-06:00  INFO 2652 --- [discovery-service] [a-EvictionTimer] c.n.e.registry.AbstractInstanceRegistry  : Running the evict task with compensationTime 0ms
2026-08-10T10:12:06.209-06:00  INFO 2652 --- [discovery-service] [a-EvictionTimer] c.n.e.registry.AbstractInstanceRegistry  : Running the evict task with compensationTime 10ms
2026-08-10T10:12:11.221-06:00  INFO 2652 --- [discovery-service] [a-EvictionTimer] c.n.e.registry.AbstractInstanceRegistry  : Running the evict task with compensationTime 11ms
2026-08-10T10:12:16.236-06:00  INFO 2652 --- [discovery-service] [a-EvictionTimer] c.n.e.registry.AbstractInstanceRegistry  : Running the evict task with compensationTime 14ms
2026-08-10T10:12:21.242-06:00  INFO 2652 --- [discovery-service] [a-EvictionTimer] c.n.e.registry.AbstractInstanceRegistry  : Running the evict task with compensationTime 6ms
2026-08-10T10:12:26.245-06:00  INFO 2652 --- [discovery-service] [a-EvictionTimer] c.n.e.registry.AbstractInstanceRegistry  : Running the evict task with compensationTime 2ms
2026-08-10T10:12:31.245-06:00  INFO 2652 --- [discovery-service] [a-EvictionTimer] c.n.e.registry.AbstractInstanceRegistry  : Running the evict task with compensationTime 0ms
2026-08-10T10:12:36.245-06:00  INFO 2652 --- [discovery-service] [a-EvictionTimer] c.n.e.registry.AbstractInstanceRegistry  : Running the evict task with compensationTime 0ms
2026-08-10T10:12:41.247-06:00  INFO 2652 --- [discovery-service] [a-EvictionTimer] c.n.e.registry.AbstractInstanceRegistry  : Running the evict task with compensationTime 1ms
2026-08-10T10:12:46.248-06:00  INFO 2652 --- [discovery-service] [a-EvictionTimer] c.n.e.registry.AbstractInstanceRegistry  : Running the evict task with compensationTime 1ms
2026-08-10T10:12:51.248-06:00  INFO 2652 --- [discovery-service] [a-EvictionTimer] c.n.e.registry.AbstractInstanceRegistry  : Running the evict task with compensationTime 0ms
2026-08-10T10:12:56.248-06:00  INFO 2652 --- [discovery-service] [a-EvictionTimer] c.n.e.registry.AbstractInstanceRegistry  : Running the evict task with compensationTime 0ms
2026-08-10T10:13:00.003-06:00  INFO 2652 --- [discovery-service] [hresholdUpdater] c.n.e.r.PeerAwareInstanceRegistryImpl    : Current renewal threshold is : 5
2026-08-10T10:13:00.231-06:00  WARN 2652 --- [discovery-service] [eerNodesUpdater] c.n.eureka.cluster.PeerEurekaNodes       : The replica size seems to be empty. Check the route 53 DNS Registry
2026-08-10T10:13:01.249-06:00  INFO 2652 --- [discovery-service] [a-EvictionTimer] c.n.e.registry.AbstractInstanceRegistry  : Running the evict task with compensationTime 0ms
2026-08-10T10:13:06.250-06:00  INFO 2652 --- [discovery-service] [a-EvictionTimer] c.n.e.registry.AbstractInstanceRegistry  : Running the evict task with compensationTime 0ms
2026-08-10T10:13:11.251-06:00  INFO 2652 --- [discovery-service] [a-EvictionTimer] c.n.e.registry.AbstractInstanceRegistry  : Running the evict task with compensationTime 0ms
2026-08-10T10:13:16.251-06:00  INFO 2652 --- [discovery-service] [a-EvictionTimer] c.n.e.registry.AbstractInstanceRegistry  : Running the evict task with compensationTime 0ms
2026-08-10T10:13:21.252-06:00  INFO 2652 --- [discovery-service] [a-EvictionTimer] c.n.e.registry.AbstractInstanceRegistry  : Running the evict task with compensationTime 1ms
2026-08-10T10:13:26.252-06:00  INFO 2652 --- [discovery-service] [a-EvictionTimer] c.n.e.registry.AbstractInstanceRegistry  : Running the evict task with compensationTime 0ms
2026-08-10T10:13:31.253-06:00  INFO 2652 --- [discovery-service] [a-EvictionTimer] c.n.e.registry.AbstractInstanceRegistry  : Running the evict task with compensationTime 0ms
2026-08-10T10:13:36.254-06:00  INFO 2652 --- [discovery-service] [a-EvictionTimer] c.n.e.registry.AbstractInstanceRegistry  : Running the evict task with compensationTime 0ms
2026-08-10T10:13:41.254-06:00  INFO 2652 --- [discovery-service] [a-EvictionTimer] c.n.e.registry.AbstractInstanceRegistry  : Running the evict task with compensationTime 1ms
2026-08-10T10:13:46.255-06:00  INFO 2652 --- [discovery-service] [a-EvictionTimer] c.n.e.registry.AbstractInstanceRegistry  : Running the evict task with compensationTime 0ms
2026-08-10T10:13:51.255-06:00  INFO 2652 --- [discovery-service] [a-EvictionTimer] c.n.e.registry.AbstractInstanceRegistry  : Running the evict task with compensationTime 0ms
2026-08-10T10:13:56.255-06:00  INFO 2652 --- [discovery-service] [a-EvictionTimer] c.n.e.registry.AbstractInstanceRegistry  : Running the evict task with compensationTime 0ms
2026-08-10T10:14:01.256-06:00  INFO 2652 --- [discovery-service] [a-EvictionTimer] c.n.e.registry.AbstractInstanceRegistry  : Running the evict task with compensationTime 0ms
2026-08-10T10:14:06.256-06:00  INFO 2652 --- [discovery-service] [a-EvictionTimer] c.n.e.registry.AbstractInstanceRegistry  : Running the evict task with compensationTime 0ms
2026-08-10T10:14:11.257-06:00  INFO 2652 --- [discovery-service] [a-EvictionTimer] c.n.e.registry.AbstractInstanceRegistry  : Running the evict task with compensationTime 0ms
2026-08-10T10:14:16.257-06:00  INFO 2652 --- [discovery-service] [a-EvictionTimer] c.n.e.registry.AbstractInstanceRegistry  : Running the evict task with compensationTime 0ms
2026-08-10T10:14:21.257-06:00  INFO 2652 --- [discovery-service] [a-EvictionTimer] c.n.e.registry.AbstractInstanceRegistry  : Running the evict task with compensationTime 0ms
2026-08-10T10:14:26.258-06:00  INFO 2652 --- [discovery-service] [a-EvictionTimer] c.n.e.registry.AbstractInstanceRegistry  : Running the evict task with compensationTime 0ms
2026-08-10T10:14:31.258-06:00  INFO 2652 --- [discovery-service] [a-EvictionTimer] c.n.e.registry.AbstractInstanceRegistry  : Running the evict task with compensationTime 0ms
2026-08-10T10:14:36.259-06:00  INFO 2652 --- [discovery-service] [a-EvictionTimer] c.n.e.registry.AbstractInstanceRegistry  : Running the evict task with compensationTime 0ms
2026-08-10T10:14:41.259-06:00  INFO 2652 --- [discovery-service] [a-EvictionTimer] c.n.e.registry.AbstractInstanceRegistry  : Running the evict task with compensationTime 0ms
2026-08-10T10:14:46.259-06:00  INFO 2652 --- [discovery-service] [a-EvictionTimer] c.n.e.registry.AbstractInstanceRegistry  : Running the evict task with compensationTime 0ms
2026-08-10T10:14:51.260-06:00  INFO 2652 --- [discovery-service] [a-EvictionTimer] c.n.e.registry.AbstractInstanceRegistry  : Running the evict task with compensationTime 0ms
2026-08-10T10:14:56.261-06:00  INFO 2652 --- [discovery-service] [a-EvictionTimer] c.n.e.registry.AbstractInstanceRegistry  : Running the evict task with compensationTime 0ms
2026-08-10T10:15:01.262-06:00  INFO 2652 --- [discovery-service] [a-EvictionTimer] c.n.e.registry.AbstractInstanceRegistry  : Running the evict task with compensationTime 1ms
2026-08-10T10:15:06.262-06:00  INFO 2652 --- [discovery-service] [a-EvictionTimer] c.n.e.registry.AbstractInstanceRegistry  : Running the evict task with compensationTime 0ms
2026-08-10T10:15:11.262-06:00  INFO 2652 --- [discovery-service] [a-EvictionTimer] c.n.e.registry.AbstractInstanceRegistry  : Running the evict task with compensationTime 0ms
2026-08-10T10:15:16.262-06:00  INFO 2652 --- [discovery-service] [a-EvictionTimer] c.n.e.registry.AbstractInstanceRegistry  : Running the evict task with compensationTime 0ms
2026-08-10T10:15:21.263-06:00  INFO 2652 --- [discovery-service] [a-EvictionTimer] c.n.e.registry.AbstractInstanceRegistry  : Running the evict task with compensationTime 0ms
2026-08-10T10:15:26.263-06:00  INFO 2652 --- [discovery-service] [a-EvictionTimer] c.n.e.registry.AbstractInstanceRegistry  : Running the evict task with compensationTime 0ms
2026-08-10T10:15:31.264-06:00  INFO 2652 --- [discovery-service] [a-EvictionTimer] c.n.e.registry.AbstractInstanceRegistry  : Running the evict task with compensationTime 0ms
2026-08-10T10:15:36.265-06:00  INFO 2652 --- [discovery-service] [a-EvictionTimer] c.n.e.registry.AbstractInstanceRegistry  : Running the evict task with compensationTime 0ms
2026-08-10T10:15:41.265-06:00  INFO 2652 --- [discovery-service] [a-EvictionTimer] c.n.e.registry.AbstractInstanceRegistry  : Running the evict task with compensationTime 0ms
2026-08-10T10:15:46.266-06:00  INFO 2652 --- [discovery-service] [a-EvictionTimer] c.n.e.registry.AbstractInstanceRegistry  : Running the evict task with compensationTime 1ms
2026-08-10T10:15:51.267-06:00  INFO 2652 --- [discovery-service] [a-EvictionTimer] c.n.e.registry.AbstractInstanceRegistry  : Running the evict task with compensationTime 0ms
2026-08-10T10:15:56.268-06:00  INFO 2652 --- [discovery-service] [a-EvictionTimer] c.n.e.registry.AbstractInstanceRegistry  : Running the evict task with compensationTime 0ms
2026-08-10T10:16:01.268-06:00  INFO 2652 --- [discovery-service] [a-EvictionTimer] c.n.e.registry.AbstractInstanceRegistry  : Running the evict task with compensationTime 0ms
2026-08-10T10:16:06.268-06:00  INFO 2652 --- [discovery-service] [a-EvictionTimer] c.n.e.registry.AbstractInstanceRegistry  : Running the evict task with compensationTime 0ms
2026-08-10T10:16:11.269-06:00  INFO 2652 --- [discovery-service] [a-EvictionTimer] c.n.e.registry.AbstractInstanceRegistry  : Running the evict task with compensationTime 0ms
2026-08-10T10:16:16.269-06:00  INFO 2652 --- [discovery-service] [a-EvictionTimer] c.n.e.registry.AbstractInstanceRegistry  : Running the evict task with compensationTime 0ms
2026-08-10T10:16:21.269-06:00  INFO 2652 --- [discovery-service] [a-EvictionTimer] c.n.e.registry.AbstractInstanceRegistry  : Running the evict task with compensationTime 0ms
2026-08-10T10:16:26.270-06:00  INFO 2652 --- [discovery-service] [a-EvictionTimer] c.n.e.registry.AbstractInstanceRegistry  : Running the evict task with compensationTime 0ms
2026-08-10T10:16:31.270-06:00  INFO 2652 --- [discovery-service] [a-EvictionTimer] c.n.e.registry.AbstractInstanceRegistry  : Running the evict task with compensationTime 0ms
2026-08-10T10:16:36.272-06:00  INFO 2652 --- [discovery-service] [a-EvictionTimer] c.n.e.registry.AbstractInstanceRegistry  : Running the evict task with compensationTime 1ms
2026-08-10T10:16:41.272-06:00  INFO 2652 --- [discovery-service] [a-EvictionTimer] c.n.e.registry.AbstractInstanceRegistry  : Running the evict task with compensationTime 0ms
2026-08-10T10:16:46.273-06:00  INFO 2652 --- [discovery-service] [a-EvictionTimer] c.n.e.registry.AbstractInstanceRegistry  : Running the evict task with compensationTime 0ms
2026-08-10T10:16:51.273-06:00  INFO 2652 --- [discovery-service] [a-EvictionTimer] c.n.e.registry.AbstractInstanceRegistry  : Running the evict task with compensationTime 0ms
2026-08-10T10:16:56.274-06:00  INFO 2652 --- [discovery-service] [a-EvictionTimer] c.n.e.registry.AbstractInstanceRegistry  : Running the evict task with compensationTime 0ms
2026-08-10T10:17:01.274-06:00  INFO 2652 --- [discovery-service] [a-EvictionTimer] c.n.e.registry.AbstractInstanceRegistry  : Running the evict task with compensationTime 0ms
2026-08-10T10:17:06.275-06:00  INFO 2652 --- [discovery-service] [a-EvictionTimer] c.n.e.registry.AbstractInstanceRegistry  : Running the evict task with compensationTime 1ms
2026-08-10T10:17:11.276-06:00  INFO 2652 --- [discovery-service] [a-EvictionTimer] c.n.e.registry.AbstractInstanceRegistry  : Running the evict task with compensationTime 0ms
2026-08-10T10:17:16.276-06:00  INFO 2652 --- [discovery-service] [a-EvictionTimer] c.n.e.registry.AbstractInstanceRegistry  : Running the evict task with compensationTime 0ms
2026-08-10T10:17:21.277-06:00  INFO 2652 --- [discovery-service] [a-EvictionTimer] c.n.e.registry.AbstractInstanceRegistry  : Running the evict task with compensationTime 0ms
2026-08-10T10:17:26.277-06:00  INFO 2652 --- [discovery-service] [a-EvictionTimer] c.n.e.registry.AbstractInstanceRegistry  : Running the evict task with compensationTime 0ms
2026-08-10T10:17:31.277-06:00  INFO 2652 --- [discovery-service] [a-EvictionTimer] c.n.e.registry.AbstractInstanceRegistry  : Running the evict task with compensationTime 0ms
2026-08-10T10:17:36.279-06:00  INFO 2652 --- [discovery-service] [a-EvictionTimer] c.n.e.registry.AbstractInstanceRegistry  : Running the evict task with compensationTime 2ms
2026-08-10T10:17:41.279-06:00  INFO 2652 --- [discovery-service] [a-EvictionTimer] c.n.e.registry.AbstractInstanceRegistry  : Running the evict task with compensationTime 0ms
2026-08-10T10:17:46.279-06:00  INFO 2652 --- [discovery-service] [a-EvictionTimer] c.n.e.registry.AbstractInstanceRegistry  : Running the evict task with compensationTime 0ms
2026-08-10T10:17:51.280-06:00  INFO 2652 --- [discovery-service] [a-EvictionTimer] c.n.e.registry.AbstractInstanceRegistry  : Running the evict task with compensationTime 0ms
2026-08-10T10:17:56.280-06:00  INFO 2652 --- [discovery-service] [a-EvictionTimer] c.n.e.registry.AbstractInstanceRegistry  : Running the evict task with compensationTime 0ms
2026-08-10T10:18:01.281-06:00  INFO 2652 --- [discovery-service] [a-EvictionTimer] c.n.e.registry.AbstractInstanceRegistry  : Running the evict task with compensationTime 1ms
2026-08-10T10:18:06.281-06:00  INFO 2652 --- [discovery-service] [a-EvictionTimer] c.n.e.registry.AbstractInstanceRegistry  : Running the evict task with compensationTime 0ms
2026-08-10T10:18:11.282-06:00  INFO 2652 --- [discovery-service] [a-EvictionTimer] c.n.e.registry.AbstractInstanceRegistry  : Running the evict task with compensationTime 0ms
2026-08-10T10:18:16.282-06:00  INFO 2652 --- [discovery-service] [a-EvictionTimer] c.n.e.registry.AbstractInstanceRegistry  : Running the evict task with compensationTime 0ms
2026-08-10T10:18:21.283-06:00  INFO 2652 --- [discovery-service] [a-EvictionTimer] c.n.e.registry.AbstractInstanceRegistry  : Running the evict task with compensationTime 1ms
2026-08-10T10:18:26.284-06:00  INFO 2652 --- [discovery-service] [a-EvictionTimer] c.n.e.registry.AbstractInstanceRegistry  : Running the evict task with compensationTime 0ms
2026-08-10T10:18:31.284-06:00  INFO 2652 --- [discovery-service] [a-EvictionTimer] c.n.e.registry.AbstractInstanceRegistry  : Running the evict task with compensationTime 0ms
2026-08-10T10:18:36.285-06:00  INFO 2652 --- [discovery-service] [a-EvictionTimer] c.n.e.registry.AbstractInstanceRegistry  : Running the evict task with compensationTime 0ms
2026-08-10T10:18:41.286-06:00  INFO 2652 --- [discovery-service] [a-EvictionTimer] c.n.e.registry.AbstractInstanceRegistry  : Running the evict task with compensationTime 0ms
2026-08-10T10:18:46.286-06:00  INFO 2652 --- [discovery-service] [a-EvictionTimer] c.n.e.registry.AbstractInstanceRegistry  : Running the evict task with compensationTime 0ms
2026-08-10T10:18:51.286-06:00  INFO 2652 --- [discovery-service] [a-EvictionTimer] c.n.e.registry.AbstractInstanceRegistry  : Running the evict task with compensationTime 0ms
2026-08-10T10:18:56.286-06:00  INFO 2652 --- [discovery-service] [a-EvictionTimer] c.n.e.registry.AbstractInstanceRegistry  : Running the evict task with compensationTime 0ms
2026-08-10T10:19:01.287-06:00  INFO 2652 --- [discovery-service] [a-EvictionTimer] c.n.e.registry.AbstractInstanceRegistry  : Running the evict task with compensationTime 0ms
2026-08-10T10:19:03.295-06:00  INFO 2652 --- [discovery-service] [nio-8761-exec-5] c.n.e.registry.AbstractInstanceRegistry  : Registered instance SEARCH-SERVICE/PC-Sergio.mshome.net:search-service:8084 with status UP (replication=false)
2026-08-10T10:19:06.287-06:00  INFO 2652 --- [discovery-service] [a-EvictionTimer] c.n.e.registry.AbstractInstanceRegistry  : Running the evict task with compensationTime 0ms
2026-08-10T10:19:11.288-06:00  INFO 2652 --- [discovery-service] [a-EvictionTimer] c.n.e.registry.AbstractInstanceRegistry  : Running the evict task with compensationTime 0ms
2026-08-10T10:19:16.289-06:00  INFO 2652 --- [discovery-service] [a-EvictionTimer] c.n.e.registry.AbstractInstanceRegistry  : Running the evict task with compensationTime 1ms
2026-08-10T10:19:21.290-06:00  INFO 2652 --- [discovery-service] [a-EvictionTimer] c.n.e.registry.AbstractInstanceRegistry  : Running the evict task with compensationTime 0ms
2026-08-10T10:19:26.291-06:00  INFO 2652 --- [discovery-service] [a-EvictionTimer] c.n.e.registry.AbstractInstanceRegistry  : Running the evict task with compensationTime 1ms
2026-08-10T10:19:31.292-06:00  INFO 2652 --- [discovery-service] [a-EvictionTimer] c.n.e.registry.AbstractInstanceRegistry  : Running the evict task with compensationTime 0ms
2026-08-10T10:19:36.293-06:00  INFO 2652 --- [discovery-service] [a-EvictionTimer] c.n.e.registry.AbstractInstanceRegistry  : Running the evict task with compensationTime 0ms
2026-08-10T10:19:41.293-06:00  INFO 2652 --- [discovery-service] [a-EvictionTimer] c.n.e.registry.AbstractInstanceRegistry  : Running the evict task with compensationTime 0ms
2026-08-10T10:19:46.293-06:00  INFO 2652 --- [discovery-service] [a-EvictionTimer] c.n.e.registry.AbstractInstanceRegistry  : Running the evict task with compensationTime 0ms
2026-08-10T10:19:51.294-06:00  INFO 2652 --- [discovery-service] [a-EvictionTimer] c.n.e.registry.AbstractInstanceRegistry  : Running the evict task with compensationTime 0ms
2026-08-10T10:19:56.295-06:00  INFO 2652 --- [discovery-service] [a-EvictionTimer] c.n.e.registry.AbstractInstanceRegistry  : Running the evict task with compensationTime 0ms
2026-08-10T10:20:01.295-06:00  INFO 2652 --- [discovery-service] [a-EvictionTimer] c.n.e.registry.AbstractInstanceRegistry  : Running the evict task with compensationTime 0ms
2026-08-10T10:20:06.295-06:00  INFO 2652 --- [discovery-service] [a-EvictionTimer] c.n.e.registry.AbstractInstanceRegistry  : Running the evict task with compensationTime 0ms
2026-08-10T10:20:11.295-06:00  INFO 2652 --- [discovery-service] [a-EvictionTimer] c.n.e.registry.AbstractInstanceRegistry  : Running the evict task with compensationTime 0ms
2026-08-10T10:20:16.296-06:00  INFO 2652 --- [discovery-service] [a-EvictionTimer] c.n.e.registry.AbstractInstanceRegistry  : Running the evict task with compensationTime 0ms
2026-08-10T10:20:21.297-06:00  INFO 2652 --- [discovery-service] [a-EvictionTimer] c.n.e.registry.AbstractInstanceRegistry  : Running the evict task with compensationTime 1ms
2026-08-10T10:20:26.297-06:00  INFO 2652 --- [discovery-service] [a-EvictionTimer] c.n.e.registry.AbstractInstanceRegistry  : Running the evict task with compensationTime 0ms
2026-08-10T10:20:31.298-06:00  INFO 2652 --- [discovery-service] [a-EvictionTimer] c.n.e.registry.AbstractInstanceRegistry  : Running the evict task with compensationTime 0ms
2026-08-10T10:20:36.299-06:00  INFO 2652 --- [discovery-service] [a-EvictionTimer] c.n.e.registry.AbstractInstanceRegistry  : Running the evict task with compensationTime 1ms
2026-08-10T10:20:41.299-06:00  INFO 2652 --- [discovery-service] [a-EvictionTimer] c.n.e.registry.AbstractInstanceRegistry  : Running the evict task with compensationTime 0ms
2026-08-10T10:20:46.300-06:00  INFO 2652 --- [discovery-service] [a-EvictionTimer] c.n.e.registry.AbstractInstanceRegistry  : Running the evict task with compensationTime 0ms
2026-08-10T10:20:51.300-06:00  INFO 2652 --- [discovery-service] [a-EvictionTimer] c.n.e.registry.AbstractInstanceRegistry  : Running the evict task with compensationTime 0ms
2026-08-10T10:20:56.301-06:00  INFO 2652 --- [discovery-service] [a-EvictionTimer] c.n.e.registry.AbstractInstanceRegistry  : Running the evict task with compensationTime 0ms
2026-08-10T10:21:01.301-06:00  INFO 2652 --- [discovery-service] [a-EvictionTimer] c.n.e.registry.AbstractInstanceRegistry  : Running the evict task with compensationTime 0ms
2026-08-10T10:21:06.301-06:00  INFO 2652 --- [discovery-service] [a-EvictionTimer] c.n.e.registry.AbstractInstanceRegistry  : Running the evict task with compensationTime 0ms
2026-08-10T10:21:11.302-06:00  INFO 2652 --- [discovery-service] [a-EvictionTimer] c.n.e.registry.AbstractInstanceRegistry  : Running the evict task with compensationTime 0ms
2026-08-10T10:21:16.302-06:00  INFO 2652 --- [discovery-service] [a-EvictionTimer] c.n.e.registry.AbstractInstanceRegistry  : Running the evict task with compensationTime 0ms
2026-08-10T10:21:21.303-06:00  INFO 2652 --- [discovery-service] [a-EvictionTimer] c.n.e.registry.AbstractInstanceRegistry  : Running the evict task with compensationTime 1ms
2026-08-10T10:21:26.304-06:00  INFO 2652 --- [discovery-service] [a-EvictionTimer] c.n.e.registry.AbstractInstanceRegistry  : Running the evict task with compensationTime 0ms
2026-08-10T10:21:31.304-06:00  INFO 2652 --- [discovery-service] [a-EvictionTimer] c.n.e.registry.AbstractInstanceRegistry  : Running the evict task with compensationTime 0ms
2026-08-10T10:21:36.304-06:00  INFO 2652 --- [discovery-service] [a-EvictionTimer] c.n.e.registry.AbstractInstanceRegistry  : Running the evict task with compensationTime 0ms
2026-08-10T10:21:41.304-06:00  INFO 2652 --- [discovery-service] [a-EvictionTimer] c.n.e.registry.AbstractInstanceRegistry  : Running the evict task with compensationTime 0ms
2026-08-10T10:21:43.179-06:00  INFO 2652 --- [discovery-service] [nio-8761-exec-6] c.n.e.registry.AbstractInstanceRegistry  : Registered instance SEARCH-SERVICE/PC-Sergio.mshome.net:search-service:8084 with status DOWN (replication=false)
2026-08-10T10:21:43.184-06:00  INFO 2652 --- [discovery-service] [io-8761-exec-10] c.n.e.registry.AbstractInstanceRegistry  : Registered instance SEARCH-SERVICE/PC-Sergio.mshome.net:search-service:8084 with status DOWN (replication=false)
2026-08-10T10:21:43.188-06:00  INFO 2652 --- [discovery-service] [nio-8761-exec-3] c.n.e.registry.AbstractInstanceRegistry  : Cancelled instance SEARCH-SERVICE/PC-Sergio.mshome.net:search-service:8084 (replication=false)
2026-08-10T10:21:46.305-06:00  INFO 2652 --- [discovery-service] [a-EvictionTimer] c.n.e.registry.AbstractInstanceRegistry  : Running the evict task with compensationTime 0ms
2026-08-10T10:21:51.305-06:00  INFO 2652 --- [discovery-service] [a-EvictionTimer] c.n.e.registry.AbstractInstanceRegistry  : Running the evict task with compensationTime 0ms
2026-08-10T10:21:56.305-06:00  INFO 2652 --- [discovery-service] [a-EvictionTimer] c.n.e.registry.AbstractInstanceRegistry  : Running the evict task with compensationTime 0ms
2026-08-10T10:22:01.305-06:00  INFO 2652 --- [discovery-service] [a-EvictionTimer] c.n.e.registry.AbstractInstanceRegistry  : Running the evict task with compensationTime 0ms
2026-08-10T10:22:03.362-06:00  WARN 2652 --- [discovery-service] [nio-8761-exec-7] c.n.e.registry.AbstractInstanceRegistry  : DS: Registry: lease doesn't exist, registering resource: SEARCH-SERVICE - PC-Sergio.mshome.net:search-service:8084
2026-08-10T10:22:03.366-06:00  WARN 2652 --- [discovery-service] [nio-8761-exec-7] c.n.eureka.resources.InstanceResource    : Not Found (Renew): SEARCH-SERVICE - PC-Sergio.mshome.net:search-service:8084
2026-08-10T10:22:03.376-06:00  INFO 2652 --- [discovery-service] [nio-8761-exec-5] c.n.e.registry.AbstractInstanceRegistry  : Registered instance SEARCH-SERVICE/PC-Sergio.mshome.net:search-service:8084 with status UP (replication=false)
2026-08-10T10:22:06.305-06:00  INFO 2652 --- [discovery-service] [a-EvictionTimer] c.n.e.registry.AbstractInstanceRegistry  : Running the evict task with compensationTime 0ms
2026-08-10T10:22:11.305-06:00  INFO 2652 --- [discovery-service] [a-EvictionTimer] c.n.e.registry.AbstractInstanceRegistry  : Running the evict task with compensationTime 0ms
2026-08-10T10:22:16.306-06:00  INFO 2652 --- [discovery-service] [a-EvictionTimer] c.n.e.registry.AbstractInstanceRegistry  : Running the evict task with compensationTime 0ms
2026-08-10T10:22:21.307-06:00  INFO 2652 --- [discovery-service] [a-EvictionTimer] c.n.e.registry.AbstractInstanceRegistry  : Running the evict task with compensationTime 1ms
2026-08-10T10:22:26.308-06:00  INFO 2652 --- [discovery-service] [a-EvictionTimer] c.n.e.registry.AbstractInstanceRegistry  : Running the evict task with compensationTime 0ms
2026-08-10T10:22:31.309-06:00  INFO 2652 --- [discovery-service] [a-EvictionTimer] c.n.e.registry.AbstractInstanceRegistry  : Running the evict task with compensationTime 0ms
2026-08-10T10:22:36.310-06:00  INFO 2652 --- [discovery-service] [a-EvictionTimer] c.n.e.registry.AbstractInstanceRegistry  : Running the evict task with compensationTime 1ms
2026-08-10T10:22:41.310-06:00  INFO 2652 --- [discovery-service] [a-EvictionTimer] c.n.e.registry.AbstractInstanceRegistry  : Running the evict task with compensationTime 0ms
2026-08-10T10:22:46.310-06:00  INFO 2652 --- [discovery-service] [a-EvictionTimer] c.n.e.registry.AbstractInstanceRegistry  : Running the evict task with compensationTime 0ms
2026-08-10T10:22:51.310-06:00  INFO 2652 --- [discovery-service] [a-EvictionTimer] c.n.e.registry.AbstractInstanceRegistry  : Running the evict task with compensationTime 0ms
2026-08-10T10:22:56.310-06:00  INFO 2652 --- [discovery-service] [a-EvictionTimer] c.n.e.registry.AbstractInstanceRegistry  : Running the evict task with compensationTime 0ms
2026-08-10T10:23:00.236-06:00  WARN 2652 --- [discovery-service] [eerNodesUpdater] c.n.eureka.cluster.PeerEurekaNodes       : The replica size seems to be empty. Check the route 53 DNS Registry
2026-08-10T10:23:01.310-06:00  INFO 2652 --- [discovery-service] [a-EvictionTimer] c.n.e.registry.AbstractInstanceRegistry  : Running the evict task with compensationTime 0ms
2026-08-10T10:23:06.310-06:00  INFO 2652 --- [discovery-service] [a-EvictionTimer] c.n.e.registry.AbstractInstanceRegistry  : Running the evict task with compensationTime 0ms
2026-08-10T10:23:11.310-06:00  INFO 2652 --- [discovery-service] [a-EvictionTimer] c.n.e.registry.AbstractInstanceRegistry  : Running the evict task with compensationTime 0ms
2026-08-10T10:23:16.310-06:00  INFO 2652 --- [discovery-service] [a-EvictionTimer] c.n.e.registry.AbstractInstanceRegistry  : Running the evict task with compensationTime 0ms
2026-08-10T10:23:21.310-06:00  INFO 2652 --- [discovery-service] [a-EvictionTimer] c.n.e.registry.AbstractInstanceRegistry  : Running the evict task with compensationTime 0ms
2026-08-10T10:23:26.311-06:00  INFO 2652 --- [discovery-service] [a-EvictionTimer] c.n.e.registry.AbstractInstanceRegistry  : Running the evict task with compensationTime 0ms
2026-08-10T10:23:31.311-06:00  INFO 2652 --- [discovery-service] [a-EvictionTimer] c.n.e.registry.AbstractInstanceRegistry  : Running the evict task with compensationTime 0ms
2026-08-10T10:23:36.311-06:00  INFO 2652 --- [discovery-service] [a-EvictionTimer] c.n.e.registry.AbstractInstanceRegistry  : Running the evict task with compensationTime 0ms
2026-08-10T10:23:41.312-06:00  INFO 2652 --- [discovery-service] [a-EvictionTimer] c.n.e.registry.AbstractInstanceRegistry  : Running the evict task with compensationTime 0ms
2026-08-10T10:23:46.312-06:00  INFO 2652 --- [discovery-service] [a-EvictionTimer] c.n.e.registry.AbstractInstanceRegistry  : Running the evict task with compensationTime 0ms
2026-08-10T10:23:51.313-06:00  INFO 2652 --- [discovery-service] [a-EvictionTimer] c.n.e.registry.AbstractInstanceRegistry  : Running the evict task with compensationTime 1ms
2026-08-10T10:23:56.314-06:00  INFO 2652 --- [discovery-service] [a-EvictionTimer] c.n.e.registry.AbstractInstanceRegistry  : Running the evict task with compensationTime 0ms
2026-08-10T10:24:01.315-06:00  INFO 2652 --- [discovery-service] [a-EvictionTimer] c.n.e.registry.AbstractInstanceRegistry  : Running the evict task with compensationTime 0ms
2026-08-10T10:24:06.315-06:00  INFO 2652 --- [discovery-service] [a-EvictionTimer] c.n.e.registry.AbstractInstanceRegistry  : Running the evict task with compensationTime 0ms
2026-08-10T10:24:11.315-06:00  INFO 2652 --- [discovery-service] [a-EvictionTimer] c.n.e.registry.AbstractInstanceRegistry  : Running the evict task with compensationTime 0ms
2026-08-10T10:24:16.316-06:00  INFO 2652 --- [discovery-service] [a-EvictionTimer] c.n.e.registry.AbstractInstanceRegistry  : Running the evict task with compensationTime 0ms
2026-08-10T10:24:21.316-06:00  INFO 2652 --- [discovery-service] [a-EvictionTimer] c.n.e.registry.AbstractInstanceRegistry  : Running the evict task with compensationTime 0ms
2026-08-10T10:24:26.317-06:00  INFO 2652 --- [discovery-service] [a-EvictionTimer] c.n.e.registry.AbstractInstanceRegistry  : Running the evict task with compensationTime 0ms
2026-08-10T10:24:31.317-06:00  INFO 2652 --- [discovery-service] [a-EvictionTimer] c.n.e.registry.AbstractInstanceRegistry  : Running the evict task with compensationTime 0ms
2026-08-10T10:24:36.317-06:00  INFO 2652 --- [discovery-service] [a-EvictionTimer] c.n.e.registry.AbstractInstanceRegistry  : Running the evict task with compensationTime 0ms
2026-08-10T10:24:41.317-06:00  INFO 2652 --- [discovery-service] [a-EvictionTimer] c.n.e.registry.AbstractInstanceRegistry  : Running the evict task with compensationTime 0ms
2026-08-10T10:24:46.318-06:00  INFO 2652 --- [discovery-service] [a-EvictionTimer] c.n.e.registry.AbstractInstanceRegistry  : Running the evict task with compensationTime 0ms
2026-08-10T10:24:51.319-06:00  INFO 2652 --- [discovery-service] [a-EvictionTimer] c.n.e.registry.AbstractInstanceRegistry  : Running the evict task with compensationTime 1ms
2026-08-10T10:24:56.320-06:00  INFO 2652 --- [discovery-service] [a-EvictionTimer] c.n.e.registry.AbstractInstanceRegistry  : Running the evict task with compensationTime 1ms
2026-08-10T10:25:01.320-06:00  INFO 2652 --- [discovery-service] [a-EvictionTimer] c.n.e.registry.AbstractInstanceRegistry  : Running the evict task with compensationTime 0ms
2026-08-10T10:25:06.321-06:00  INFO 2652 --- [discovery-service] [a-EvictionTimer] c.n.e.registry.AbstractInstanceRegistry  : Running the evict task with compensationTime 1ms
2026-08-10T10:25:11.322-06:00  INFO 2652 --- [discovery-service] [a-EvictionTimer] c.n.e.registry.AbstractInstanceRegistry  : Running the evict task with compensationTime 1ms
2026-08-10T10:25:16.323-06:00  INFO 2652 --- [discovery-service] [a-EvictionTimer] c.n.e.registry.AbstractInstanceRegistry  : Running the evict task with compensationTime 0ms
2026-08-10T10:25:21.323-06:00  INFO 2652 --- [discovery-service] [a-EvictionTimer] c.n.e.registry.AbstractInstanceRegistry  : Running the evict task with compensationTime 0ms
2026-08-10T10:25:26.324-06:00  INFO 2652 --- [discovery-service] [a-EvictionTimer] c.n.e.registry.AbstractInstanceRegistry  : Running the evict task with compensationTime 0ms
2026-08-10T10:25:31.325-06:00  INFO 2652 --- [discovery-service] [a-EvictionTimer] c.n.e.registry.AbstractInstanceRegistry  : Running the evict task with compensationTime 0ms
2026-08-10T10:25:36.325-06:00  INFO 2652 --- [discovery-service] [a-EvictionTimer] c.n.e.registry.AbstractInstanceRegistry  : Running the evict task with compensationTime 0ms
2026-08-10T10:25:41.326-06:00  INFO 2652 --- [discovery-service] [a-EvictionTimer] c.n.e.registry.AbstractInstanceRegistry  : Running the evict task with compensationTime 0ms
2026-08-10T10:25:46.326-06:00  INFO 2652 --- [discovery-service] [a-EvictionTimer] c.n.e.registry.AbstractInstanceRegistry  : Running the evict task with compensationTime 0ms
2026-08-10T10:25:51.327-06:00  INFO 2652 --- [discovery-service] [a-EvictionTimer] c.n.e.registry.AbstractInstanceRegistry  : Running the evict task with compensationTime 1ms
2026-08-10T10:25:56.327-06:00  INFO 2652 --- [discovery-service] [a-EvictionTimer] c.n.e.registry.AbstractInstanceRegistry  : Running the evict task with compensationTime 0ms
2026-08-10T10:26:01.328-06:00  INFO 2652 --- [discovery-service] [a-EvictionTimer] c.n.e.registry.AbstractInstanceRegistry  : Running the evict task with compensationTime 0ms
2026-08-10T10:26:06.329-06:00  INFO 2652 --- [discovery-service] [a-EvictionTimer] c.n.e.registry.AbstractInstanceRegistry  : Running the evict task with compensationTime 1ms
2026-08-10T10:26:11.329-06:00  INFO 2652 --- [discovery-service] [a-EvictionTimer] c.n.e.registry.AbstractInstanceRegistry  : Running the evict task with compensationTime 0ms
2026-08-10T10:26:16.330-06:00  INFO 2652 --- [discovery-service] [a-EvictionTimer] c.n.e.registry.AbstractInstanceRegistry  : Running the evict task with compensationTime 0ms
2026-08-10T10:26:21.331-06:00  INFO 2652 --- [discovery-service] [a-EvictionTimer] c.n.e.registry.AbstractInstanceRegistry  : Running the evict task with compensationTime 1ms
2026-08-10T10:26:26.331-06:00  INFO 2652 --- [discovery-service] [a-EvictionTimer] c.n.e.registry.AbstractInstanceRegistry  : Running the evict task with compensationTime 0ms
2026-08-10T10:26:31.332-06:00  INFO 2652 --- [discovery-service] [a-EvictionTimer] c.n.e.registry.AbstractInstanceRegistry  : Running the evict task with compensationTime 0ms
2026-08-10T10:26:36.333-06:00  INFO 2652 --- [discovery-service] [a-EvictionTimer] c.n.e.registry.AbstractInstanceRegistry  : Running the evict task with compensationTime 0ms
2026-08-10T10:26:41.333-06:00  INFO 2652 --- [discovery-service] [a-EvictionTimer] c.n.e.registry.AbstractInstanceRegistry  : Running the evict task with compensationTime 0ms
2026-08-10T10:26:46.333-06:00  INFO 2652 --- [discovery-service] [a-EvictionTimer] c.n.e.registry.AbstractInstanceRegistry  : Running the evict task with compensationTime 0ms
2026-08-10T10:26:51.333-06:00  INFO 2652 --- [discovery-service] [a-EvictionTimer] c.n.e.registry.AbstractInstanceRegistry  : Running the evict task with compensationTime 0ms
2026-08-10T10:26:56.334-06:00  INFO 2652 --- [discovery-service] [a-EvictionTimer] c.n.e.registry.AbstractInstanceRegistry  : Running the evict task with compensationTime 0ms
2026-08-10T10:27:01.334-06:00  INFO 2652 --- [discovery-service] [a-EvictionTimer] c.n.e.registry.AbstractInstanceRegistry  : Running the evict task with compensationTime 0ms
2026-08-10T10:27:06.335-06:00  INFO 2652 --- [discovery-service] [a-EvictionTimer] c.n.e.registry.AbstractInstanceRegistry  : Running the evict task with compensationTime 1ms
2026-08-10T10:27:11.336-06:00  INFO 2652 --- [discovery-service] [a-EvictionTimer] c.n.e.registry.AbstractInstanceRegistry  : Running the evict task with compensationTime 0ms
2026-08-10T10:27:16.336-06:00  INFO 2652 --- [discovery-service] [a-EvictionTimer] c.n.e.registry.AbstractInstanceRegistry  : Running the evict task with compensationTime 0ms
2026-08-10T10:27:21.336-06:00  INFO 2652 --- [discovery-service] [a-EvictionTimer] c.n.e.registry.AbstractInstanceRegistry  : Running the evict task with compensationTime 0ms
2026-08-10T10:27:26.336-06:00  INFO 2652 --- [discovery-service] [a-EvictionTimer] c.n.e.registry.AbstractInstanceRegistry  : Running the evict task with compensationTime 0ms
2026-08-10T10:27:31.337-06:00  INFO 2652 --- [discovery-service] [a-EvictionTimer] c.n.e.registry.AbstractInstanceRegistry  : Running the evict task with compensationTime 0ms
2026-08-10T10:27:36.337-06:00  INFO 2652 --- [discovery-service] [a-EvictionTimer] c.n.e.registry.AbstractInstanceRegistry  : Running the evict task with compensationTime 0ms
2026-08-10T10:27:41.337-06:00  INFO 2652 --- [discovery-service] [a-EvictionTimer] c.n.e.registry.AbstractInstanceRegistry  : Running the evict task with compensationTime 0ms
2026-08-10T10:27:46.338-06:00  INFO 2652 --- [discovery-service] [a-EvictionTimer] c.n.e.registry.AbstractInstanceRegistry  : Running the evict task with compensationTime 0ms
2026-08-10T10:27:51.338-06:00  INFO 2652 --- [discovery-service] [a-EvictionTimer] c.n.e.registry.AbstractInstanceRegistry  : Running the evict task with compensationTime 0ms
2026-08-10T10:27:56.338-06:00  INFO 2652 --- [discovery-service] [a-EvictionTimer] c.n.e.registry.AbstractInstanceRegistry  : Running the evict task with compensationTime 0ms
2026-08-10T10:28:00.004-06:00  INFO 2652 --- [discovery-service] [hresholdUpdater] c.n.e.r.PeerAwareInstanceRegistryImpl    : Current renewal threshold is : 5
2026-08-10T10:28:01.339-06:00  INFO 2652 --- [discovery-service] [a-EvictionTimer] c.n.e.registry.AbstractInstanceRegistry  : Running the evict task with compensationTime 0ms
2026-08-10T10:28:06.340-06:00  INFO 2652 --- [discovery-service] [a-EvictionTimer] c.n.e.registry.AbstractInstanceRegistry  : Running the evict task with compensationTime 1ms
2026-08-10T10:28:11.340-06:00  INFO 2652 --- [discovery-service] [a-EvictionTimer] c.n.e.registry.AbstractInstanceRegistry  : Running the evict task with compensationTime 0ms
2026-08-10T10:28:16.340-06:00  INFO 2652 --- [discovery-service] [a-EvictionTimer] c.n.e.registry.AbstractInstanceRegistry  : Running the evict task with compensationTime 0ms
2026-08-10T10:28:21.341-06:00  INFO 2652 --- [discovery-service] [a-EvictionTimer] c.n.e.registry.AbstractInstanceRegistry  : Running the evict task with compensationTime 0ms
2026-08-10T10:28:26.342-06:00  INFO 2652 --- [discovery-service] [a-EvictionTimer] c.n.e.registry.AbstractInstanceRegistry  : Running the evict task with compensationTime 0ms
2026-08-10T10:28:31.342-06:00  INFO 2652 --- [discovery-service] [a-EvictionTimer] c.n.e.registry.AbstractInstanceRegistry  : Running the evict task with compensationTime 0ms
2026-08-10T10:28:36.343-06:00  INFO 2652 --- [discovery-service] [a-EvictionTimer] c.n.e.registry.AbstractInstanceRegistry  : Running the evict task with compensationTime 0ms
2026-08-10T10:28:41.344-06:00  INFO 2652 --- [discovery-service] [a-EvictionTimer] c.n.e.registry.AbstractInstanceRegistry  : Running the evict task with compensationTime 1ms
2026-08-10T10:28:46.344-06:00  INFO 2652 --- [discovery-service] [a-EvictionTimer] c.n.e.registry.AbstractInstanceRegistry  : Running the evict task with compensationTime 0ms
2026-08-10T10:28:51.345-06:00  INFO 2652 --- [discovery-service] [a-EvictionTimer] c.n.e.registry.AbstractInstanceRegistry  : Running the evict task with compensationTime 0ms
2026-08-10T10:28:56.346-06:00  INFO 2652 --- [discovery-service] [a-EvictionTimer] c.n.e.registry.AbstractInstanceRegistry  : Running the evict task with compensationTime 0ms
2026-08-10T10:29:01.346-06:00  INFO 2652 --- [discovery-service] [a-EvictionTimer] c.n.e.registry.AbstractInstanceRegistry  : Running the evict task with compensationTime 0ms
2026-08-10T10:29:06.347-06:00  INFO 2652 --- [discovery-service] [a-EvictionTimer] c.n.e.registry.AbstractInstanceRegistry  : Running the evict task with compensationTime 0ms
2026-08-10T10:29:11.347-06:00  INFO 2652 --- [discovery-service] [a-EvictionTimer] c.n.e.registry.AbstractInstanceRegistry  : Running the evict task with compensationTime 0ms
2026-08-10T10:29:16.347-06:00  INFO 2652 --- [discovery-service] [a-EvictionTimer] c.n.e.registry.AbstractInstanceRegistry  : Running the evict task with compensationTime 0ms
2026-08-10T10:29:21.347-06:00  INFO 2652 --- [discovery-service] [a-EvictionTimer] c.n.e.registry.AbstractInstanceRegistry  : Running the evict task with compensationTime 0ms
2026-08-10T10:29:26.347-06:00  INFO 2652 --- [discovery-service] [a-EvictionTimer] c.n.e.registry.AbstractInstanceRegistry  : Running the evict task with compensationTime 0ms
2026-08-10T10:29:31.347-06:00  INFO 2652 --- [discovery-service] [a-EvictionTimer] c.n.e.registry.AbstractInstanceRegistry  : Running the evict task with compensationTime 0ms
2026-08-10T10:29:36.348-06:00  INFO 2652 --- [discovery-service] [a-EvictionTimer] c.n.e.registry.AbstractInstanceRegistry  : Running the evict task with compensationTime 0ms
2026-08-10T10:29:41.355-06:00  INFO 2652 --- [discovery-service] [a-EvictionTimer] c.n.e.registry.AbstractInstanceRegistry  : Running the evict task with compensationTime 7ms
2026-08-10T10:29:46.370-06:00  INFO 2652 --- [discovery-service] [a-EvictionTimer] c.n.e.registry.AbstractInstanceRegistry  : Running the evict task with compensationTime 15ms
2026-08-10T10:29:51.372-06:00  INFO 2652 --- [discovery-service] [a-EvictionTimer] c.n.e.registry.AbstractInstanceRegistry  : Running the evict task with compensationTime 1ms
2026-08-10T10:29:56.373-06:00  INFO 2652 --- [discovery-service] [a-EvictionTimer] c.n.e.registry.AbstractInstanceRegistry  : Running the evict task with compensationTime 0ms
2026-08-10T10:30:01.381-06:00  INFO 2652 --- [discovery-service] [a-EvictionTimer] c.n.e.registry.AbstractInstanceRegistry  : Running the evict task with compensationTime 8ms
2026-08-10T10:30:06.392-06:00  INFO 2652 --- [discovery-service] [a-EvictionTimer] c.n.e.registry.AbstractInstanceRegistry  : Running the evict task with compensationTime 10ms
2026-08-10T10:30:11.402-06:00  INFO 2652 --- [discovery-service] [a-EvictionTimer] c.n.e.registry.AbstractInstanceRegistry  : Running the evict task with compensationTime 10ms
2026-08-10T10:30:16.409-06:00  INFO 2652 --- [discovery-service] [a-EvictionTimer] c.n.e.registry.AbstractInstanceRegistry  : Running the evict task with compensationTime 6ms
2026-08-10T10:30:21.420-06:00  INFO 2652 --- [discovery-service] [a-EvictionTimer] c.n.e.registry.AbstractInstanceRegistry  : Running the evict task with compensationTime 12ms
2026-08-10T10:30:26.430-06:00  INFO 2652 --- [discovery-service] [a-EvictionTimer] c.n.e.registry.AbstractInstanceRegistry  : Running the evict task with compensationTime 9ms
2026-08-10T10:30:31.438-06:00  INFO 2652 --- [discovery-service] [a-EvictionTimer] c.n.e.registry.AbstractInstanceRegistry  : Running the evict task with compensationTime 8ms
2026-08-10T10:30:36.451-06:00  INFO 2652 --- [discovery-service] [a-EvictionTimer] c.n.e.registry.AbstractInstanceRegistry  : Running the evict task with compensationTime 12ms
2026-08-10T10:30:41.458-06:00  INFO 2652 --- [discovery-service] [a-EvictionTimer] c.n.e.registry.AbstractInstanceRegistry  : Running the evict task with compensationTime 7ms
2026-08-10T10:30:46.470-06:00  INFO 2652 --- [discovery-service] [a-EvictionTimer] c.n.e.registry.AbstractInstanceRegistry  : Running the evict task with compensationTime 11ms
2026-08-10T10:30:51.470-06:00  INFO 2652 --- [discovery-service] [a-EvictionTimer] c.n.e.registry.AbstractInstanceRegistry  : Running the evict task with compensationTime 0ms
2026-08-10T10:30:56.470-06:00  INFO 2652 --- [discovery-service] [a-EvictionTimer] c.n.e.registry.AbstractInstanceRegistry  : Running the evict task with compensationTime 0ms
2026-08-10T10:31:01.471-06:00  INFO 2652 --- [discovery-service] [a-EvictionTimer] c.n.e.registry.AbstractInstanceRegistry  : Running the evict task with compensationTime 0ms
2026-08-10T10:31:06.471-06:00  INFO 2652 --- [discovery-service] [a-EvictionTimer] c.n.e.registry.AbstractInstanceRegistry  : Running the evict task with compensationTime 0ms
2026-08-10T10:31:11.472-06:00  INFO 2652 --- [discovery-service] [a-EvictionTimer] c.n.e.registry.AbstractInstanceRegistry  : Running the evict task with compensationTime 1ms
2026-08-10T10:31:16.476-06:00  INFO 2652 --- [discovery-service] [a-EvictionTimer] c.n.e.registry.AbstractInstanceRegistry  : Running the evict task with compensationTime 4ms
2026-08-10T10:31:21.491-06:00  INFO 2652 --- [discovery-service] [a-EvictionTimer] c.n.e.registry.AbstractInstanceRegistry  : Running the evict task with compensationTime 14ms
2026-08-10T10:31:26.502-06:00  INFO 2652 --- [discovery-service] [a-EvictionTimer] c.n.e.registry.AbstractInstanceRegistry  : Running the evict task with compensationTime 11ms
2026-08-10T10:31:31.502-06:00  INFO 2652 --- [discovery-service] [a-EvictionTimer] c.n.e.registry.AbstractInstanceRegistry  : Running the evict task with compensationTime 0ms
2026-08-10T10:31:36.503-06:00  INFO 2652 --- [discovery-service] [a-EvictionTimer] c.n.e.registry.AbstractInstanceRegistry  : Running the evict task with compensationTime 0ms
2026-08-10T10:31:41.503-06:00  INFO 2652 --- [discovery-service] [a-EvictionTimer] c.n.e.registry.AbstractInstanceRegistry  : Running the evict task with compensationTime 0ms
2026-08-10T10:31:46.503-06:00  INFO 2652 --- [discovery-service] [a-EvictionTimer] c.n.e.registry.AbstractInstanceRegistry  : Running the evict task with compensationTime 0ms
2026-08-10T10:31:51.504-06:00  INFO 2652 --- [discovery-service] [a-EvictionTimer] c.n.e.registry.AbstractInstanceRegistry  : Running the evict task with compensationTime 0ms
2026-08-10T10:31:56.505-06:00  INFO 2652 --- [discovery-service] [a-EvictionTimer] c.n.e.registry.AbstractInstanceRegistry  : Running the evict task with compensationTime 0ms
2026-08-10T10:32:01.505-06:00  INFO 2652 --- [discovery-service] [a-EvictionTimer] c.n.e.registry.AbstractInstanceRegistry  : Running the evict task with compensationTime 0ms
2026-08-10T10:32:06.505-06:00  INFO 2652 --- [discovery-service] [a-EvictionTimer] c.n.e.registry.AbstractInstanceRegistry  : Running the evict task with compensationTime 0ms
2026-08-10T10:32:11.505-06:00  INFO 2652 --- [discovery-service] [a-EvictionTimer] c.n.e.registry.AbstractInstanceRegistry  : Running the evict task with compensationTime 0ms
2026-08-10T10:32:16.505-06:00  INFO 2652 --- [discovery-service] [a-EvictionTimer] c.n.e.registry.AbstractInstanceRegistry  : Running the evict task with compensationTime 0ms
2026-08-10T10:32:21.506-06:00  INFO 2652 --- [discovery-service] [a-EvictionTimer] c.n.e.registry.AbstractInstanceRegistry  : Running the evict task with compensationTime 0ms
2026-08-10T10:32:26.506-06:00  INFO 2652 --- [discovery-service] [a-EvictionTimer] c.n.e.registry.AbstractInstanceRegistry  : Running the evict task with compensationTime 0ms
2026-08-10T10:32:31.507-06:00  INFO 2652 --- [discovery-service] [a-EvictionTimer] c.n.e.registry.AbstractInstanceRegistry  : Running the evict task with compensationTime 0ms
2026-08-10T10:32:36.508-06:00  INFO 2652 --- [discovery-service] [a-EvictionTimer] c.n.e.registry.AbstractInstanceRegistry  : Running the evict task with compensationTime 0ms
2026-08-10T10:32:41.508-06:00  INFO 2652 --- [discovery-service] [a-EvictionTimer] c.n.e.registry.AbstractInstanceRegistry  : Running the evict task with compensationTime 0ms
2026-08-10T10:32:46.509-06:00  INFO 2652 --- [discovery-service] [a-EvictionTimer] c.n.e.registry.AbstractInstanceRegistry  : Running the evict task with compensationTime 1ms
2026-08-10T10:32:51.510-06:00  INFO 2652 --- [discovery-service] [a-EvictionTimer] c.n.e.registry.AbstractInstanceRegistry  : Running the evict task with compensationTime 0ms
2026-08-10T10:32:56.512-06:00  INFO 2652 --- [discovery-service] [a-EvictionTimer] c.n.e.registry.AbstractInstanceRegistry  : Running the evict task with compensationTime 1ms
2026-08-10T10:33:00.240-06:00  WARN 2652 --- [discovery-service] [eerNodesUpdater] c.n.eureka.cluster.PeerEurekaNodes       : The replica size seems to be empty. Check the route 53 DNS Registry
2026-08-10T10:33:01.512-06:00  INFO 2652 --- [discovery-service] [a-EvictionTimer] c.n.e.registry.AbstractInstanceRegistry  : Running the evict task with compensationTime 0ms
2026-08-10T10:33:06.513-06:00  INFO 2652 --- [discovery-service] [a-EvictionTimer] c.n.e.registry.AbstractInstanceRegistry  : Running the evict task with compensationTime 0ms
2026-08-10T10:33:11.513-06:00  INFO 2652 --- [discovery-service] [a-EvictionTimer] c.n.e.registry.AbstractInstanceRegistry  : Running the evict task with compensationTime 0ms
2026-08-10T10:33:16.513-06:00  INFO 2652 --- [discovery-service] [a-EvictionTimer] c.n.e.registry.AbstractInstanceRegistry  : Running the evict task with compensationTime 0ms
2026-08-10T10:33:21.513-06:00  INFO 2652 --- [discovery-service] [a-EvictionTimer] c.n.e.registry.AbstractInstanceRegistry  : Running the evict task with compensationTime 0ms
2026-08-10T10:33:26.514-06:00  INFO 2652 --- [discovery-service] [a-EvictionTimer] c.n.e.registry.AbstractInstanceRegistry  : Running the evict task with compensationTime 0ms
2026-08-10T10:33:31.515-06:00  INFO 2652 --- [discovery-service] [a-EvictionTimer] c.n.e.registry.AbstractInstanceRegistry  : Running the evict task with compensationTime 0ms
2026-08-10T10:33:36.516-06:00  INFO 2652 --- [discovery-service] [a-EvictionTimer] c.n.e.registry.AbstractInstanceRegistry  : Running the evict task with compensationTime 0ms
2026-08-10T10:33:41.517-06:00  INFO 2652 --- [discovery-service] [a-EvictionTimer] c.n.e.registry.AbstractInstanceRegistry  : Running the evict task with compensationTime 0ms
2026-08-10T10:33:46.517-06:00  INFO 2652 --- [discovery-service] [a-EvictionTimer] c.n.e.registry.AbstractInstanceRegistry  : Running the evict task with compensationTime 0ms
2026-08-10T10:33:51.518-06:00  INFO 2652 --- [discovery-service] [a-EvictionTimer] c.n.e.registry.AbstractInstanceRegistry  : Running the evict task with compensationTime 0ms
2026-08-10T10:33:56.518-06:00  INFO 2652 --- [discovery-service] [a-EvictionTimer] c.n.e.registry.AbstractInstanceRegistry  : Running the evict task with compensationTime 0ms
2026-08-10T10:34:01.519-06:00  INFO 2652 --- [discovery-service] [a-EvictionTimer] c.n.e.registry.AbstractInstanceRegistry  : Running the evict task with compensationTime 0ms
2026-08-10T10:34:04.434-06:00  INFO 2652 --- [discovery-service] [nio-8761-exec-8] c.n.e.registry.AbstractInstanceRegistry  : Registered instance AUTH-SERVICE/PC-Sergio.mshome.net:auth-service:8081 with status UP (replication=false)
2026-08-10T10:34:06.519-06:00  INFO 2652 --- [discovery-service] [a-EvictionTimer] c.n.e.registry.AbstractInstanceRegistry  : Running the evict task with compensationTime 0ms
2026-08-10T10:34:11.519-06:00  INFO 2652 --- [discovery-service] [a-EvictionTimer] c.n.e.registry.AbstractInstanceRegistry  : Running the evict task with compensationTime 0ms
2026-08-10T10:34:16.520-06:00  INFO 2652 --- [discovery-service] [a-EvictionTimer] c.n.e.registry.AbstractInstanceRegistry  : Running the evict task with compensationTime 0ms
2026-08-10T10:34:21.520-06:00  INFO 2652 --- [discovery-service] [a-EvictionTimer] c.n.e.registry.AbstractInstanceRegistry  : Running the evict task with compensationTime 0ms
2026-08-10T10:34:26.521-06:00  INFO 2652 --- [discovery-service] [a-EvictionTimer] c.n.e.registry.AbstractInstanceRegistry  : Running the evict task with compensationTime 1ms
2026-08-10T10:34:31.521-06:00  INFO 2652 --- [discovery-service] [a-EvictionTimer] c.n.e.registry.AbstractInstanceRegistry  : Running the evict task with compensationTime 0ms
2026-08-10T10:34:36.522-06:00  INFO 2652 --- [discovery-service] [a-EvictionTimer] c.n.e.registry.AbstractInstanceRegistry  : Running the evict task with compensationTime 1ms
2026-08-10T10:34:41.522-06:00  INFO 2652 --- [discovery-service] [a-EvictionTimer] c.n.e.registry.AbstractInstanceRegistry  : Running the evict task with compensationTime 0ms
2026-08-10T10:34:46.523-06:00  INFO 2652 --- [discovery-service] [a-EvictionTimer] c.n.e.registry.AbstractInstanceRegistry  : Running the evict task with compensationTime 1ms
2026-08-10T10:34:51.524-06:00  INFO 2652 --- [discovery-service] [a-EvictionTimer] c.n.e.registry.AbstractInstanceRegistry  : Running the evict task with compensationTime 0ms
2026-08-10T10:34:56.524-06:00  INFO 2652 --- [discovery-service] [a-EvictionTimer] c.n.e.registry.AbstractInstanceRegistry  : Running the evict task with compensationTime 0ms
2026-08-10T10:35:01.524-06:00  INFO 2652 --- [discovery-service] [a-EvictionTimer] c.n.e.registry.AbstractInstanceRegistry  : Running the evict task with compensationTime 0ms
2026-08-10T10:35:06.525-06:00  INFO 2652 --- [discovery-service] [a-EvictionTimer] c.n.e.registry.AbstractInstanceRegistry  : Running the evict task with compensationTime 1ms
2026-08-10T10:35:11.525-06:00  INFO 2652 --- [discovery-service] [a-EvictionTimer] c.n.e.registry.AbstractInstanceRegistry  : Running the evict task with compensationTime 0ms
2026-08-10T10:35:16.526-06:00  INFO 2652 --- [discovery-service] [a-EvictionTimer] c.n.e.registry.AbstractInstanceRegistry  : Running the evict task with compensationTime 0ms
2026-08-10T10:35:21.526-06:00  INFO 2652 --- [discovery-service] [a-EvictionTimer] c.n.e.registry.AbstractInstanceRegistry  : Running the evict task with compensationTime 0ms
2026-08-10T10:35:26.526-06:00  INFO 2652 --- [discovery-service] [a-EvictionTimer] c.n.e.registry.AbstractInstanceRegistry  : Running the evict task with compensationTime 0ms
2026-08-10T10:35:31.526-06:00  INFO 2652 --- [discovery-service] [a-EvictionTimer] c.n.e.registry.AbstractInstanceRegistry  : Running the evict task with compensationTime 0ms
2026-08-10T10:35:36.526-06:00  INFO 2652 --- [discovery-service] [a-EvictionTimer] c.n.e.registry.AbstractInstanceRegistry  : Running the evict task with compensationTime 0ms
2026-08-10T10:35:41.526-06:00  INFO 2652 --- [discovery-service] [a-EvictionTimer] c.n.e.registry.AbstractInstanceRegistry  : Running the evict task with compensationTime 0ms
2026-08-10T10:35:46.527-06:00  INFO 2652 --- [discovery-service] [a-EvictionTimer] c.n.e.registry.AbstractInstanceRegistry  : Running the evict task with compensationTime 0ms
2026-08-10T10:35:51.527-06:00  INFO 2652 --- [discovery-service] [a-EvictionTimer] c.n.e.registry.AbstractInstanceRegistry  : Running the evict task with compensationTime 0ms
2026-08-10T10:35:56.528-06:00  INFO 2652 --- [discovery-service] [a-EvictionTimer] c.n.e.registry.AbstractInstanceRegistry  : Running the evict task with compensationTime 0ms
2026-08-10T10:36:01.528-06:00  INFO 2652 --- [discovery-service] [a-EvictionTimer] c.n.e.registry.AbstractInstanceRegistry  : Running the evict task with compensationTime 0ms
2026-08-10T10:36:06.529-06:00  INFO 2652 --- [discovery-service] [a-EvictionTimer] c.n.e.registry.AbstractInstanceRegistry  : Running the evict task with compensationTime 0ms
2026-08-10T10:36:11.530-06:00  INFO 2652 --- [discovery-service] [a-EvictionTimer] c.n.e.registry.AbstractInstanceRegistry  : Running the evict task with compensationTime 0ms
2026-08-10T10:36:16.530-06:00  INFO 2652 --- [discovery-service] [a-EvictionTimer] c.n.e.registry.AbstractInstanceRegistry  : Running the evict task with compensationTime 0ms
2026-08-10T10:36:21.530-06:00  INFO 2652 --- [discovery-service] [a-EvictionTimer] c.n.e.registry.AbstractInstanceRegistry  : Running the evict task with compensationTime 0ms
2026-08-10T10:36:26.531-06:00  INFO 2652 --- [discovery-service] [a-EvictionTimer] c.n.e.registry.AbstractInstanceRegistry  : Running the evict task with compensationTime 0ms
2026-08-10T10:36:31.531-06:00  INFO 2652 --- [discovery-service] [a-EvictionTimer] c.n.e.registry.AbstractInstanceRegistry  : Running the evict task with compensationTime 0ms
2026-08-10T10:36:36.531-06:00  INFO 2652 --- [discovery-service] [a-EvictionTimer] c.n.e.registry.AbstractInstanceRegistry  : Running the evict task with compensationTime 0ms
2026-08-10T10:36:41.531-06:00  INFO 2652 --- [discovery-service] [a-EvictionTimer] c.n.e.registry.AbstractInstanceRegistry  : Running the evict task with compensationTime 0ms
2026-08-10T10:36:46.532-06:00  INFO 2652 --- [discovery-service] [a-EvictionTimer] c.n.e.registry.AbstractInstanceRegistry  : Running the evict task with compensationTime 0ms
2026-08-10T10:36:51.532-06:00  INFO 2652 --- [discovery-service] [a-EvictionTimer] c.n.e.registry.AbstractInstanceRegistry  : Running the evict task with compensationTime 0ms
2026-08-10T10:36:56.533-06:00  INFO 2652 --- [discovery-service] [a-EvictionTimer] c.n.e.registry.AbstractInstanceRegistry  : Running the evict task with compensationTime 0ms
2026-08-10T10:37:01.534-06:00  INFO 2652 --- [discovery-service] [a-EvictionTimer] c.n.e.registry.AbstractInstanceRegistry  : Running the evict task with compensationTime 0ms
2026-08-10T10:37:01.963-06:00  INFO 2652 --- [discovery-service] [nio-8761-exec-9] c.n.e.registry.AbstractInstanceRegistry  : Registered instance AUTH-SERVICE/PC-Sergio.mshome.net:auth-service:8081 with status DOWN (replication=false)
2026-08-10T10:37:01.968-06:00  INFO 2652 --- [discovery-service] [nio-8761-exec-1] c.n.e.registry.AbstractInstanceRegistry  : Registered instance AUTH-SERVICE/PC-Sergio.mshome.net:auth-service:8081 with status DOWN (replication=false)
2026-08-10T10:37:01.975-06:00  INFO 2652 --- [discovery-service] [nio-8761-exec-5] c.n.e.registry.AbstractInstanceRegistry  : Cancelled instance AUTH-SERVICE/PC-Sergio.mshome.net:auth-service:8081 (replication=false)
2026-08-10T10:37:04.537-06:00  WARN 2652 --- [discovery-service] [nio-8761-exec-4] c.n.e.registry.AbstractInstanceRegistry  : DS: Registry: lease doesn't exist, registering resource: AUTH-SERVICE - PC-Sergio.mshome.net:auth-service:8081
2026-08-10T10:37:04.541-06:00  WARN 2652 --- [discovery-service] [nio-8761-exec-4] c.n.eureka.resources.InstanceResource    : Not Found (Renew): AUTH-SERVICE - PC-Sergio.mshome.net:auth-service:8081
2026-08-10T10:37:04.552-06:00  INFO 2652 --- [discovery-service] [nio-8761-exec-2] c.n.e.registry.AbstractInstanceRegistry  : Registered instance AUTH-SERVICE/PC-Sergio.mshome.net:auth-service:8081 with status UP (replication=false)
2026-08-10T10:37:06.534-06:00  INFO 2652 --- [discovery-service] [a-EvictionTimer] c.n.e.registry.AbstractInstanceRegistry  : Running the evict task with compensationTime 0ms
2026-08-10T10:37:11.535-06:00  INFO 2652 --- [discovery-service] [a-EvictionTimer] c.n.e.registry.AbstractInstanceRegistry  : Running the evict task with compensationTime 0ms
2026-08-10T10:37:16.536-06:00  INFO 2652 --- [discovery-service] [a-EvictionTimer] c.n.e.registry.AbstractInstanceRegistry  : Running the evict task with compensationTime 1ms
2026-08-10T10:37:21.536-06:00  INFO 2652 --- [discovery-service] [a-EvictionTimer] c.n.e.registry.AbstractInstanceRegistry  : Running the evict task with compensationTime 0ms
2026-08-10T10:37:26.537-06:00  INFO 2652 --- [discovery-service] [a-EvictionTimer] c.n.e.registry.AbstractInstanceRegistry  : Running the evict task with compensationTime 0ms
2026-08-10T10:37:31.537-06:00  INFO 2652 --- [discovery-service] [a-EvictionTimer] c.n.e.registry.AbstractInstanceRegistry  : Running the evict task with compensationTime 0ms
2026-08-10T10:37:36.538-06:00  INFO 2652 --- [discovery-service] [a-EvictionTimer] c.n.e.registry.AbstractInstanceRegistry  : Running the evict task with compensationTime 0ms
2026-08-10T10:37:41.539-06:00  INFO 2652 --- [discovery-service] [a-EvictionTimer] c.n.e.registry.AbstractInstanceRegistry  : Running the evict task with compensationTime 1ms
2026-08-10T10:37:46.539-06:00  INFO 2652 --- [discovery-service] [a-EvictionTimer] c.n.e.registry.AbstractInstanceRegistry  : Running the evict task with compensationTime 0ms
2026-08-10T10:37:51.540-06:00  INFO 2652 --- [discovery-service] [a-EvictionTimer] c.n.e.registry.AbstractInstanceRegistry  : Running the evict task with compensationTime 0ms
2026-08-10T10:37:56.541-06:00  INFO 2652 --- [discovery-service] [a-EvictionTimer] c.n.e.registry.AbstractInstanceRegistry  : Running the evict task with compensationTime 0ms
2026-08-10T10:38:01.542-06:00  INFO 2652 --- [discovery-service] [a-EvictionTimer] c.n.e.registry.AbstractInstanceRegistry  : Running the evict task with compensationTime 0ms
2026-08-10T10:38:06.542-06:00  INFO 2652 --- [discovery-service] [a-EvictionTimer] c.n.e.registry.AbstractInstanceRegistry  : Running the evict task with compensationTime 0ms
2026-08-10T10:38:11.543-06:00  INFO 2652 --- [discovery-service] [a-EvictionTimer] c.n.e.registry.AbstractInstanceRegistry  : Running the evict task with compensationTime 0ms
2026-08-10T10:38:16.543-06:00  INFO 2652 --- [discovery-service] [a-EvictionTimer] c.n.e.registry.AbstractInstanceRegistry  : Running the evict task with compensationTime 0ms
2026-08-10T10:38:21.544-06:00  INFO 2652 --- [discovery-service] [a-EvictionTimer] c.n.e.registry.AbstractInstanceRegistry  : Running the evict task with compensationTime 0ms
2026-08-10T10:38:26.545-06:00  INFO 2652 --- [discovery-service] [a-EvictionTimer] c.n.e.registry.AbstractInstanceRegistry  : Running the evict task with compensationTime 1ms
2026-08-10T10:38:31.546-06:00  INFO 2652 --- [discovery-service] [a-EvictionTimer] c.n.e.registry.AbstractInstanceRegistry  : Running the evict task with compensationTime 0ms
2026-08-10T10:38:36.546-06:00  INFO 2652 --- [discovery-service] [a-EvictionTimer] c.n.e.registry.AbstractInstanceRegistry  : Running the evict task with compensationTime 0ms
2026-08-10T10:38:41.546-06:00  INFO 2652 --- [discovery-service] [a-EvictionTimer] c.n.e.registry.AbstractInstanceRegistry  : Running the evict task with compensationTime 0ms
2026-08-10T10:38:46.547-06:00  INFO 2652 --- [discovery-service] [a-EvictionTimer] c.n.e.registry.AbstractInstanceRegistry  : Running the evict task with compensationTime 0ms
2026-08-10T10:38:51.548-06:00  INFO 2652 --- [discovery-service] [a-EvictionTimer] c.n.e.registry.AbstractInstanceRegistry  : Running the evict task with compensationTime 0ms
2026-08-10T10:38:56.548-06:00  INFO 2652 --- [discovery-service] [a-EvictionTimer] c.n.e.registry.AbstractInstanceRegistry  : Running the evict task with compensationTime 0ms
2026-08-10T10:39:01.550-06:00  INFO 2652 --- [discovery-service] [a-EvictionTimer] c.n.e.registry.AbstractInstanceRegistry  : Running the evict task with compensationTime 2ms
2026-08-10T10:39:06.550-06:00  INFO 2652 --- [discovery-service] [a-EvictionTimer] c.n.e.registry.AbstractInstanceRegistry  : Running the evict task with compensationTime 0ms
2026-08-10T10:39:11.551-06:00  INFO 2652 --- [discovery-service] [a-EvictionTimer] c.n.e.registry.AbstractInstanceRegistry  : Running the evict task with compensationTime 1ms
2026-08-10T10:39:16.551-06:00  INFO 2652 --- [discovery-service] [a-EvictionTimer] c.n.e.registry.AbstractInstanceRegistry  : Running the evict task with compensationTime 0ms
2026-08-10T10:39:21.552-06:00  INFO 2652 --- [discovery-service] [a-EvictionTimer] c.n.e.registry.AbstractInstanceRegistry  : Running the evict task with compensationTime 1ms
2026-08-10T10:39:26.552-06:00  INFO 2652 --- [discovery-service] [a-EvictionTimer] c.n.e.registry.AbstractInstanceRegistry  : Running the evict task with compensationTime 0ms
2026-08-10T10:39:31.554-06:00  INFO 2652 --- [discovery-service] [a-EvictionTimer] c.n.e.registry.AbstractInstanceRegistry  : Running the evict task with compensationTime 1ms
2026-08-10T10:39:36.556-06:00  INFO 2652 --- [discovery-service] [a-EvictionTimer] c.n.e.registry.AbstractInstanceRegistry  : Running the evict task with compensationTime 1ms
2026-08-10T10:39:41.557-06:00  INFO 2652 --- [discovery-service] [a-EvictionTimer] c.n.e.registry.AbstractInstanceRegistry  : Running the evict task with compensationTime 1ms
2026-08-10T10:39:46.558-06:00  INFO 2652 --- [discovery-service] [a-EvictionTimer] c.n.e.registry.AbstractInstanceRegistry  : Running the evict task with compensationTime 1ms
2026-08-10T10:39:51.559-06:00  INFO 2652 --- [discovery-service] [a-EvictionTimer] c.n.e.registry.AbstractInstanceRegistry  : Running the evict task with compensationTime 0ms
2026-08-10T10:39:56.559-06:00  INFO 2652 --- [discovery-service] [a-EvictionTimer] c.n.e.registry.AbstractInstanceRegistry  : Running the evict task with compensationTime 0ms
2026-08-10T10:40:01.559-06:00  INFO 2652 --- [discovery-service] [a-EvictionTimer] c.n.e.registry.AbstractInstanceRegistry  : Running the evict task with compensationTime 0ms
2026-08-10T10:40:06.560-06:00  INFO 2652 --- [discovery-service] [a-EvictionTimer] c.n.e.registry.AbstractInstanceRegistry  : Running the evict task with compensationTime 0ms
2026-08-10T10:40:11.561-06:00  INFO 2652 --- [discovery-service] [a-EvictionTimer] c.n.e.registry.AbstractInstanceRegistry  : Running the evict task with compensationTime 1ms
2026-08-10T10:40:16.561-06:00  INFO 2652 --- [discovery-service] [a-EvictionTimer] c.n.e.registry.AbstractInstanceRegistry  : Running the evict task with compensationTime 0ms
2026-08-10T10:40:21.561-06:00  INFO 2652 --- [discovery-service] [a-EvictionTimer] c.n.e.registry.AbstractInstanceRegistry  : Running the evict task with compensationTime 0ms
2026-08-10T10:40:26.562-06:00  INFO 2652 --- [discovery-service] [a-EvictionTimer] c.n.e.registry.AbstractInstanceRegistry  : Running the evict task with compensationTime 0ms
2026-08-10T10:40:31.563-06:00  INFO 2652 --- [discovery-service] [a-EvictionTimer] c.n.e.registry.AbstractInstanceRegistry  : Running the evict task with compensationTime 1ms
2026-08-10T10:40:36.563-06:00  INFO 2652 --- [discovery-service] [a-EvictionTimer] c.n.e.registry.AbstractInstanceRegistry  : Running the evict task with compensationTime 0ms
2026-08-10T10:40:41.565-06:00  INFO 2652 --- [discovery-service] [a-EvictionTimer] c.n.e.registry.AbstractInstanceRegistry  : Running the evict task with compensationTime 2ms
2026-08-10T10:40:46.565-06:00  INFO 2652 --- [discovery-service] [a-EvictionTimer] c.n.e.registry.AbstractInstanceRegistry  : Running the evict task with compensationTime 0ms
2026-08-10T10:40:51.565-06:00  INFO 2652 --- [discovery-service] [a-EvictionTimer] c.n.e.registry.AbstractInstanceRegistry  : Running the evict task with compensationTime 0ms
2026-08-10T10:40:56.566-06:00  INFO 2652 --- [discovery-service] [a-EvictionTimer] c.n.e.registry.AbstractInstanceRegistry  : Running the evict task with compensationTime 0ms
2026-08-10T10:41:01.566-06:00  INFO 2652 --- [discovery-service] [a-EvictionTimer] c.n.e.registry.AbstractInstanceRegistry  : Running the evict task with compensationTime 0ms
2026-08-10T10:41:06.566-06:00  INFO 2652 --- [discovery-service] [a-EvictionTimer] c.n.e.registry.AbstractInstanceRegistry  : Running the evict task with compensationTime 0ms
2026-08-10T10:41:11.567-06:00  INFO 2652 --- [discovery-service] [a-EvictionTimer] c.n.e.registry.AbstractInstanceRegistry  : Running the evict task with compensationTime 1ms
2026-08-10T10:41:16.567-06:00  INFO 2652 --- [discovery-service] [a-EvictionTimer] c.n.e.registry.AbstractInstanceRegistry  : Running the evict task with compensationTime 0ms
2026-08-10T10:41:21.568-06:00  INFO 2652 --- [discovery-service] [a-EvictionTimer] c.n.e.registry.AbstractInstanceRegistry  : Running the evict task with compensationTime 0ms
2026-08-10T10:41:26.569-06:00  INFO 2652 --- [discovery-service] [a-EvictionTimer] c.n.e.registry.AbstractInstanceRegistry  : Running the evict task with compensationTime 1ms
2026-08-10T10:41:31.569-06:00  INFO 2652 --- [discovery-service] [a-EvictionTimer] c.n.e.registry.AbstractInstanceRegistry  : Running the evict task with compensationTime 0ms
2026-08-10T10:41:36.570-06:00  INFO 2652 --- [discovery-service] [a-EvictionTimer] c.n.e.registry.AbstractInstanceRegistry  : Running the evict task with compensationTime 0ms
2026-08-10T10:41:41.570-06:00  INFO 2652 --- [discovery-service] [a-EvictionTimer] c.n.e.registry.AbstractInstanceRegistry  : Running the evict task with compensationTime 0ms
2026-08-10T10:41:46.570-06:00  INFO 2652 --- [discovery-service] [a-EvictionTimer] c.n.e.registry.AbstractInstanceRegistry  : Running the evict task with compensationTime 0ms
2026-08-10T10:41:51.571-06:00  INFO 2652 --- [discovery-service] [a-EvictionTimer] c.n.e.registry.AbstractInstanceRegistry  : Running the evict task with compensationTime 0ms
2026-08-10T10:41:56.571-06:00  INFO 2652 --- [discovery-service] [a-EvictionTimer] c.n.e.registry.AbstractInstanceRegistry  : Running the evict task with compensationTime 0ms
2026-08-10T10:42:01.572-06:00  INFO 2652 --- [discovery-service] [a-EvictionTimer] c.n.e.registry.AbstractInstanceRegistry  : Running the evict task with compensationTime 0ms
2026-08-10T10:42:06.572-06:00  INFO 2652 --- [discovery-service] [a-EvictionTimer] c.n.e.registry.AbstractInstanceRegistry  : Running the evict task with compensationTime 0ms
2026-08-10T10:42:11.572-06:00  INFO 2652 --- [discovery-service] [a-EvictionTimer] c.n.e.registry.AbstractInstanceRegistry  : Running the evict task with compensationTime 0ms
2026-08-10T10:42:16.572-06:00  INFO 2652 --- [discovery-service] [a-EvictionTimer] c.n.e.registry.AbstractInstanceRegistry  : Running the evict task with compensationTime 0ms
2026-08-10T10:42:21.573-06:00  INFO 2652 --- [discovery-service] [a-EvictionTimer] c.n.e.registry.AbstractInstanceRegistry  : Running the evict task with compensationTime 1ms
2026-08-10T10:42:26.575-06:00  INFO 2652 --- [discovery-service] [a-EvictionTimer] c.n.e.registry.AbstractInstanceRegistry  : Running the evict task with compensationTime 1ms
2026-08-10T10:42:31.576-06:00  INFO 2652 --- [discovery-service] [a-EvictionTimer] c.n.e.registry.AbstractInstanceRegistry  : Running the evict task with compensationTime 1ms
2026-08-10T10:42:36.576-06:00  INFO 2652 --- [discovery-service] [a-EvictionTimer] c.n.e.registry.AbstractInstanceRegistry  : Running the evict task with compensationTime 0ms
2026-08-10T10:42:41.577-06:00  INFO 2652 --- [discovery-service] [a-EvictionTimer] c.n.e.registry.AbstractInstanceRegistry  : Running the evict task with compensationTime 0ms
2026-08-10T10:42:46.578-06:00  INFO 2652 --- [discovery-service] [a-EvictionTimer] c.n.e.registry.AbstractInstanceRegistry  : Running the evict task with compensationTime 0ms
2026-08-10T10:42:51.578-06:00  INFO 2652 --- [discovery-service] [a-EvictionTimer] c.n.e.registry.AbstractInstanceRegistry  : Running the evict task with compensationTime 0ms
2026-08-10T10:42:56.578-06:00  INFO 2652 --- [discovery-service] [a-EvictionTimer] c.n.e.registry.AbstractInstanceRegistry  : Running the evict task with compensationTime 0ms
2026-08-10T10:43:00.005-06:00  INFO 2652 --- [discovery-service] [hresholdUpdater] c.n.e.r.PeerAwareInstanceRegistryImpl    : Current renewal threshold is : 6
2026-08-10T10:43:00.244-06:00  WARN 2652 --- [discovery-service] [eerNodesUpdater] c.n.eureka.cluster.PeerEurekaNodes       : The replica size seems to be empty. Check the route 53 DNS Registry
2026-08-10T10:43:01.579-06:00  INFO 2652 --- [discovery-service] [a-EvictionTimer] c.n.e.registry.AbstractInstanceRegistry  : Running the evict task with compensationTime 0ms
2026-08-10T10:43:06.579-06:00  INFO 2652 --- [discovery-service] [a-EvictionTimer] c.n.e.registry.AbstractInstanceRegistry  : Running the evict task with compensationTime 0ms
2026-08-10T10:43:11.579-06:00  INFO 2652 --- [discovery-service] [a-EvictionTimer] c.n.e.registry.AbstractInstanceRegistry  : Running the evict task with compensationTime 0ms
2026-08-10T10:43:16.580-06:00  INFO 2652 --- [discovery-service] [a-EvictionTimer] c.n.e.registry.AbstractInstanceRegistry  : Running the evict task with compensationTime 0ms
2026-08-10T10:43:21.580-06:00  INFO 2652 --- [discovery-service] [a-EvictionTimer] c.n.e.registry.AbstractInstanceRegistry  : Running the evict task with compensationTime 0ms
2026-08-10T10:43:26.581-06:00  INFO 2652 --- [discovery-service] [a-EvictionTimer] c.n.e.registry.AbstractInstanceRegistry  : Running the evict task with compensationTime 0ms
2026-08-10T10:43:31.581-06:00  INFO 2652 --- [discovery-service] [a-EvictionTimer] c.n.e.registry.AbstractInstanceRegistry  : Running the evict task with compensationTime 0ms
2026-08-10T10:43:36.581-06:00  INFO 2652 --- [discovery-service] [a-EvictionTimer] c.n.e.registry.AbstractInstanceRegistry  : Running the evict task with compensationTime 0ms
2026-08-10T10:43:41.582-06:00  INFO 2652 --- [discovery-service] [a-EvictionTimer] c.n.e.registry.AbstractInstanceRegistry  : Running the evict task with compensationTime 0ms
2026-08-10T10:43:46.582-06:00  INFO 2652 --- [discovery-service] [a-EvictionTimer] c.n.e.registry.AbstractInstanceRegistry  : Running the evict task with compensationTime 0ms
2026-08-10T10:43:51.583-06:00  INFO 2652 --- [discovery-service] [a-EvictionTimer] c.n.e.registry.AbstractInstanceRegistry  : Running the evict task with compensationTime 1ms
2026-08-10T10:43:56.584-06:00  INFO 2652 --- [discovery-service] [a-EvictionTimer] c.n.e.registry.AbstractInstanceRegistry  : Running the evict task with compensationTime 0ms
2026-08-10T10:44:01.584-06:00  INFO 2652 --- [discovery-service] [a-EvictionTimer] c.n.e.registry.AbstractInstanceRegistry  : Running the evict task with compensationTime 0ms
2026-08-10T10:44:06.585-06:00  INFO 2652 --- [discovery-service] [a-EvictionTimer] c.n.e.registry.AbstractInstanceRegistry  : Running the evict task with compensationTime 0ms
2026-08-10T10:44:11.586-06:00  INFO 2652 --- [discovery-service] [a-EvictionTimer] c.n.e.registry.AbstractInstanceRegistry  : Running the evict task with compensationTime 0ms
2026-08-10T10:44:16.587-06:00  INFO 2652 --- [discovery-service] [a-EvictionTimer] c.n.e.registry.AbstractInstanceRegistry  : Running the evict task with compensationTime 0ms
2026-08-10T10:44:21.587-06:00  INFO 2652 --- [discovery-service] [a-EvictionTimer] c.n.e.registry.AbstractInstanceRegistry  : Running the evict task with compensationTime 0ms
2026-08-10T10:44:26.588-06:00  INFO 2652 --- [discovery-service] [a-EvictionTimer] c.n.e.registry.AbstractInstanceRegistry  : Running the evict task with compensationTime 1ms
2026-08-10T10:44:31.588-06:00  INFO 2652 --- [discovery-service] [a-EvictionTimer] c.n.e.registry.AbstractInstanceRegistry  : Running the evict task with compensationTime 0ms
2026-08-10T10:44:36.588-06:00  INFO 2652 --- [discovery-service] [a-EvictionTimer] c.n.e.registry.AbstractInstanceRegistry  : Running the evict task with compensationTime 0ms
2026-08-10T10:44:41.589-06:00  INFO 2652 --- [discovery-service] [a-EvictionTimer] c.n.e.registry.AbstractInstanceRegistry  : Running the evict task with compensationTime 0ms
2026-08-10T10:44:46.590-06:00  INFO 2652 --- [discovery-service] [a-EvictionTimer] c.n.e.registry.AbstractInstanceRegistry  : Running the evict task with compensationTime 1ms
2026-08-10T10:44:51.591-06:00  INFO 2652 --- [discovery-service] [a-EvictionTimer] c.n.e.registry.AbstractInstanceRegistry  : Running the evict task with compensationTime 0ms
2026-08-10T10:44:56.591-06:00  INFO 2652 --- [discovery-service] [a-EvictionTimer] c.n.e.registry.AbstractInstanceRegistry  : Running the evict task with compensationTime 0ms
2026-08-10T10:45:01.592-06:00  INFO 2652 --- [discovery-service] [a-EvictionTimer] c.n.e.registry.AbstractInstanceRegistry  : Running the evict task with compensationTime 0ms
2026-08-10T10:45:06.592-06:00  INFO 2652 --- [discovery-service] [a-EvictionTimer] c.n.e.registry.AbstractInstanceRegistry  : Running the evict task with compensationTime 0ms
2026-08-10T10:45:11.592-06:00  INFO 2652 --- [discovery-service] [a-EvictionTimer] c.n.e.registry.AbstractInstanceRegistry  : Running the evict task with compensationTime 0ms
2026-08-10T10:45:16.592-06:00  INFO 2652 --- [discovery-service] [a-EvictionTimer] c.n.e.registry.AbstractInstanceRegistry  : Running the evict task with compensationTime 0ms
2026-08-10T10:45:21.592-06:00  INFO 2652 --- [discovery-service] [a-EvictionTimer] c.n.e.registry.AbstractInstanceRegistry  : Running the evict task with compensationTime 0ms
2026-08-10T10:45:26.593-06:00  INFO 2652 --- [discovery-service] [a-EvictionTimer] c.n.e.registry.AbstractInstanceRegistry  : Running the evict task with compensationTime 0ms
2026-08-10T10:45:31.594-06:00  INFO 2652 --- [discovery-service] [a-EvictionTimer] c.n.e.registry.AbstractInstanceRegistry  : Running the evict task with compensationTime 0ms
2026-08-10T10:45:36.594-06:00  INFO 2652 --- [discovery-service] [a-EvictionTimer] c.n.e.registry.AbstractInstanceRegistry  : Running the evict task with compensationTime 0ms
2026-08-10T10:45:41.606-06:00  INFO 2652 --- [discovery-service] [a-EvictionTimer] c.n.e.registry.AbstractInstanceRegistry  : Running the evict task with compensationTime 12ms
2026-08-10T10:45:46.614-06:00  INFO 2652 --- [discovery-service] [a-EvictionTimer] c.n.e.registry.AbstractInstanceRegistry  : Running the evict task with compensationTime 7ms
2026-08-10T10:45:51.622-06:00  INFO 2652 --- [discovery-service] [a-EvictionTimer] c.n.e.registry.AbstractInstanceRegistry  : Running the evict task with compensationTime 8ms
2026-08-10T10:45:56.633-06:00  INFO 2652 --- [discovery-service] [a-EvictionTimer] c.n.e.registry.AbstractInstanceRegistry  : Running the evict task with compensationTime 10ms
2026-08-10T10:46:01.644-06:00  INFO 2652 --- [discovery-service] [a-EvictionTimer] c.n.e.registry.AbstractInstanceRegistry  : Running the evict task with compensationTime 11ms
2026-08-10T10:46:06.658-06:00  INFO 2652 --- [discovery-service] [a-EvictionTimer] c.n.e.registry.AbstractInstanceRegistry  : Running the evict task with compensationTime 13ms
2026-08-10T10:46:11.665-06:00  INFO 2652 --- [discovery-service] [a-EvictionTimer] c.n.e.registry.AbstractInstanceRegistry  : Running the evict task with compensationTime 7ms
2026-08-10T10:46:16.666-06:00  INFO 2652 --- [discovery-service] [a-EvictionTimer] c.n.e.registry.AbstractInstanceRegistry  : Running the evict task with compensationTime 0ms
2026-08-10T10:46:21.667-06:00  INFO 2652 --- [discovery-service] [a-EvictionTimer] c.n.e.registry.AbstractInstanceRegistry  : Running the evict task with compensationTime 0ms
2026-08-10T10:46:26.667-06:00  INFO 2652 --- [discovery-service] [a-EvictionTimer] c.n.e.registry.AbstractInstanceRegistry  : Running the evict task with compensationTime 0ms
2026-08-10T10:46:31.668-06:00  INFO 2652 --- [discovery-service] [a-EvictionTimer] c.n.e.registry.AbstractInstanceRegistry  : Running the evict task with compensationTime 1ms
2026-08-10T10:46:36.679-06:00  INFO 2652 --- [discovery-service] [a-EvictionTimer] c.n.e.registry.AbstractInstanceRegistry  : Running the evict task with compensationTime 11ms
2026-08-10T10:46:41.685-06:00  INFO 2652 --- [discovery-service] [a-EvictionTimer] c.n.e.registry.AbstractInstanceRegistry  : Running the evict task with compensationTime 5ms
2026-08-10T10:46:46.700-06:00  INFO 2652 --- [discovery-service] [a-EvictionTimer] c.n.e.registry.AbstractInstanceRegistry  : Running the evict task with compensationTime 15ms
2026-08-10T10:46:51.707-06:00  INFO 2652 --- [discovery-service] [a-EvictionTimer] c.n.e.registry.AbstractInstanceRegistry  : Running the evict task with compensationTime 6ms
2026-08-10T10:46:56.712-06:00  INFO 2652 --- [discovery-service] [a-EvictionTimer] c.n.e.registry.AbstractInstanceRegistry  : Running the evict task with compensationTime 5ms
2026-08-10T10:47:01.717-06:00  INFO 2652 --- [discovery-service] [a-EvictionTimer] c.n.e.registry.AbstractInstanceRegistry  : Running the evict task with compensationTime 5ms
2026-08-10T10:47:06.718-06:00  INFO 2652 --- [discovery-service] [a-EvictionTimer] c.n.e.registry.AbstractInstanceRegistry  : Running the evict task with compensationTime 0ms
2026-08-10T10:47:11.719-06:00  INFO 2652 --- [discovery-service] [a-EvictionTimer] c.n.e.registry.AbstractInstanceRegistry  : Running the evict task with compensationTime 0ms
2026-08-10T10:47:16.720-06:00  INFO 2652 --- [discovery-service] [a-EvictionTimer] c.n.e.registry.AbstractInstanceRegistry  : Running the evict task with compensationTime 1ms
2026-08-10T10:47:21.722-06:00  INFO 2652 --- [discovery-service] [a-EvictionTimer] c.n.e.registry.AbstractInstanceRegistry  : Running the evict task with compensationTime 2ms
2026-08-10T10:47:26.724-06:00  INFO 2652 --- [discovery-service] [a-EvictionTimer] c.n.e.registry.AbstractInstanceRegistry  : Running the evict task with compensationTime 2ms
2026-08-10T10:47:31.731-06:00  INFO 2652 --- [discovery-service] [a-EvictionTimer] c.n.e.registry.AbstractInstanceRegistry  : Running the evict task with compensationTime 6ms
2026-08-10T10:47:36.733-06:00  INFO 2652 --- [discovery-service] [a-EvictionTimer] c.n.e.registry.AbstractInstanceRegistry  : Running the evict task with compensationTime 2ms
2026-08-10T10:47:41.739-06:00  INFO 2652 --- [discovery-service] [a-EvictionTimer] c.n.e.registry.AbstractInstanceRegistry  : Running the evict task with compensationTime 5ms
2026-08-10T10:47:46.752-06:00  INFO 2652 --- [discovery-service] [a-EvictionTimer] c.n.e.registry.AbstractInstanceRegistry  : Running the evict task with compensationTime 13ms
2026-08-10T10:47:51.766-06:00  INFO 2652 --- [discovery-service] [a-EvictionTimer] c.n.e.registry.AbstractInstanceRegistry  : Running the evict task with compensationTime 13ms
2026-08-10T10:47:56.774-06:00  INFO 2652 --- [discovery-service] [a-EvictionTimer] c.n.e.registry.AbstractInstanceRegistry  : Running the evict task with compensationTime 7ms
2026-08-10T10:48:01.789-06:00  INFO 2652 --- [discovery-service] [a-EvictionTimer] c.n.e.registry.AbstractInstanceRegistry  : Running the evict task with compensationTime 14ms
2026-08-10T10:48:06.795-06:00  INFO 2652 --- [discovery-service] [a-EvictionTimer] c.n.e.registry.AbstractInstanceRegistry  : Running the evict task with compensationTime 6ms
2026-08-10T10:48:11.800-06:00  INFO 2652 --- [discovery-service] [a-EvictionTimer] c.n.e.registry.AbstractInstanceRegistry  : Running the evict task with compensationTime 3ms
2026-08-10T10:48:16.808-06:00  INFO 2652 --- [discovery-service] [a-EvictionTimer] c.n.e.registry.AbstractInstanceRegistry  : Running the evict task with compensationTime 8ms
2026-08-10T10:48:21.814-06:00  INFO 2652 --- [discovery-service] [a-EvictionTimer] c.n.e.registry.AbstractInstanceRegistry  : Running the evict task with compensationTime 6ms
2026-08-10T10:48:26.827-06:00  INFO 2652 --- [discovery-service] [a-EvictionTimer] c.n.e.registry.AbstractInstanceRegistry  : Running the evict task with compensationTime 12ms
2026-08-10T10:48:31.835-06:00  INFO 2652 --- [discovery-service] [a-EvictionTimer] c.n.e.registry.AbstractInstanceRegistry  : Running the evict task with compensationTime 7ms
2026-08-10T10:48:36.850-06:00  INFO 2652 --- [discovery-service] [a-EvictionTimer] c.n.e.registry.AbstractInstanceRegistry  : Running the evict task with compensationTime 15ms
2026-08-10T10:48:41.853-06:00  INFO 2652 --- [discovery-service] [a-EvictionTimer] c.n.e.registry.AbstractInstanceRegistry  : Running the evict task with compensationTime 3ms
2026-08-10T10:48:46.867-06:00  INFO 2652 --- [discovery-service] [a-EvictionTimer] c.n.e.registry.AbstractInstanceRegistry  : Running the evict task with compensationTime 13ms
2026-08-10T10:48:51.874-06:00  INFO 2652 --- [discovery-service] [a-EvictionTimer] c.n.e.registry.AbstractInstanceRegistry  : Running the evict task with compensationTime 6ms
2026-08-10T10:48:56.889-06:00  INFO 2652 --- [discovery-service] [a-EvictionTimer] c.n.e.registry.AbstractInstanceRegistry  : Running the evict task with compensationTime 15ms
2026-08-10T10:49:01.892-06:00  INFO 2652 --- [discovery-service] [a-EvictionTimer] c.n.e.registry.AbstractInstanceRegistry  : Running the evict task with compensationTime 1ms
2026-08-10T10:49:06.904-06:00  INFO 2652 --- [discovery-service] [a-EvictionTimer] c.n.e.registry.AbstractInstanceRegistry  : Running the evict task with compensationTime 12ms
2026-08-10T10:49:11.913-06:00  INFO 2652 --- [discovery-service] [a-EvictionTimer] c.n.e.registry.AbstractInstanceRegistry  : Running the evict task with compensationTime 8ms
2026-08-10T10:49:16.924-06:00  INFO 2652 --- [discovery-service] [a-EvictionTimer] c.n.e.registry.AbstractInstanceRegistry  : Running the evict task with compensationTime 11ms
2026-08-10T10:49:21.929-06:00  INFO 2652 --- [discovery-service] [a-EvictionTimer] c.n.e.registry.AbstractInstanceRegistry  : Running the evict task with compensationTime 4ms
2026-08-10T10:49:26.934-06:00  INFO 2652 --- [discovery-service] [a-EvictionTimer] c.n.e.registry.AbstractInstanceRegistry  : Running the evict task with compensationTime 4ms
2026-08-10T10:49:31.947-06:00  INFO 2652 --- [discovery-service] [a-EvictionTimer] c.n.e.registry.AbstractInstanceRegistry  : Running the evict task with compensationTime 13ms
2026-08-10T10:49:36.960-06:00  INFO 2652 --- [discovery-service] [a-EvictionTimer] c.n.e.registry.AbstractInstanceRegistry  : Running the evict task with compensationTime 12ms
2026-08-10T10:49:41.964-06:00  INFO 2652 --- [discovery-service] [a-EvictionTimer] c.n.e.registry.AbstractInstanceRegistry  : Running the evict task with compensationTime 4ms
2026-08-10T10:49:46.971-06:00  INFO 2652 --- [discovery-service] [a-EvictionTimer] c.n.e.registry.AbstractInstanceRegistry  : Running the evict task with compensationTime 6ms
2026-08-10T10:49:51.972-06:00  INFO 2652 --- [discovery-service] [a-EvictionTimer] c.n.e.registry.AbstractInstanceRegistry  : Running the evict task with compensationTime 1ms
2026-08-10T10:49:56.980-06:00  INFO 2652 --- [discovery-service] [a-EvictionTimer] c.n.e.registry.AbstractInstanceRegistry  : Running the evict task with compensationTime 8ms
2026-08-10T10:50:01.989-06:00  INFO 2652 --- [discovery-service] [a-EvictionTimer] c.n.e.registry.AbstractInstanceRegistry  : Running the evict task with compensationTime 8ms
2026-08-10T10:50:07.004-06:00  INFO 2652 --- [discovery-service] [a-EvictionTimer] c.n.e.registry.AbstractInstanceRegistry  : Running the evict task with compensationTime 15ms
2026-08-10T10:50:12.013-06:00  INFO 2652 --- [discovery-service] [a-EvictionTimer] c.n.e.registry.AbstractInstanceRegistry  : Running the evict task with compensationTime 8ms
2026-08-10T10:50:17.020-06:00  INFO 2652 --- [discovery-service] [a-EvictionTimer] c.n.e.registry.AbstractInstanceRegistry  : Running the evict task with compensationTime 7ms
2026-08-10T10:50:22.027-06:00  INFO 2652 --- [discovery-service] [a-EvictionTimer] c.n.e.registry.AbstractInstanceRegistry  : Running the evict task with compensationTime 6ms
2026-08-10T10:50:27.042-06:00  INFO 2652 --- [discovery-service] [a-EvictionTimer] c.n.e.registry.AbstractInstanceRegistry  : Running the evict task with compensationTime 15ms
2026-08-10T10:50:32.044-06:00  INFO 2652 --- [discovery-service] [a-EvictionTimer] c.n.e.registry.AbstractInstanceRegistry  : Running the evict task with compensationTime 1ms
2026-08-10T10:50:37.049-06:00  INFO 2652 --- [discovery-service] [a-EvictionTimer] c.n.e.registry.AbstractInstanceRegistry  : Running the evict task with compensationTime 5ms
2026-08-10T10:50:42.050-06:00  INFO 2652 --- [discovery-service] [a-EvictionTimer] c.n.e.registry.AbstractInstanceRegistry  : Running the evict task with compensationTime 0ms
2026-08-10T10:50:47.059-06:00  INFO 2652 --- [discovery-service] [a-EvictionTimer] c.n.e.registry.AbstractInstanceRegistry  : Running the evict task with compensationTime 8ms
2026-08-10T10:50:52.059-06:00  INFO 2652 --- [discovery-service] [a-EvictionTimer] c.n.e.registry.AbstractInstanceRegistry  : Running the evict task with compensationTime 0ms
2026-08-10T10:50:57.060-06:00  INFO 2652 --- [discovery-service] [a-EvictionTimer] c.n.e.registry.AbstractInstanceRegistry  : Running the evict task with compensationTime 0ms
2026-08-10T10:51:02.060-06:00  INFO 2652 --- [discovery-service] [a-EvictionTimer] c.n.e.registry.AbstractInstanceRegistry  : Running the evict task with compensationTime 0ms
2026-08-10T10:51:07.060-06:00  INFO 2652 --- [discovery-service] [a-EvictionTimer] c.n.e.registry.AbstractInstanceRegistry  : Running the evict task with compensationTime 0ms
2026-08-10T10:51:12.060-06:00  INFO 2652 --- [discovery-service] [a-EvictionTimer] c.n.e.registry.AbstractInstanceRegistry  : Running the evict task with compensationTime 0ms
2026-08-10T10:51:17.061-06:00  INFO 2652 --- [discovery-service] [a-EvictionTimer] c.n.e.registry.AbstractInstanceRegistry  : Running the evict task with compensationTime 0ms
2026-08-10T10:51:22.061-06:00  INFO 2652 --- [discovery-service] [a-EvictionTimer] c.n.e.registry.AbstractInstanceRegistry  : Running the evict task with compensationTime 0ms
2026-08-10T10:51:27.061-06:00  INFO 2652 --- [discovery-service] [a-EvictionTimer] c.n.e.registry.AbstractInstanceRegistry  : Running the evict task with compensationTime 0ms
2026-08-10T10:51:32.061-06:00  INFO 2652 --- [discovery-service] [a-EvictionTimer] c.n.e.registry.AbstractInstanceRegistry  : Running the evict task with compensationTime 0ms
2026-08-10T10:51:37.062-06:00  INFO 2652 --- [discovery-service] [a-EvictionTimer] c.n.e.registry.AbstractInstanceRegistry  : Running the evict task with compensationTime 1ms
2026-08-10T10:51:42.062-06:00  INFO 2652 --- [discovery-service] [a-EvictionTimer] c.n.e.registry.AbstractInstanceRegistry  : Running the evict task with compensationTime 0ms
2026-08-10T10:51:47.062-06:00  INFO 2652 --- [discovery-service] [a-EvictionTimer] c.n.e.registry.AbstractInstanceRegistry  : Running the evict task with compensationTime 0ms
2026-08-10T10:51:52.064-06:00  INFO 2652 --- [discovery-service] [a-EvictionTimer] c.n.e.registry.AbstractInstanceRegistry  : Running the evict task with compensationTime 1ms
2026-08-10T10:51:57.065-06:00  INFO 2652 --- [discovery-service] [a-EvictionTimer] c.n.e.registry.AbstractInstanceRegistry  : Running the evict task with compensationTime 0ms
2026-08-10T10:52:02.066-06:00  INFO 2652 --- [discovery-service] [a-EvictionTimer] c.n.e.registry.AbstractInstanceRegistry  : Running the evict task with compensationTime 0ms
2026-08-10T10:52:07.066-06:00  INFO 2652 --- [discovery-service] [a-EvictionTimer] c.n.e.registry.AbstractInstanceRegistry  : Running the evict task with compensationTime 0ms
2026-08-10T10:52:12.067-06:00  INFO 2652 --- [discovery-service] [a-EvictionTimer] c.n.e.registry.AbstractInstanceRegistry  : Running the evict task with compensationTime 0ms
2026-08-10T10:52:17.068-06:00  INFO 2652 --- [discovery-service] [a-EvictionTimer] c.n.e.registry.AbstractInstanceRegistry  : Running the evict task with compensationTime 0ms
2026-08-10T10:52:18.096-06:00  INFO 2652 --- [discovery-service] [io-8761-exec-10] c.n.e.registry.AbstractInstanceRegistry  : Registered instance ANALYTICS-SERVICE/PC-Sergio.mshome.net:analytics-service:8083 with status UP (replication=false)
2026-08-10T10:52:18.910-06:00  INFO 2652 --- [discovery-service] [nio-8761-exec-4] c.n.e.registry.AbstractInstanceRegistry  : Registered instance CURSOS-SERVICE/PC-Sergio.mshome.net:cursos-service:8082 with status UP (replication=false)
2026-08-10T10:52:22.068-06:00  INFO 2652 --- [discovery-service] [a-EvictionTimer] c.n.e.registry.AbstractInstanceRegistry  : Running the evict task with compensationTime 1ms
2026-08-10T10:52:27.069-06:00  INFO 2652 --- [discovery-service] [a-EvictionTimer] c.n.e.registry.AbstractInstanceRegistry  : Running the evict task with compensationTime 0ms
2026-08-10T10:52:32.069-06:00  INFO 2652 --- [discovery-service] [a-EvictionTimer] c.n.e.registry.AbstractInstanceRegistry  : Running the evict task with compensationTime 0ms
2026-08-10T10:52:37.070-06:00  INFO 2652 --- [discovery-service] [a-EvictionTimer] c.n.e.registry.AbstractInstanceRegistry  : Running the evict task with compensationTime 0ms
2026-08-10T10:52:42.071-06:00  INFO 2652 --- [discovery-service] [a-EvictionTimer] c.n.e.registry.AbstractInstanceRegistry  : Running the evict task with compensationTime 0ms
2026-08-10T10:52:47.071-06:00  INFO 2652 --- [discovery-service] [a-EvictionTimer] c.n.e.registry.AbstractInstanceRegistry  : Running the evict task with compensationTime 0ms
2026-08-10T10:52:52.071-06:00  INFO 2652 --- [discovery-service] [a-EvictionTimer] c.n.e.registry.AbstractInstanceRegistry  : Running the evict task with compensationTime 0ms
2026-08-10T10:52:57.072-06:00  INFO 2652 --- [discovery-service] [a-EvictionTimer] c.n.e.registry.AbstractInstanceRegistry  : Running the evict task with compensationTime 0ms
2026-08-10T10:53:00.250-06:00  WARN 2652 --- [discovery-service] [eerNodesUpdater] c.n.eureka.cluster.PeerEurekaNodes       : The replica size seems to be empty. Check the route 53 DNS Registry
2026-08-10T10:53:02.072-06:00  INFO 2652 --- [discovery-service] [a-EvictionTimer] c.n.e.registry.AbstractInstanceRegistry  : Running the evict task with compensationTime 0ms
2026-08-10T10:53:07.072-06:00  INFO 2652 --- [discovery-service] [a-EvictionTimer] c.n.e.registry.AbstractInstanceRegistry  : Running the evict task with compensationTime 0ms
2026-08-10T10:53:12.073-06:00  INFO 2652 --- [discovery-service] [a-EvictionTimer] c.n.e.registry.AbstractInstanceRegistry  : Running the evict task with compensationTime 1ms
2026-08-10T10:53:17.073-06:00  INFO 2652 --- [discovery-service] [a-EvictionTimer] c.n.e.registry.AbstractInstanceRegistry  : Running the evict task with compensationTime 0ms
2026-08-10T10:53:22.074-06:00  INFO 2652 --- [discovery-service] [a-EvictionTimer] c.n.e.registry.AbstractInstanceRegistry  : Running the evict task with compensationTime 0ms
2026-08-10T10:53:27.074-06:00  INFO 2652 --- [discovery-service] [a-EvictionTimer] c.n.e.registry.AbstractInstanceRegistry  : Running the evict task with compensationTime 0ms
2026-08-10T10:53:32.075-06:00  INFO 2652 --- [discovery-service] [a-EvictionTimer] c.n.e.registry.AbstractInstanceRegistry  : Running the evict task with compensationTime 1ms
2026-08-10T10:53:37.076-06:00  INFO 2652 --- [discovery-service] [a-EvictionTimer] c.n.e.registry.AbstractInstanceRegistry  : Running the evict task with compensationTime 0ms
2026-08-10T10:53:42.076-06:00  INFO 2652 --- [discovery-service] [a-EvictionTimer] c.n.e.registry.AbstractInstanceRegistry  : Running the evict task with compensationTime 0ms
2026-08-10T10:53:47.077-06:00  INFO 2652 --- [discovery-service] [a-EvictionTimer] c.n.e.registry.AbstractInstanceRegistry  : Running the evict task with compensationTime 0ms
2026-08-10T10:53:52.077-06:00  INFO 2652 --- [discovery-service] [a-EvictionTimer] c.n.e.registry.AbstractInstanceRegistry  : Running the evict task with compensationTime 0ms
2026-08-10T10:53:57.078-06:00  INFO 2652 --- [discovery-service] [a-EvictionTimer] c.n.e.registry.AbstractInstanceRegistry  : Running the evict task with compensationTime 0ms
2026-08-10T10:54:02.078-06:00  INFO 2652 --- [discovery-service] [a-EvictionTimer] c.n.e.registry.AbstractInstanceRegistry  : Running the evict task with compensationTime 0ms
2026-08-10T10:54:07.079-06:00  INFO 2652 --- [discovery-service] [a-EvictionTimer] c.n.e.registry.AbstractInstanceRegistry  : Running the evict task with compensationTime 0ms
2026-08-10T10:54:12.079-06:00  INFO 2652 --- [discovery-service] [a-EvictionTimer] c.n.e.registry.AbstractInstanceRegistry  : Running the evict task with compensationTime 0ms
2026-08-10T10:54:17.080-06:00  INFO 2652 --- [discovery-service] [a-EvictionTimer] c.n.e.registry.AbstractInstanceRegistry  : Running the evict task with compensationTime 0ms
2026-08-10T10:54:22.081-06:00  INFO 2652 --- [discovery-service] [a-EvictionTimer] c.n.e.registry.AbstractInstanceRegistry  : Running the evict task with compensationTime 0ms
2026-08-10T10:54:27.081-06:00  INFO 2652 --- [discovery-service] [a-EvictionTimer] c.n.e.registry.AbstractInstanceRegistry  : Running the evict task with compensationTime 0ms
2026-08-10T10:54:32.082-06:00  INFO 2652 --- [discovery-service] [a-EvictionTimer] c.n.e.registry.AbstractInstanceRegistry  : Running the evict task with compensationTime 0ms
2026-08-10T10:54:37.082-06:00  INFO 2652 --- [discovery-service] [a-EvictionTimer] c.n.e.registry.AbstractInstanceRegistry  : Running the evict task with compensationTime 0ms
2026-08-10T10:54:42.083-06:00  INFO 2652 --- [discovery-service] [a-EvictionTimer] c.n.e.registry.AbstractInstanceRegistry  : Running the evict task with compensationTime 0ms
2026-08-10T10:54:47.083-06:00  INFO 2652 --- [discovery-service] [a-EvictionTimer] c.n.e.registry.AbstractInstanceRegistry  : Running the evict task with compensationTime 0ms
2026-08-10T10:54:52.084-06:00  INFO 2652 --- [discovery-service] [a-EvictionTimer] c.n.e.registry.AbstractInstanceRegistry  : Running the evict task with compensationTime 0ms
2026-08-10T10:54:56.345-06:00  INFO 2652 --- [discovery-service] [nio-8761-exec-7] c.n.e.registry.AbstractInstanceRegistry  : Registered instance CURSOS-SERVICE/PC-Sergio.mshome.net:cursos-service:8082 with status DOWN (replication=false)
2026-08-10T10:54:56.436-06:00  INFO 2652 --- [discovery-service] [nio-8761-exec-9] c.n.e.registry.AbstractInstanceRegistry  : Registered instance CURSOS-SERVICE/PC-Sergio.mshome.net:cursos-service:8082 with status DOWN (replication=false)
2026-08-10T10:54:56.641-06:00  INFO 2652 --- [discovery-service] [nio-8761-exec-5] c.n.e.registry.AbstractInstanceRegistry  : Cancelled instance CURSOS-SERVICE/PC-Sergio.mshome.net:cursos-service:8082 (replication=false)
2026-08-10T10:54:57.085-06:00  INFO 2652 --- [discovery-service] [a-EvictionTimer] c.n.e.registry.AbstractInstanceRegistry  : Running the evict task with compensationTime 1ms
2026-08-10T10:55:02.086-06:00  INFO 2652 --- [discovery-service] [a-EvictionTimer] c.n.e.registry.AbstractInstanceRegistry  : Running the evict task with compensationTime 0ms
2026-08-10T10:55:07.086-06:00  INFO 2652 --- [discovery-service] [a-EvictionTimer] c.n.e.registry.AbstractInstanceRegistry  : Running the evict task with compensationTime 0ms
2026-08-10T10:55:12.086-06:00  INFO 2652 --- [discovery-service] [a-EvictionTimer] c.n.e.registry.AbstractInstanceRegistry  : Running the evict task with compensationTime 0ms
2026-08-10T10:55:17.086-06:00  INFO 2652 --- [discovery-service] [a-EvictionTimer] c.n.e.registry.AbstractInstanceRegistry  : Running the evict task with compensationTime 0ms
2026-08-10T10:55:18.982-06:00  WARN 2652 --- [discovery-service] [io-8761-exec-10] c.n.e.registry.AbstractInstanceRegistry  : DS: Registry: lease doesn't exist, registering resource: CURSOS-SERVICE - PC-Sergio.mshome.net:cursos-service:8082
2026-08-10T10:55:18.993-06:00  WARN 2652 --- [discovery-service] [io-8761-exec-10] c.n.eureka.resources.InstanceResource    : Not Found (Renew): CURSOS-SERVICE - PC-Sergio.mshome.net:cursos-service:8082
2026-08-10T10:55:19.005-06:00  INFO 2652 --- [discovery-service] [nio-8761-exec-3] c.n.e.registry.AbstractInstanceRegistry  : Registered instance CURSOS-SERVICE/PC-Sergio.mshome.net:cursos-service:8082 with status UP (replication=false)
2026-08-10T10:55:22.087-06:00  INFO 2652 --- [discovery-service] [a-EvictionTimer] c.n.e.registry.AbstractInstanceRegistry  : Running the evict task with compensationTime 0ms
2026-08-10T10:55:27.087-06:00  INFO 2652 --- [discovery-service] [a-EvictionTimer] c.n.e.registry.AbstractInstanceRegistry  : Running the evict task with compensationTime 0ms
2026-08-10T10:55:32.088-06:00  INFO 2652 --- [discovery-service] [a-EvictionTimer] c.n.e.registry.AbstractInstanceRegistry  : Running the evict task with compensationTime 1ms
2026-08-10T10:55:33.292-06:00  INFO 2652 --- [discovery-service] [nio-8761-exec-4] c.n.e.registry.AbstractInstanceRegistry  : Registered instance ANALYTICS-SERVICE/PC-Sergio.mshome.net:analytics-service:8083 with status UP (replication=false)
2026-08-10T10:55:35.547-06:00  INFO 2652 --- [discovery-service] [nio-8761-exec-6] c.n.e.registry.AbstractInstanceRegistry  : Registered instance ANALYTICS-SERVICE/PC-Sergio.mshome.net:analytics-service:8083 with status DOWN (replication=false)
2026-08-10T10:55:37.088-06:00  INFO 2652 --- [discovery-service] [a-EvictionTimer] c.n.e.registry.AbstractInstanceRegistry  : Running the evict task with compensationTime 0ms
2026-08-10T10:55:38.590-06:00  INFO 2652 --- [discovery-service] [nio-8761-exec-8] c.n.e.registry.AbstractInstanceRegistry  : Cancelled instance ANALYTICS-SERVICE/PC-Sergio.mshome.net:analytics-service:8083 (replication=false)
2026-08-10T10:55:42.088-06:00  INFO 2652 --- [discovery-service] [a-EvictionTimer] c.n.e.registry.AbstractInstanceRegistry  : Running the evict task with compensationTime 0ms
2026-08-10T10:55:47.089-06:00  INFO 2652 --- [discovery-service] [a-EvictionTimer] c.n.e.registry.AbstractInstanceRegistry  : Running the evict task with compensationTime 0ms
2026-08-10T10:55:48.185-06:00  WARN 2652 --- [discovery-service] [nio-8761-exec-7] c.n.e.registry.AbstractInstanceRegistry  : DS: Registry: lease doesn't exist, registering resource: ANALYTICS-SERVICE - PC-Sergio.mshome.net:analytics-service:8083
2026-08-10T10:55:48.187-06:00  WARN 2652 --- [discovery-service] [nio-8761-exec-7] c.n.eureka.resources.InstanceResource    : Not Found (Renew): ANALYTICS-SERVICE - PC-Sergio.mshome.net:analytics-service:8083
2026-08-10T10:55:48.195-06:00  INFO 2652 --- [discovery-service] [nio-8761-exec-9] c.n.e.registry.AbstractInstanceRegistry  : Registered instance ANALYTICS-SERVICE/PC-Sergio.mshome.net:analytics-service:8083 with status UP (replication=false)
2026-08-10T10:55:52.090-06:00  INFO 2652 --- [discovery-service] [a-EvictionTimer] c.n.e.registry.AbstractInstanceRegistry  : Running the evict task with compensationTime 1ms
2026-08-10T10:55:57.091-06:00  INFO 2652 --- [discovery-service] [a-EvictionTimer] c.n.e.registry.AbstractInstanceRegistry  : Running the evict task with compensationTime 1ms
2026-08-10T10:56:02.091-06:00  INFO 2652 --- [discovery-service] [a-EvictionTimer] c.n.e.registry.AbstractInstanceRegistry  : Running the evict task with compensationTime 0ms
2026-08-10T10:56:07.093-06:00  INFO 2652 --- [discovery-service] [a-EvictionTimer] c.n.e.registry.AbstractInstanceRegistry  : Running the evict task with compensationTime 1ms
2026-08-10T10:56:12.094-06:00  INFO 2652 --- [discovery-service] [a-EvictionTimer] c.n.e.registry.AbstractInstanceRegistry  : Running the evict task with compensationTime 1ms
2026-08-10T10:56:17.094-06:00  INFO 2652 --- [discovery-service] [a-EvictionTimer] c.n.e.registry.AbstractInstanceRegistry  : Running the evict task with compensationTime 0ms
2026-08-10T10:56:22.095-06:00  INFO 2652 --- [discovery-service] [a-EvictionTimer] c.n.e.registry.AbstractInstanceRegistry  : Running the evict task with compensationTime 0ms
2026-08-10T10:56:27.096-06:00  INFO 2652 --- [discovery-service] [a-EvictionTimer] c.n.e.registry.AbstractInstanceRegistry  : Running the evict task with compensationTime 0ms
2026-08-10T10:56:32.097-06:00  INFO 2652 --- [discovery-service] [a-EvictionTimer] c.n.e.registry.AbstractInstanceRegistry  : Running the evict task with compensationTime 1ms
2026-08-10T10:56:37.097-06:00  INFO 2652 --- [discovery-service] [a-EvictionTimer] c.n.e.registry.AbstractInstanceRegistry  : Running the evict task with compensationTime 0ms
2026-08-10T10:56:42.097-06:00  INFO 2652 --- [discovery-service] [a-EvictionTimer] c.n.e.registry.AbstractInstanceRegistry  : Running the evict task with compensationTime 0ms
2026-08-10T10:56:47.098-06:00  INFO 2652 --- [discovery-service] [a-EvictionTimer] c.n.e.registry.AbstractInstanceRegistry  : Running the evict task with compensationTime 0ms
2026-08-10T10:56:52.099-06:00  INFO 2652 --- [discovery-service] [a-EvictionTimer] c.n.e.registry.AbstractInstanceRegistry  : Running the evict task with compensationTime 0ms
2026-08-10T10:56:57.099-06:00  INFO 2652 --- [discovery-service] [a-EvictionTimer] c.n.e.registry.AbstractInstanceRegistry  : Running the evict task with compensationTime 0ms
2026-08-10T10:57:02.099-06:00  INFO 2652 --- [discovery-service] [a-EvictionTimer] c.n.e.registry.AbstractInstanceRegistry  : Running the evict task with compensationTime 0ms
2026-08-10T10:57:07.100-06:00  INFO 2652 --- [discovery-service] [a-EvictionTimer] c.n.e.registry.AbstractInstanceRegistry  : Running the evict task with compensationTime 0ms
2026-08-10T10:57:12.100-06:00  INFO 2652 --- [discovery-service] [a-EvictionTimer] c.n.e.registry.AbstractInstanceRegistry  : Running the evict task with compensationTime 0ms
2026-08-10T10:57:17.101-06:00  INFO 2652 --- [discovery-service] [a-EvictionTimer] c.n.e.registry.AbstractInstanceRegistry  : Running the evict task with compensationTime 0ms
2026-08-10T10:57:22.102-06:00  INFO 2652 --- [discovery-service] [a-EvictionTimer] c.n.e.registry.AbstractInstanceRegistry  : Running the evict task with compensationTime 1ms
2026-08-10T10:57:27.103-06:00  INFO 2652 --- [discovery-service] [a-EvictionTimer] c.n.e.registry.AbstractInstanceRegistry  : Running the evict task with compensationTime 0ms
2026-08-10T10:57:32.103-06:00  INFO 2652 --- [discovery-service] [a-EvictionTimer] c.n.e.registry.AbstractInstanceRegistry  : Running the evict task with compensationTime 0ms
2026-08-10T10:57:37.104-06:00  INFO 2652 --- [discovery-service] [a-EvictionTimer] c.n.e.registry.AbstractInstanceRegistry  : Running the evict task with compensationTime 1ms
2026-08-10T10:57:42.105-06:00  INFO 2652 --- [discovery-service] [a-EvictionTimer] c.n.e.registry.AbstractInstanceRegistry  : Running the evict task with compensationTime 0ms
2026-08-10T10:57:47.105-06:00  INFO 2652 --- [discovery-service] [a-EvictionTimer] c.n.e.registry.AbstractInstanceRegistry  : Running the evict task with compensationTime 0ms
2026-08-10T10:57:52.106-06:00  INFO 2652 --- [discovery-service] [a-EvictionTimer] c.n.e.registry.AbstractInstanceRegistry  : Running the evict task with compensationTime 0ms
2026-08-10T10:57:57.106-06:00  INFO 2652 --- [discovery-service] [a-EvictionTimer] c.n.e.registry.AbstractInstanceRegistry  : Running the evict task with compensationTime 0ms
2026-08-10T10:58:00.005-06:00  INFO 2652 --- [discovery-service] [hresholdUpdater] c.n.e.r.PeerAwareInstanceRegistryImpl    : Current renewal threshold is : 10
2026-08-10T10:58:02.107-06:00  INFO 2652 --- [discovery-service] [a-EvictionTimer] c.n.e.registry.AbstractInstanceRegistry  : Running the evict task with compensationTime 1ms
2026-08-10T10:58:07.108-06:00  INFO 2652 --- [discovery-service] [a-EvictionTimer] c.n.e.registry.AbstractInstanceRegistry  : Running the evict task with compensationTime 0ms
2026-08-10T10:58:12.108-06:00  INFO 2652 --- [discovery-service] [a-EvictionTimer] c.n.e.registry.AbstractInstanceRegistry  : Running the evict task with compensationTime 0ms
2026-08-10T10:58:17.109-06:00  INFO 2652 --- [discovery-service] [a-EvictionTimer] c.n.e.registry.AbstractInstanceRegistry  : Running the evict task with compensationTime 0ms
2026-08-10T10:58:22.109-06:00  INFO 2652 --- [discovery-service] [a-EvictionTimer] c.n.e.registry.AbstractInstanceRegistry  : Running the evict task with compensationTime 0ms
2026-08-10T10:58:27.110-06:00  INFO 2652 --- [discovery-service] [a-EvictionTimer] c.n.e.registry.AbstractInstanceRegistry  : Running the evict task with compensationTime 1ms
2026-08-10T10:58:32.111-06:00  INFO 2652 --- [discovery-service] [a-EvictionTimer] c.n.e.registry.AbstractInstanceRegistry  : Running the evict task with compensationTime 0ms
2026-08-10T10:58:37.112-06:00  INFO 2652 --- [discovery-service] [a-EvictionTimer] c.n.e.registry.AbstractInstanceRegistry  : Running the evict task with compensationTime 1ms
2026-08-10T10:58:42.115-06:00  INFO 2652 --- [discovery-service] [a-EvictionTimer] c.n.e.registry.AbstractInstanceRegistry  : Running the evict task with compensationTime 3ms
2026-08-10T10:58:47.123-06:00  INFO 2652 --- [discovery-service] [a-EvictionTimer] c.n.e.registry.AbstractInstanceRegistry  : Running the evict task with compensationTime 8ms
2026-08-10T10:58:52.134-06:00  INFO 2652 --- [discovery-service] [a-EvictionTimer] c.n.e.registry.AbstractInstanceRegistry  : Running the evict task with compensationTime 11ms
2026-08-10T10:58:57.136-06:00  INFO 2652 --- [discovery-service] [a-EvictionTimer] c.n.e.registry.AbstractInstanceRegistry  : Running the evict task with compensationTime 1ms
2026-08-10T10:59:02.152-06:00  INFO 2652 --- [discovery-service] [a-EvictionTimer] c.n.e.registry.AbstractInstanceRegistry  : Running the evict task with compensationTime 15ms
2026-08-10T10:59:07.155-06:00  INFO 2652 --- [discovery-service] [a-EvictionTimer] c.n.e.registry.AbstractInstanceRegistry  : Running the evict task with compensationTime 2ms
2026-08-10T10:59:12.159-06:00  INFO 2652 --- [discovery-service] [a-EvictionTimer] c.n.e.registry.AbstractInstanceRegistry  : Running the evict task with compensationTime 4ms
2026-08-10T10:59:17.172-06:00  INFO 2652 --- [discovery-service] [a-EvictionTimer] c.n.e.registry.AbstractInstanceRegistry  : Running the evict task with compensationTime 12ms
2026-08-10T10:59:22.179-06:00  INFO 2652 --- [discovery-service] [a-EvictionTimer] c.n.e.registry.AbstractInstanceRegistry  : Running the evict task with compensationTime 7ms
2026-08-10T10:59:27.180-06:00  INFO 2652 --- [discovery-service] [a-EvictionTimer] c.n.e.registry.AbstractInstanceRegistry  : Running the evict task with compensationTime 0ms
2026-08-10T10:59:32.193-06:00  INFO 2652 --- [discovery-service] [a-EvictionTimer] c.n.e.registry.AbstractInstanceRegistry  : Running the evict task with compensationTime 13ms
2026-08-10T10:59:37.202-06:00  INFO 2652 --- [discovery-service] [a-EvictionTimer] c.n.e.registry.AbstractInstanceRegistry  : Running the evict task with compensationTime 9ms
2026-08-10T10:59:42.206-06:00  INFO 2652 --- [discovery-service] [a-EvictionTimer] c.n.e.registry.AbstractInstanceRegistry  : Running the evict task with compensationTime 3ms
2026-08-10T10:59:47.213-06:00  INFO 2652 --- [discovery-service] [a-EvictionTimer] c.n.e.registry.AbstractInstanceRegistry  : Running the evict task with compensationTime 7ms
2026-08-10T10:59:52.221-06:00  INFO 2652 --- [discovery-service] [a-EvictionTimer] c.n.e.registry.AbstractInstanceRegistry  : Running the evict task with compensationTime 7ms
2026-08-10T10:59:57.233-06:00  INFO 2652 --- [discovery-service] [a-EvictionTimer] c.n.e.registry.AbstractInstanceRegistry  : Running the evict task with compensationTime 12ms
2026-08-10T11:00:02.237-06:00  INFO 2652 --- [discovery-service] [a-EvictionTimer] c.n.e.registry.AbstractInstanceRegistry  : Running the evict task with compensationTime 3ms
2026-08-10T11:00:07.243-06:00  INFO 2652 --- [discovery-service] [a-EvictionTimer] c.n.e.registry.AbstractInstanceRegistry  : Running the evict task with compensationTime 6ms
2026-08-10T11:00:12.256-06:00  INFO 2652 --- [discovery-service] [a-EvictionTimer] c.n.e.registry.AbstractInstanceRegistry  : Running the evict task with compensationTime 12ms
2026-08-10T11:00:17.270-06:00  INFO 2652 --- [discovery-service] [a-EvictionTimer] c.n.e.registry.AbstractInstanceRegistry  : Running the evict task with compensationTime 13ms
2026-08-10T11:00:22.279-06:00  INFO 2652 --- [discovery-service] [a-EvictionTimer] c.n.e.registry.AbstractInstanceRegistry  : Running the evict task with compensationTime 10ms
2026-08-10T11:00:27.293-06:00  INFO 2652 --- [discovery-service] [a-EvictionTimer] c.n.e.registry.AbstractInstanceRegistry  : Running the evict task with compensationTime 13ms
2026-08-10T11:00:32.302-06:00  INFO 2652 --- [discovery-service] [a-EvictionTimer] c.n.e.registry.AbstractInstanceRegistry  : Running the evict task with compensationTime 8ms
2026-08-10T11:00:37.313-06:00  INFO 2652 --- [discovery-service] [a-EvictionTimer] c.n.e.registry.AbstractInstanceRegistry  : Running the evict task with compensationTime 11ms
2026-08-10T11:00:42.313-06:00  INFO 2652 --- [discovery-service] [a-EvictionTimer] c.n.e.registry.AbstractInstanceRegistry  : Running the evict task with compensationTime 0ms
2026-08-10T11:00:47.327-06:00  INFO 2652 --- [discovery-service] [a-EvictionTimer] c.n.e.registry.AbstractInstanceRegistry  : Running the evict task with compensationTime 14ms
2026-08-10T11:00:52.340-06:00  INFO 2652 --- [discovery-service] [a-EvictionTimer] c.n.e.registry.AbstractInstanceRegistry  : Running the evict task with compensationTime 12ms
2026-08-10T11:00:57.343-06:00  INFO 2652 --- [discovery-service] [a-EvictionTimer] c.n.e.registry.AbstractInstanceRegistry  : Running the evict task with compensationTime 2ms
2026-08-10T11:01:02.358-06:00  INFO 2652 --- [discovery-service] [a-EvictionTimer] c.n.e.registry.AbstractInstanceRegistry  : Running the evict task with compensationTime 15ms
2026-08-10T11:01:07.358-06:00  INFO 2652 --- [discovery-service] [a-EvictionTimer] c.n.e.registry.AbstractInstanceRegistry  : Running the evict task with compensationTime 0ms
2026-08-10T11:01:12.358-06:00  INFO 2652 --- [discovery-service] [a-EvictionTimer] c.n.e.registry.AbstractInstanceRegistry  : Running the evict task with compensationTime 0ms
2026-08-10T11:01:17.358-06:00  INFO 2652 --- [discovery-service] [a-EvictionTimer] c.n.e.registry.AbstractInstanceRegistry  : Running the evict task with compensationTime 0ms
2026-08-10T11:01:22.359-06:00  INFO 2652 --- [discovery-service] [a-EvictionTimer] c.n.e.registry.AbstractInstanceRegistry  : Running the evict task with compensationTime 0ms
2026-08-10T11:01:27.359-06:00  INFO 2652 --- [discovery-service] [a-EvictionTimer] c.n.e.registry.AbstractInstanceRegistry  : Running the evict task with compensationTime 0ms
2026-08-10T11:01:32.360-06:00  INFO 2652 --- [discovery-service] [a-EvictionTimer] c.n.e.registry.AbstractInstanceRegistry  : Running the evict task with compensationTime 0ms
2026-08-10T11:01:37.360-06:00  INFO 2652 --- [discovery-service] [a-EvictionTimer] c.n.e.registry.AbstractInstanceRegistry  : Running the evict task with compensationTime 0ms
2026-08-10T11:01:42.361-06:00  INFO 2652 --- [discovery-service] [a-EvictionTimer] c.n.e.registry.AbstractInstanceRegistry  : Running the evict task with compensationTime 1ms
2026-08-10T11:01:47.372-06:00  INFO 2652 --- [discovery-service] [a-EvictionTimer] c.n.e.registry.AbstractInstanceRegistry  : Running the evict task with compensationTime 11ms
2026-08-10T11:01:52.378-06:00  INFO 2652 --- [discovery-service] [a-EvictionTimer] c.n.e.registry.AbstractInstanceRegistry  : Running the evict task with compensationTime 5ms
2026-08-10T11:01:57.378-06:00  INFO 2652 --- [discovery-service] [a-EvictionTimer] c.n.e.registry.AbstractInstanceRegistry  : Running the evict task with compensationTime 0ms
2026-08-10T11:02:02.380-06:00  INFO 2652 --- [discovery-service] [a-EvictionTimer] c.n.e.registry.AbstractInstanceRegistry  : Running the evict task with compensationTime 1ms
2026-08-10T11:02:07.381-06:00  INFO 2652 --- [discovery-service] [a-EvictionTimer] c.n.e.registry.AbstractInstanceRegistry  : Running the evict task with compensationTime 1ms
2026-08-10T11:02:12.382-06:00  INFO 2652 --- [discovery-service] [a-EvictionTimer] c.n.e.registry.AbstractInstanceRegistry  : Running the evict task with compensationTime 1ms
2026-08-10T11:02:17.383-06:00  INFO 2652 --- [discovery-service] [a-EvictionTimer] c.n.e.registry.AbstractInstanceRegistry  : Running the evict task with compensationTime 1ms
2026-08-10T11:02:22.391-06:00  INFO 2652 --- [discovery-service] [a-EvictionTimer] c.n.e.registry.AbstractInstanceRegistry  : Running the evict task with compensationTime 8ms
2026-08-10T11:02:27.394-06:00  INFO 2652 --- [discovery-service] [a-EvictionTimer] c.n.e.registry.AbstractInstanceRegistry  : Running the evict task with compensationTime 2ms
2026-08-10T11:02:32.401-06:00  INFO 2652 --- [discovery-service] [a-EvictionTimer] c.n.e.registry.AbstractInstanceRegistry  : Running the evict task with compensationTime 7ms
2026-08-10T11:02:37.406-06:00  INFO 2652 --- [discovery-service] [a-EvictionTimer] c.n.e.registry.AbstractInstanceRegistry  : Running the evict task with compensationTime 4ms
2026-08-10T11:02:42.417-06:00  INFO 2652 --- [discovery-service] [a-EvictionTimer] c.n.e.registry.AbstractInstanceRegistry  : Running the evict task with compensationTime 11ms
2026-08-10T11:02:47.418-06:00  INFO 2652 --- [discovery-service] [a-EvictionTimer] c.n.e.registry.AbstractInstanceRegistry  : Running the evict task with compensationTime 0ms
2026-08-10T11:02:52.424-06:00  INFO 2652 --- [discovery-service] [a-EvictionTimer] c.n.e.registry.AbstractInstanceRegistry  : Running the evict task with compensationTime 6ms
2026-08-10T11:02:57.424-06:00  INFO 2652 --- [discovery-service] [a-EvictionTimer] c.n.e.registry.AbstractInstanceRegistry  : Running the evict task with compensationTime 0ms
2026-08-10T11:03:00.253-06:00  WARN 2652 --- [discovery-service] [eerNodesUpdater] c.n.eureka.cluster.PeerEurekaNodes       : The replica size seems to be empty. Check the route 53 DNS Registry
2026-08-10T11:03:02.425-06:00  INFO 2652 --- [discovery-service] [a-EvictionTimer] c.n.e.registry.AbstractInstanceRegistry  : Running the evict task with compensationTime 0ms
2026-08-10T11:03:07.426-06:00  INFO 2652 --- [discovery-service] [a-EvictionTimer] c.n.e.registry.AbstractInstanceRegistry  : Running the evict task with compensationTime 0ms
2026-08-10T11:03:12.427-06:00  INFO 2652 --- [discovery-service] [a-EvictionTimer] c.n.e.registry.AbstractInstanceRegistry  : Running the evict task with compensationTime 1ms
2026-08-10T11:03:17.435-06:00  INFO 2652 --- [discovery-service] [a-EvictionTimer] c.n.e.registry.AbstractInstanceRegistry  : Running the evict task with compensationTime 8ms
2026-08-10T11:03:22.436-06:00  INFO 2652 --- [discovery-service] [a-EvictionTimer] c.n.e.registry.AbstractInstanceRegistry  : Running the evict task with compensationTime 1ms
2026-08-10T11:03:27.447-06:00  INFO 2652 --- [discovery-service] [a-EvictionTimer] c.n.e.registry.AbstractInstanceRegistry  : Running the evict task with compensationTime 10ms
2026-08-10T11:03:32.448-06:00  INFO 2652 --- [discovery-service] [a-EvictionTimer] c.n.e.registry.AbstractInstanceRegistry  : Running the evict task with compensationTime 0ms
2026-08-10T11:03:37.448-06:00  INFO 2652 --- [discovery-service] [a-EvictionTimer] c.n.e.registry.AbstractInstanceRegistry  : Running the evict task with compensationTime 0ms
2026-08-10T11:03:42.448-06:00  INFO 2652 --- [discovery-service] [a-EvictionTimer] c.n.e.registry.AbstractInstanceRegistry  : Running the evict task with compensationTime 0ms
2026-08-10T11:03:47.449-06:00  INFO 2652 --- [discovery-service] [a-EvictionTimer] c.n.e.registry.AbstractInstanceRegistry  : Running the evict task with compensationTime 0ms
2026-08-10T11:03:52.449-06:00  INFO 2652 --- [discovery-service] [a-EvictionTimer] c.n.e.registry.AbstractInstanceRegistry  : Running the evict task with compensationTime 0ms
2026-08-10T11:03:57.450-06:00  INFO 2652 --- [discovery-service] [a-EvictionTimer] c.n.e.registry.AbstractInstanceRegistry  : Running the evict task with compensationTime 1ms
2026-08-10T11:04:02.451-06:00  INFO 2652 --- [discovery-service] [a-EvictionTimer] c.n.e.registry.AbstractInstanceRegistry  : Running the evict task with compensationTime 0ms
2026-08-10T11:04:07.452-06:00  INFO 2652 --- [discovery-service] [a-EvictionTimer] c.n.e.registry.AbstractInstanceRegistry  : Running the evict task with compensationTime 1ms
2026-08-10T11:04:12.452-06:00  INFO 2652 --- [discovery-service] [a-EvictionTimer] c.n.e.registry.AbstractInstanceRegistry  : Running the evict task with compensationTime 0ms
2026-08-10T11:04:17.453-06:00  INFO 2652 --- [discovery-service] [a-EvictionTimer] c.n.e.registry.AbstractInstanceRegistry  : Running the evict task with compensationTime 0ms
2026-08-10T11:04:22.453-06:00  INFO 2652 --- [discovery-service] [a-EvictionTimer] c.n.e.registry.AbstractInstanceRegistry  : Running the evict task with compensationTime 0ms
2026-08-10T11:04:27.453-06:00  INFO 2652 --- [discovery-service] [a-EvictionTimer] c.n.e.registry.AbstractInstanceRegistry  : Running the evict task with compensationTime 0ms
2026-08-10T11:04:32.453-06:00  INFO 2652 --- [discovery-service] [a-EvictionTimer] c.n.e.registry.AbstractInstanceRegistry  : Running the evict task with compensationTime 0ms
2026-08-10T11:04:37.454-06:00  INFO 2652 --- [discovery-service] [a-EvictionTimer] c.n.e.registry.AbstractInstanceRegistry  : Running the evict task with compensationTime 0ms
2026-08-10T11:04:42.454-06:00  INFO 2652 --- [discovery-service] [a-EvictionTimer] c.n.e.registry.AbstractInstanceRegistry  : Running the evict task with compensationTime 0ms
2026-08-10T11:04:47.455-06:00  INFO 2652 --- [discovery-service] [a-EvictionTimer] c.n.e.registry.AbstractInstanceRegistry  : Running the evict task with compensationTime 1ms
2026-08-10T11:04:52.456-06:00  INFO 2652 --- [discovery-service] [a-EvictionTimer] c.n.e.registry.AbstractInstanceRegistry  : Running the evict task with compensationTime 0ms
2026-08-10T11:04:57.457-06:00  INFO 2652 --- [discovery-service] [a-EvictionTimer] c.n.e.registry.AbstractInstanceRegistry  : Running the evict task with compensationTime 1ms
2026-08-10T11:05:02.458-06:00  INFO 2652 --- [discovery-service] [a-EvictionTimer] c.n.e.registry.AbstractInstanceRegistry  : Running the evict task with compensationTime 1ms
2026-08-10T11:05:07.459-06:00  INFO 2652 --- [discovery-service] [a-EvictionTimer] c.n.e.registry.AbstractInstanceRegistry  : Running the evict task with compensationTime 1ms
2026-08-10T11:05:12.460-06:00  INFO 2652 --- [discovery-service] [a-EvictionTimer] c.n.e.registry.AbstractInstanceRegistry  : Running the evict task with compensationTime 1ms
2026-08-10T11:05:17.460-06:00  INFO 2652 --- [discovery-service] [a-EvictionTimer] c.n.e.registry.AbstractInstanceRegistry  : Running the evict task with compensationTime 0ms
2026-08-10T11:05:22.460-06:00  INFO 2652 --- [discovery-service] [a-EvictionTimer] c.n.e.registry.AbstractInstanceRegistry  : Running the evict task with compensationTime 0ms
2026-08-10T11:05:27.461-06:00  INFO 2652 --- [discovery-service] [a-EvictionTimer] c.n.e.registry.AbstractInstanceRegistry  : Running the evict task with compensationTime 0ms
2026-08-10T11:05:32.461-06:00  INFO 2652 --- [discovery-service] [a-EvictionTimer] c.n.e.registry.AbstractInstanceRegistry  : Running the evict task with compensationTime 0ms
2026-08-10T11:05:37.462-06:00  INFO 2652 --- [discovery-service] [a-EvictionTimer] c.n.e.registry.AbstractInstanceRegistry  : Running the evict task with compensationTime 0ms
2026-08-10T11:05:42.463-06:00  INFO 2652 --- [discovery-service] [a-EvictionTimer] c.n.e.registry.AbstractInstanceRegistry  : Running the evict task with compensationTime 0ms
2026-08-10T11:05:47.463-06:00  INFO 2652 --- [discovery-service] [a-EvictionTimer] c.n.e.registry.AbstractInstanceRegistry  : Running the evict task with compensationTime 0ms
2026-08-10T11:05:52.463-06:00  INFO 2652 --- [discovery-service] [a-EvictionTimer] c.n.e.registry.AbstractInstanceRegistry  : Running the evict task with compensationTime 0ms
2026-08-10T11:05:57.464-06:00  INFO 2652 --- [discovery-service] [a-EvictionTimer] c.n.e.registry.AbstractInstanceRegistry  : Running the evict task with compensationTime 0ms
2026-08-10T11:06:02.465-06:00  INFO 2652 --- [discovery-service] [a-EvictionTimer] c.n.e.registry.AbstractInstanceRegistry  : Running the evict task with compensationTime 0ms
2026-08-10T11:06:07.465-06:00  INFO 2652 --- [discovery-service] [a-EvictionTimer] c.n.e.registry.AbstractInstanceRegistry  : Running the evict task with compensationTime 0ms
2026-08-10T11:06:12.465-06:00  INFO 2652 --- [discovery-service] [a-EvictionTimer] c.n.e.registry.AbstractInstanceRegistry  : Running the evict task with compensationTime 0ms
2026-08-10T11:06:17.465-06:00  INFO 2652 --- [discovery-service] [a-EvictionTimer] c.n.e.registry.AbstractInstanceRegistry  : Running the evict task with compensationTime 0ms
2026-08-10T11:06:22.465-06:00  INFO 2652 --- [discovery-service] [a-EvictionTimer] c.n.e.registry.AbstractInstanceRegistry  : Running the evict task with compensationTime 0ms
2026-08-10T11:06:27.465-06:00  INFO 2652 --- [discovery-service] [a-EvictionTimer] c.n.e.registry.AbstractInstanceRegistry  : Running the evict task with compensationTime 0ms
2026-08-10T11:06:32.465-06:00  INFO 2652 --- [discovery-service] [a-EvictionTimer] c.n.e.registry.AbstractInstanceRegistry  : Running the evict task with compensationTime 0ms
2026-08-10T11:06:37.465-06:00  INFO 2652 --- [discovery-service] [a-EvictionTimer] c.n.e.registry.AbstractInstanceRegistry  : Running the evict task with compensationTime 0ms
2026-08-10T11:06:42.466-06:00  INFO 2652 --- [discovery-service] [a-EvictionTimer] c.n.e.registry.AbstractInstanceRegistry  : Running the evict task with compensationTime 0ms
2026-08-10T11:06:47.466-06:00  INFO 2652 --- [discovery-service] [a-EvictionTimer] c.n.e.registry.AbstractInstanceRegistry  : Running the evict task with compensationTime 0ms
2026-08-10T11:06:52.466-06:00  INFO 2652 --- [discovery-service] [a-EvictionTimer] c.n.e.registry.AbstractInstanceRegistry  : Running the evict task with compensationTime 0ms
2026-08-10T11:06:57.466-06:00  INFO 2652 --- [discovery-service] [a-EvictionTimer] c.n.e.registry.AbstractInstanceRegistry  : Running the evict task with compensationTime 0ms
2026-08-10T11:07:02.467-06:00  INFO 2652 --- [discovery-service] [a-EvictionTimer] c.n.e.registry.AbstractInstanceRegistry  : Running the evict task with compensationTime 0ms
2026-08-10T11:07:07.468-06:00  INFO 2652 --- [discovery-service] [a-EvictionTimer] c.n.e.registry.AbstractInstanceRegistry  : Running the evict task with compensationTime 0ms
2026-08-10T11:07:12.469-06:00  INFO 2652 --- [discovery-service] [a-EvictionTimer] c.n.e.registry.AbstractInstanceRegistry  : Running the evict task with compensationTime 1ms
2026-08-10T11:07:17.469-06:00  INFO 2652 --- [discovery-service] [a-EvictionTimer] c.n.e.registry.AbstractInstanceRegistry  : Running the evict task with compensationTime 0ms
2026-08-10T11:07:22.470-06:00  INFO 2652 --- [discovery-service] [a-EvictionTimer] c.n.e.registry.AbstractInstanceRegistry  : Running the evict task with compensationTime 0ms
2026-08-10T11:07:27.470-06:00  INFO 2652 --- [discovery-service] [a-EvictionTimer] c.n.e.registry.AbstractInstanceRegistry  : Running the evict task with compensationTime 0ms
2026-08-10T11:07:32.470-06:00  INFO 2652 --- [discovery-service] [a-EvictionTimer] c.n.e.registry.AbstractInstanceRegistry  : Running the evict task with compensationTime 0ms
2026-08-10T11:07:33.112-06:00  INFO 2652 --- [discovery-service] [nio-8761-exec-2] c.n.e.registry.AbstractInstanceRegistry  : Registered instance ANALYTICS-SERVICE/PC-Sergio.mshome.net:analytics-service:8083 with status UP (replication=false)
2026-08-10T11:07:37.471-06:00  INFO 2652 --- [discovery-service] [a-EvictionTimer] c.n.e.registry.AbstractInstanceRegistry  : Running the evict task with compensationTime 1ms
2026-08-10T11:07:42.472-06:00  INFO 2652 --- [discovery-service] [a-EvictionTimer] c.n.e.registry.AbstractInstanceRegistry  : Running the evict task with compensationTime 1ms
2026-08-10T11:07:47.472-06:00  INFO 2652 --- [discovery-service] [a-EvictionTimer] c.n.e.registry.AbstractInstanceRegistry  : Running the evict task with compensationTime 0ms
2026-08-10T11:07:52.472-06:00  INFO 2652 --- [discovery-service] [a-EvictionTimer] c.n.e.registry.AbstractInstanceRegistry  : Running the evict task with compensationTime 0ms
2026-08-10T11:07:57.473-06:00  INFO 2652 --- [discovery-service] [a-EvictionTimer] c.n.e.registry.AbstractInstanceRegistry  : Running the evict task with compensationTime 0ms
2026-08-10T11:08:02.474-06:00  INFO 2652 --- [discovery-service] [a-EvictionTimer] c.n.e.registry.AbstractInstanceRegistry  : Running the evict task with compensationTime 0ms
2026-08-10T11:08:07.475-06:00  INFO 2652 --- [discovery-service] [a-EvictionTimer] c.n.e.registry.AbstractInstanceRegistry  : Running the evict task with compensationTime 0ms
2026-08-10T11:08:12.476-06:00  INFO 2652 --- [discovery-service] [a-EvictionTimer] c.n.e.registry.AbstractInstanceRegistry  : Running the evict task with compensationTime 0ms
2026-08-10T11:08:17.476-06:00  INFO 2652 --- [discovery-service] [a-EvictionTimer] c.n.e.registry.AbstractInstanceRegistry  : Running the evict task with compensationTime 0ms
2026-08-10T11:08:22.477-06:00  INFO 2652 --- [discovery-service] [a-EvictionTimer] c.n.e.registry.AbstractInstanceRegistry  : Running the evict task with compensationTime 0ms
2026-08-10T11:08:27.478-06:00  INFO 2652 --- [discovery-service] [a-EvictionTimer] c.n.e.registry.AbstractInstanceRegistry  : Running the evict task with compensationTime 0ms
2026-08-10T11:08:32.478-06:00  INFO 2652 --- [discovery-service] [a-EvictionTimer] c.n.e.registry.AbstractInstanceRegistry  : Running the evict task with compensationTime 0ms
2026-08-10T11:08:37.479-06:00  INFO 2652 --- [discovery-service] [a-EvictionTimer] c.n.e.registry.AbstractInstanceRegistry  : Running the evict task with compensationTime 0ms
2026-08-10T11:08:42.479-06:00  INFO 2652 --- [discovery-service] [a-EvictionTimer] c.n.e.registry.AbstractInstanceRegistry  : Running the evict task with compensationTime 0ms
2026-08-10T11:08:47.479-06:00  INFO 2652 --- [discovery-service] [a-EvictionTimer] c.n.e.registry.AbstractInstanceRegistry  : Running the evict task with compensationTime 0ms
2026-08-10T11:08:52.479-06:00  INFO 2652 --- [discovery-service] [a-EvictionTimer] c.n.e.registry.AbstractInstanceRegistry  : Running the evict task with compensationTime 0ms
2026-08-10T11:08:57.480-06:00  INFO 2652 --- [discovery-service] [a-EvictionTimer] c.n.e.registry.AbstractInstanceRegistry  : Running the evict task with compensationTime 0ms
2026-08-10T11:09:02.481-06:00  INFO 2652 --- [discovery-service] [a-EvictionTimer] c.n.e.registry.AbstractInstanceRegistry  : Running the evict task with compensationTime 1ms
2026-08-10T11:09:07.482-06:00  INFO 2652 --- [discovery-service] [a-EvictionTimer] c.n.e.registry.AbstractInstanceRegistry  : Running the evict task with compensationTime 0ms
2026-08-10T11:09:12.482-06:00  INFO 2652 --- [discovery-service] [a-EvictionTimer] c.n.e.registry.AbstractInstanceRegistry  : Running the evict task with compensationTime 0ms
2026-08-10T11:09:17.482-06:00  INFO 2652 --- [discovery-service] [a-EvictionTimer] c.n.e.registry.AbstractInstanceRegistry  : Running the evict task with compensationTime 0ms
2026-08-10T11:09:22.483-06:00  INFO 2652 --- [discovery-service] [a-EvictionTimer] c.n.e.registry.AbstractInstanceRegistry  : Running the evict task with compensationTime 0ms
2026-08-10T11:09:27.484-06:00  INFO 2652 --- [discovery-service] [a-EvictionTimer] c.n.e.registry.AbstractInstanceRegistry  : Running the evict task with compensationTime 0ms
2026-08-10T11:09:32.484-06:00  INFO 2652 --- [discovery-service] [a-EvictionTimer] c.n.e.registry.AbstractInstanceRegistry  : Running the evict task with compensationTime 0ms
2026-08-10T11:09:37.485-06:00  INFO 2652 --- [discovery-service] [a-EvictionTimer] c.n.e.registry.AbstractInstanceRegistry  : Running the evict task with compensationTime 1ms
2026-08-10T11:09:42.486-06:00  INFO 2652 --- [discovery-service] [a-EvictionTimer] c.n.e.registry.AbstractInstanceRegistry  : Running the evict task with compensationTime 0ms
2026-08-10T11:09:47.486-06:00  INFO 2652 --- [discovery-service] [a-EvictionTimer] c.n.e.registry.AbstractInstanceRegistry  : Running the evict task with compensationTime 0ms
2026-08-10T11:09:52.487-06:00  INFO 2652 --- [discovery-service] [a-EvictionTimer] c.n.e.registry.AbstractInstanceRegistry  : Running the evict task with compensationTime 0ms
2026-08-10T11:09:57.488-06:00  INFO 2652 --- [discovery-service] [a-EvictionTimer] c.n.e.registry.AbstractInstanceRegistry  : Running the evict task with compensationTime 1ms
2026-08-10T11:10:02.489-06:00  INFO 2652 --- [discovery-service] [a-EvictionTimer] c.n.e.registry.AbstractInstanceRegistry  : Running the evict task with compensationTime 0ms
2026-08-10T11:10:07.489-06:00  INFO 2652 --- [discovery-service] [a-EvictionTimer] c.n.e.registry.AbstractInstanceRegistry  : Running the evict task with compensationTime 0ms
2026-08-10T11:10:12.489-06:00  INFO 2652 --- [discovery-service] [a-EvictionTimer] c.n.e.registry.AbstractInstanceRegistry  : Running the evict task with compensationTime 0ms
2026-08-10T11:10:17.489-06:00  INFO 2652 --- [discovery-service] [a-EvictionTimer] c.n.e.registry.AbstractInstanceRegistry  : Running the evict task with compensationTime 0ms
2026-08-10T11:10:22.489-06:00  INFO 2652 --- [discovery-service] [a-EvictionTimer] c.n.e.registry.AbstractInstanceRegistry  : Running the evict task with compensationTime 0ms
2026-08-10T11:10:27.489-06:00  INFO 2652 --- [discovery-service] [a-EvictionTimer] c.n.e.registry.AbstractInstanceRegistry  : Running the evict task with compensationTime 0ms
2026-08-10T11:10:32.490-06:00  INFO 2652 --- [discovery-service] [a-EvictionTimer] c.n.e.registry.AbstractInstanceRegistry  : Running the evict task with compensationTime 0ms
2026-08-10T11:10:37.490-06:00  INFO 2652 --- [discovery-service] [a-EvictionTimer] c.n.e.registry.AbstractInstanceRegistry  : Running the evict task with compensationTime 0ms
2026-08-10T11:10:42.490-06:00  INFO 2652 --- [discovery-service] [a-EvictionTimer] c.n.e.registry.AbstractInstanceRegistry  : Running the evict task with compensationTime 0ms
2026-08-10T11:10:47.490-06:00  INFO 2652 --- [discovery-service] [a-EvictionTimer] c.n.e.registry.AbstractInstanceRegistry  : Running the evict task with compensationTime 0ms
2026-08-10T11:10:52.491-06:00  INFO 2652 --- [discovery-service] [a-EvictionTimer] c.n.e.registry.AbstractInstanceRegistry  : Running the evict task with compensationTime 0ms
2026-08-10T11:10:57.503-06:00  INFO 2652 --- [discovery-service] [a-EvictionTimer] c.n.e.registry.AbstractInstanceRegistry  : Running the evict task with compensationTime 12ms
2026-08-10T11:11:02.511-06:00  INFO 2652 --- [discovery-service] [a-EvictionTimer] c.n.e.registry.AbstractInstanceRegistry  : Running the evict task with compensationTime 7ms
2026-08-10T11:11:07.517-06:00  INFO 2652 --- [discovery-service] [a-EvictionTimer] c.n.e.registry.AbstractInstanceRegistry  : Running the evict task with compensationTime 6ms
2026-08-10T11:11:12.524-06:00  INFO 2652 --- [discovery-service] [a-EvictionTimer] c.n.e.registry.AbstractInstanceRegistry  : Running the evict task with compensationTime 7ms
2026-08-10T11:11:17.527-06:00  INFO 2652 --- [discovery-service] [a-EvictionTimer] c.n.e.registry.AbstractInstanceRegistry  : Running the evict task with compensationTime 1ms
2026-08-10T11:11:22.535-06:00  INFO 2652 --- [discovery-service] [a-EvictionTimer] c.n.e.registry.AbstractInstanceRegistry  : Running the evict task with compensationTime 7ms
2026-08-10T11:11:27.539-06:00  INFO 2652 --- [discovery-service] [a-EvictionTimer] c.n.e.registry.AbstractInstanceRegistry  : Running the evict task with compensationTime 4ms
2026-08-10T11:11:32.551-06:00  INFO 2652 --- [discovery-service] [a-EvictionTimer] c.n.e.registry.AbstractInstanceRegistry  : Running the evict task with compensationTime 12ms
2026-08-10T11:11:37.555-06:00  INFO 2652 --- [discovery-service] [a-EvictionTimer] c.n.e.registry.AbstractInstanceRegistry  : Running the evict task with compensationTime 3ms
2026-08-10T11:11:42.565-06:00  INFO 2652 --- [discovery-service] [a-EvictionTimer] c.n.e.registry.AbstractInstanceRegistry  : Running the evict task with compensationTime 10ms
2026-08-10T11:11:47.575-06:00  INFO 2652 --- [discovery-service] [a-EvictionTimer] c.n.e.registry.AbstractInstanceRegistry  : Running the evict task with compensationTime 10ms
2026-08-10T11:11:52.586-06:00  INFO 2652 --- [discovery-service] [a-EvictionTimer] c.n.e.registry.AbstractInstanceRegistry  : Running the evict task with compensationTime 10ms
2026-08-10T11:11:57.599-06:00  INFO 2652 --- [discovery-service] [a-EvictionTimer] c.n.e.registry.AbstractInstanceRegistry  : Running the evict task with compensationTime 12ms
2026-08-10T11:12:02.601-06:00  INFO 2652 --- [discovery-service] [a-EvictionTimer] c.n.e.registry.AbstractInstanceRegistry  : Running the evict task with compensationTime 1ms
2026-08-10T11:12:07.602-06:00  INFO 2652 --- [discovery-service] [a-EvictionTimer] c.n.e.registry.AbstractInstanceRegistry  : Running the evict task with compensationTime 1ms
2026-08-10T11:12:12.608-06:00  INFO 2652 --- [discovery-service] [a-EvictionTimer] c.n.e.registry.AbstractInstanceRegistry  : Running the evict task with compensationTime 5ms
2026-08-10T11:12:17.620-06:00  INFO 2652 --- [discovery-service] [a-EvictionTimer] c.n.e.registry.AbstractInstanceRegistry  : Running the evict task with compensationTime 12ms
2026-08-10T11:12:22.623-06:00  INFO 2652 --- [discovery-service] [a-EvictionTimer] c.n.e.registry.AbstractInstanceRegistry  : Running the evict task with compensationTime 3ms
2026-08-10T11:12:27.629-06:00  INFO 2652 --- [discovery-service] [a-EvictionTimer] c.n.e.registry.AbstractInstanceRegistry  : Running the evict task with compensationTime 5ms
2026-08-10T11:12:32.640-06:00  INFO 2652 --- [discovery-service] [a-EvictionTimer] c.n.e.registry.AbstractInstanceRegistry  : Running the evict task with compensationTime 10ms
2026-08-10T11:12:37.643-06:00  INFO 2652 --- [discovery-service] [a-EvictionTimer] c.n.e.registry.AbstractInstanceRegistry  : Running the evict task with compensationTime 4ms
2026-08-10T11:12:42.650-06:00  INFO 2652 --- [discovery-service] [a-EvictionTimer] c.n.e.registry.AbstractInstanceRegistry  : Running the evict task with compensationTime 6ms
2026-08-10T11:12:47.660-06:00  INFO 2652 --- [discovery-service] [a-EvictionTimer] c.n.e.registry.AbstractInstanceRegistry  : Running the evict task with compensationTime 10ms
2026-08-10T11:12:52.662-06:00  INFO 2652 --- [discovery-service] [a-EvictionTimer] c.n.e.registry.AbstractInstanceRegistry  : Running the evict task with compensationTime 1ms
2026-08-10T11:12:57.670-06:00  INFO 2652 --- [discovery-service] [a-EvictionTimer] c.n.e.registry.AbstractInstanceRegistry  : Running the evict task with compensationTime 7ms
2026-08-10T11:13:00.005-06:00  INFO 2652 --- [discovery-service] [hresholdUpdater] c.n.e.r.PeerAwareInstanceRegistryImpl    : Current renewal threshold is : 10
2026-08-10T11:13:00.268-06:00  WARN 2652 --- [discovery-service] [eerNodesUpdater] c.n.eureka.cluster.PeerEurekaNodes       : The replica size seems to be empty. Check the route 53 DNS Registry
2026-08-10T11:13:02.681-06:00  INFO 2652 --- [discovery-service] [a-EvictionTimer] c.n.e.registry.AbstractInstanceRegistry  : Running the evict task with compensationTime 11ms
2026-08-10T11:13:07.709-06:00  INFO 2652 --- [discovery-service] [a-EvictionTimer] c.n.e.registry.AbstractInstanceRegistry  : Running the evict task with compensationTime 27ms
2026-08-10T11:13:12.715-06:00  INFO 2652 --- [discovery-service] [a-EvictionTimer] c.n.e.registry.AbstractInstanceRegistry  : Running the evict task with compensationTime 6ms
2026-08-10T11:13:17.716-06:00  INFO 2652 --- [discovery-service] [a-EvictionTimer] c.n.e.registry.AbstractInstanceRegistry  : Running the evict task with compensationTime 1ms
2026-08-10T11:13:22.729-06:00  INFO 2652 --- [discovery-service] [a-EvictionTimer] c.n.e.registry.AbstractInstanceRegistry  : Running the evict task with compensationTime 13ms
2026-08-10T11:13:27.739-06:00  INFO 2652 --- [discovery-service] [a-EvictionTimer] c.n.e.registry.AbstractInstanceRegistry  : Running the evict task with compensationTime 10ms
2026-08-10T11:13:32.749-06:00  INFO 2652 --- [discovery-service] [a-EvictionTimer] c.n.e.registry.AbstractInstanceRegistry  : Running the evict task with compensationTime 10ms
2026-08-10T11:13:37.761-06:00  INFO 2652 --- [discovery-service] [a-EvictionTimer] c.n.e.registry.AbstractInstanceRegistry  : Running the evict task with compensationTime 10ms
2026-08-10T11:13:42.772-06:00  INFO 2652 --- [discovery-service] [a-EvictionTimer] c.n.e.registry.AbstractInstanceRegistry  : Running the evict task with compensationTime 11ms
2026-08-10T11:13:47.787-06:00  INFO 2652 --- [discovery-service] [a-EvictionTimer] c.n.e.registry.AbstractInstanceRegistry  : Running the evict task with compensationTime 14ms
2026-08-10T11:13:52.790-06:00  INFO 2652 --- [discovery-service] [a-EvictionTimer] c.n.e.registry.AbstractInstanceRegistry  : Running the evict task with compensationTime 2ms
2026-08-10T11:13:57.791-06:00  INFO 2652 --- [discovery-service] [a-EvictionTimer] c.n.e.registry.AbstractInstanceRegistry  : Running the evict task with compensationTime 0ms
2026-08-10T11:14:02.805-06:00  INFO 2652 --- [discovery-service] [a-EvictionTimer] c.n.e.registry.AbstractInstanceRegistry  : Running the evict task with compensationTime 14ms
2026-08-10T11:14:07.812-06:00  INFO 2652 --- [discovery-service] [a-EvictionTimer] c.n.e.registry.AbstractInstanceRegistry  : Running the evict task with compensationTime 6ms
2026-08-10T11:14:12.827-06:00  INFO 2652 --- [discovery-service] [a-EvictionTimer] c.n.e.registry.AbstractInstanceRegistry  : Running the evict task with compensationTime 15ms
2026-08-10T11:14:17.837-06:00  INFO 2652 --- [discovery-service] [a-EvictionTimer] c.n.e.registry.AbstractInstanceRegistry  : Running the evict task with compensationTime 10ms
2026-08-10T11:14:22.850-06:00  INFO 2652 --- [discovery-service] [a-EvictionTimer] c.n.e.registry.AbstractInstanceRegistry  : Running the evict task with compensationTime 12ms
2026-08-10T11:14:27.853-06:00  INFO 2652 --- [discovery-service] [a-EvictionTimer] c.n.e.registry.AbstractInstanceRegistry  : Running the evict task with compensationTime 1ms
2026-08-10T11:14:32.865-06:00  INFO 2652 --- [discovery-service] [a-EvictionTimer] c.n.e.registry.AbstractInstanceRegistry  : Running the evict task with compensationTime 13ms
2026-08-10T11:14:37.866-06:00  INFO 2652 --- [discovery-service] [a-EvictionTimer] c.n.e.registry.AbstractInstanceRegistry  : Running the evict task with compensationTime 0ms
2026-08-10T11:14:42.866-06:00  INFO 2652 --- [discovery-service] [a-EvictionTimer] c.n.e.registry.AbstractInstanceRegistry  : Running the evict task with compensationTime 0ms
2026-08-10T11:14:47.866-06:00  INFO 2652 --- [discovery-service] [a-EvictionTimer] c.n.e.registry.AbstractInstanceRegistry  : Running the evict task with compensationTime 0ms
2026-08-10T11:14:52.866-06:00  INFO 2652 --- [discovery-service] [a-EvictionTimer] c.n.e.registry.AbstractInstanceRegistry  : Running the evict task with compensationTime 0ms
2026-08-10T11:14:57.866-06:00  INFO 2652 --- [discovery-service] [a-EvictionTimer] c.n.e.registry.AbstractInstanceRegistry  : Running the evict task with compensationTime 0ms
2026-08-10T11:15:02.866-06:00  INFO 2652 --- [discovery-service] [a-EvictionTimer] c.n.e.registry.AbstractInstanceRegistry  : Running the evict task with compensationTime 0ms
2026-08-10T11:15:07.867-06:00  INFO 2652 --- [discovery-service] [a-EvictionTimer] c.n.e.registry.AbstractInstanceRegistry  : Running the evict task with compensationTime 1ms
2026-08-10T11:15:12.868-06:00  INFO 2652 --- [discovery-service] [a-EvictionTimer] c.n.e.registry.AbstractInstanceRegistry  : Running the evict task with compensationTime 0ms
2026-08-10T11:15:17.869-06:00  INFO 2652 --- [discovery-service] [a-EvictionTimer] c.n.e.registry.AbstractInstanceRegistry  : Running the evict task with compensationTime 1ms
2026-08-10T11:15:22.870-06:00  INFO 2652 --- [discovery-service] [a-EvictionTimer] c.n.e.registry.AbstractInstanceRegistry  : Running the evict task with compensationTime 1ms
2026-08-10T11:15:27.871-06:00  INFO 2652 --- [discovery-service] [a-EvictionTimer] c.n.e.registry.AbstractInstanceRegistry  : Running the evict task with compensationTime 1ms
2026-08-10T11:15:32.871-06:00  INFO 2652 --- [discovery-service] [a-EvictionTimer] c.n.e.registry.AbstractInstanceRegistry  : Running the evict task with compensationTime 0ms
2026-08-10T11:15:37.872-06:00  INFO 2652 --- [discovery-service] [a-EvictionTimer] c.n.e.registry.AbstractInstanceRegistry  : Running the evict task with compensationTime 0ms
2026-08-10T11:15:42.873-06:00  INFO 2652 --- [discovery-service] [a-EvictionTimer] c.n.e.registry.AbstractInstanceRegistry  : Running the evict task with compensationTime 1ms
2026-08-10T11:15:47.874-06:00  INFO 2652 --- [discovery-service] [a-EvictionTimer] c.n.e.registry.AbstractInstanceRegistry  : Running the evict task with compensationTime 0ms
2026-08-10T11:15:52.874-06:00  INFO 2652 --- [discovery-service] [a-EvictionTimer] c.n.e.registry.AbstractInstanceRegistry  : Running the evict task with compensationTime 0ms
2026-08-10T11:15:57.875-06:00  INFO 2652 --- [discovery-service] [a-EvictionTimer] c.n.e.registry.AbstractInstanceRegistry  : Running the evict task with compensationTime 0ms
2026-08-10T11:16:02.876-06:00  INFO 2652 --- [discovery-service] [a-EvictionTimer] c.n.e.registry.AbstractInstanceRegistry  : Running the evict task with compensationTime 1ms
2026-08-10T11:16:07.876-06:00  INFO 2652 --- [discovery-service] [a-EvictionTimer] c.n.e.registry.AbstractInstanceRegistry  : Running the evict task with compensationTime 0ms
2026-08-10T11:16:12.877-06:00  INFO 2652 --- [discovery-service] [a-EvictionTimer] c.n.e.registry.AbstractInstanceRegistry  : Running the evict task with compensationTime 0ms
2026-08-10T11:16:17.878-06:00  INFO 2652 --- [discovery-service] [a-EvictionTimer] c.n.e.registry.AbstractInstanceRegistry  : Running the evict task with compensationTime 1ms
2026-08-10T11:16:22.878-06:00  INFO 2652 --- [discovery-service] [a-EvictionTimer] c.n.e.registry.AbstractInstanceRegistry  : Running the evict task with compensationTime 0ms
2026-08-10T11:16:27.878-06:00  INFO 2652 --- [discovery-service] [a-EvictionTimer] c.n.e.registry.AbstractInstanceRegistry  : Running the evict task with compensationTime 0ms
2026-08-10T11:16:32.878-06:00  INFO 2652 --- [discovery-service] [a-EvictionTimer] c.n.e.registry.AbstractInstanceRegistry  : Running the evict task with compensationTime 0ms
2026-08-10T11:16:37.878-06:00  INFO 2652 --- [discovery-service] [a-EvictionTimer] c.n.e.registry.AbstractInstanceRegistry  : Running the evict task with compensationTime 0ms
2026-08-10T11:16:42.878-06:00  INFO 2652 --- [discovery-service] [a-EvictionTimer] c.n.e.registry.AbstractInstanceRegistry  : Running the evict task with compensationTime 0ms
2026-08-10T11:16:47.879-06:00  INFO 2652 --- [discovery-service] [a-EvictionTimer] c.n.e.registry.AbstractInstanceRegistry  : Running the evict task with compensationTime 1ms
2026-08-10T11:16:52.879-06:00  INFO 2652 --- [discovery-service] [a-EvictionTimer] c.n.e.registry.AbstractInstanceRegistry  : Running the evict task with compensationTime 0ms
2026-08-10T11:16:57.879-06:00  INFO 2652 --- [discovery-service] [a-EvictionTimer] c.n.e.registry.AbstractInstanceRegistry  : Running the evict task with compensationTime 0ms
2026-08-10T11:17:02.880-06:00  INFO 2652 --- [discovery-service] [a-EvictionTimer] c.n.e.registry.AbstractInstanceRegistry  : Running the evict task with compensationTime 0ms
2026-08-10T11:17:07.880-06:00  INFO 2652 --- [discovery-service] [a-EvictionTimer] c.n.e.registry.AbstractInstanceRegistry  : Running the evict task with compensationTime 1ms
2026-08-10T11:17:12.880-06:00  INFO 2652 --- [discovery-service] [a-EvictionTimer] c.n.e.registry.AbstractInstanceRegistry  : Running the evict task with compensationTime 0ms
2026-08-10T11:17:17.880-06:00  INFO 2652 --- [discovery-service] [a-EvictionTimer] c.n.e.registry.AbstractInstanceRegistry  : Running the evict task with compensationTime 0ms
2026-08-10T11:17:22.880-06:00  INFO 2652 --- [discovery-service] [a-EvictionTimer] c.n.e.registry.AbstractInstanceRegistry  : Running the evict task with compensationTime 0ms
2026-08-10T11:17:27.881-06:00  INFO 2652 --- [discovery-service] [a-EvictionTimer] c.n.e.registry.AbstractInstanceRegistry  : Running the evict task with compensationTime 0ms
2026-08-10T11:17:32.881-06:00  INFO 2652 --- [discovery-service] [a-EvictionTimer] c.n.e.registry.AbstractInstanceRegistry  : Running the evict task with compensationTime 0ms
2026-08-10T11:17:37.882-06:00  INFO 2652 --- [discovery-service] [a-EvictionTimer] c.n.e.registry.AbstractInstanceRegistry  : Running the evict task with compensationTime 0ms
2026-08-10T11:17:42.883-06:00  INFO 2652 --- [discovery-service] [a-EvictionTimer] c.n.e.registry.AbstractInstanceRegistry  : Running the evict task with compensationTime 0ms
2026-08-10T11:17:47.883-06:00  INFO 2652 --- [discovery-service] [a-EvictionTimer] c.n.e.registry.AbstractInstanceRegistry  : Running the evict task with compensationTime 0ms
2026-08-10T11:17:52.883-06:00  INFO 2652 --- [discovery-service] [a-EvictionTimer] c.n.e.registry.AbstractInstanceRegistry  : Running the evict task with compensationTime 0ms
2026-08-10T11:17:57.883-06:00  INFO 2652 --- [discovery-service] [a-EvictionTimer] c.n.e.registry.AbstractInstanceRegistry  : Running the evict task with compensationTime 0ms
2026-08-10T11:18:02.884-06:00  INFO 2652 --- [discovery-service] [a-EvictionTimer] c.n.e.registry.AbstractInstanceRegistry  : Running the evict task with compensationTime 0ms
2026-08-10T11:18:07.885-06:00  INFO 2652 --- [discovery-service] [a-EvictionTimer] c.n.e.registry.AbstractInstanceRegistry  : Running the evict task with compensationTime 0ms
2026-08-10T11:18:12.885-06:00  INFO 2652 --- [discovery-service] [a-EvictionTimer] c.n.e.registry.AbstractInstanceRegistry  : Running the evict task with compensationTime 0ms
2026-08-10T11:18:17.885-06:00  INFO 2652 --- [discovery-service] [a-EvictionTimer] c.n.e.registry.AbstractInstanceRegistry  : Running the evict task with compensationTime 0ms
2026-08-10T11:18:22.886-06:00  INFO 2652 --- [discovery-service] [a-EvictionTimer] c.n.e.registry.AbstractInstanceRegistry  : Running the evict task with compensationTime 0ms
2026-08-10T11:18:27.887-06:00  INFO 2652 --- [discovery-service] [a-EvictionTimer] c.n.e.registry.AbstractInstanceRegistry  : Running the evict task with compensationTime 1ms
2026-08-10T11:18:32.887-06:00  INFO 2652 --- [discovery-service] [a-EvictionTimer] c.n.e.registry.AbstractInstanceRegistry  : Running the evict task with compensationTime 0ms
2026-08-10T11:18:37.887-06:00  INFO 2652 --- [discovery-service] [a-EvictionTimer] c.n.e.registry.AbstractInstanceRegistry  : Running the evict task with compensationTime 0ms
2026-08-10T11:18:42.887-06:00  INFO 2652 --- [discovery-service] [a-EvictionTimer] c.n.e.registry.AbstractInstanceRegistry  : Running the evict task with compensationTime 0ms
2026-08-10T11:18:47.887-06:00  INFO 2652 --- [discovery-service] [a-EvictionTimer] c.n.e.registry.AbstractInstanceRegistry  : Running the evict task with compensationTime 0ms
2026-08-10T11:18:52.887-06:00  INFO 2652 --- [discovery-service] [a-EvictionTimer] c.n.e.registry.AbstractInstanceRegistry  : Running the evict task with compensationTime 0ms
2026-08-10T11:18:57.887-06:00  INFO 2652 --- [discovery-service] [a-EvictionTimer] c.n.e.registry.AbstractInstanceRegistry  : Running the evict task with compensationTime 0ms
2026-08-10T11:19:02.887-06:00  INFO 2652 --- [discovery-service] [a-EvictionTimer] c.n.e.registry.AbstractInstanceRegistry  : Running the evict task with compensationTime 0ms
2026-08-10T11:19:07.887-06:00  INFO 2652 --- [discovery-service] [a-EvictionTimer] c.n.e.registry.AbstractInstanceRegistry  : Running the evict task with compensationTime 0ms
2026-08-10T11:19:12.888-06:00  INFO 2652 --- [discovery-service] [a-EvictionTimer] c.n.e.registry.AbstractInstanceRegistry  : Running the evict task with compensationTime 0ms
2026-08-10T11:19:17.889-06:00  INFO 2652 --- [discovery-service] [a-EvictionTimer] c.n.e.registry.AbstractInstanceRegistry  : Running the evict task with compensationTime 0ms
2026-08-10T11:19:22.889-06:00  INFO 2652 --- [discovery-service] [a-EvictionTimer] c.n.e.registry.AbstractInstanceRegistry  : Running the evict task with compensationTime 0ms
2026-08-10T11:19:27.890-06:00  INFO 2652 --- [discovery-service] [a-EvictionTimer] c.n.e.registry.AbstractInstanceRegistry  : Running the evict task with compensationTime 0ms
2026-08-10T11:19:32.890-06:00  INFO 2652 --- [discovery-service] [a-EvictionTimer] c.n.e.registry.AbstractInstanceRegistry  : Running the evict task with compensationTime 0ms
2026-08-10T11:19:37.891-06:00  INFO 2652 --- [discovery-service] [a-EvictionTimer] c.n.e.registry.AbstractInstanceRegistry  : Running the evict task with compensationTime 0ms
2026-08-10T11:19:42.892-06:00  INFO 2652 --- [discovery-service] [a-EvictionTimer] c.n.e.registry.AbstractInstanceRegistry  : Running the evict task with compensationTime 1ms
2026-08-10T11:19:47.893-06:00  INFO 2652 --- [discovery-service] [a-EvictionTimer] c.n.e.registry.AbstractInstanceRegistry  : Running the evict task with compensationTime 1ms
2026-08-10T11:19:52.893-06:00  INFO 2652 --- [discovery-service] [a-EvictionTimer] c.n.e.registry.AbstractInstanceRegistry  : Running the evict task with compensationTime 0ms
2026-08-10T11:19:57.893-06:00  INFO 2652 --- [discovery-service] [a-EvictionTimer] c.n.e.registry.AbstractInstanceRegistry  : Running the evict task with compensationTime 0ms
2026-08-10T11:20:02.894-06:00  INFO 2652 --- [discovery-service] [a-EvictionTimer] c.n.e.registry.AbstractInstanceRegistry  : Running the evict task with compensationTime 0ms
2026-08-10T11:20:07.895-06:00  INFO 2652 --- [discovery-service] [a-EvictionTimer] c.n.e.registry.AbstractInstanceRegistry  : Running the evict task with compensationTime 0ms
2026-08-10T11:20:12.895-06:00  INFO 2652 --- [discovery-service] [a-EvictionTimer] c.n.e.registry.AbstractInstanceRegistry  : Running the evict task with compensationTime 0ms
2026-08-10T11:20:17.897-06:00  INFO 2652 --- [discovery-service] [a-EvictionTimer] c.n.e.registry.AbstractInstanceRegistry  : Running the evict task with compensationTime 1ms
2026-08-10T11:20:22.897-06:00  INFO 2652 --- [discovery-service] [a-EvictionTimer] c.n.e.registry.AbstractInstanceRegistry  : Running the evict task with compensationTime 0ms
2026-08-10T11:20:27.897-06:00  INFO 2652 --- [discovery-service] [a-EvictionTimer] c.n.e.registry.AbstractInstanceRegistry  : Running the evict task with compensationTime 0ms
2026-08-10T11:20:32.897-06:00  INFO 2652 --- [discovery-service] [a-EvictionTimer] c.n.e.registry.AbstractInstanceRegistry  : Running the evict task with compensationTime 0ms
2026-08-10T11:20:37.898-06:00  INFO 2652 --- [discovery-service] [a-EvictionTimer] c.n.e.registry.AbstractInstanceRegistry  : Running the evict task with compensationTime 0ms
2026-08-10T11:20:42.899-06:00  INFO 2652 --- [discovery-service] [a-EvictionTimer] c.n.e.registry.AbstractInstanceRegistry  : Running the evict task with compensationTime 0ms
2026-08-10T11:20:47.899-06:00  INFO 2652 --- [discovery-service] [a-EvictionTimer] c.n.e.registry.AbstractInstanceRegistry  : Running the evict task with compensationTime 0ms
2026-08-10T11:20:52.899-06:00  INFO 2652 --- [discovery-service] [a-EvictionTimer] c.n.e.registry.AbstractInstanceRegistry  : Running the evict task with compensationTime 0ms
2026-08-10T11:20:57.899-06:00  INFO 2652 --- [discovery-service] [a-EvictionTimer] c.n.e.registry.AbstractInstanceRegistry  : Running the evict task with compensationTime 0ms
2026-08-10T11:21:02.899-06:00  INFO 2652 --- [discovery-service] [a-EvictionTimer] c.n.e.registry.AbstractInstanceRegistry  : Running the evict task with compensationTime 0ms
2026-08-10T11:21:07.900-06:00  INFO 2652 --- [discovery-service] [a-EvictionTimer] c.n.e.registry.AbstractInstanceRegistry  : Running the evict task with compensationTime 0ms
2026-08-10T11:21:12.900-06:00  INFO 2652 --- [discovery-service] [a-EvictionTimer] c.n.e.registry.AbstractInstanceRegistry  : Running the evict task with compensationTime 0ms
2026-08-10T11:21:17.900-06:00  INFO 2652 --- [discovery-service] [a-EvictionTimer] c.n.e.registry.AbstractInstanceRegistry  : Running the evict task with compensationTime 0ms
2026-08-10T11:21:22.901-06:00  INFO 2652 --- [discovery-service] [a-EvictionTimer] c.n.e.registry.AbstractInstanceRegistry  : Running the evict task with compensationTime 0ms
2026-08-10T11:21:27.901-06:00  INFO 2652 --- [discovery-service] [a-EvictionTimer] c.n.e.registry.AbstractInstanceRegistry  : Running the evict task with compensationTime 0ms
2026-08-10T11:21:32.902-06:00  INFO 2652 --- [discovery-service] [a-EvictionTimer] c.n.e.registry.AbstractInstanceRegistry  : Running the evict task with compensationTime 0ms
2026-08-10T11:21:37.902-06:00  INFO 2652 --- [discovery-service] [a-EvictionTimer] c.n.e.registry.AbstractInstanceRegistry  : Running the evict task with compensationTime 0ms
2026-08-10T11:21:42.903-06:00  INFO 2652 --- [discovery-service] [a-EvictionTimer] c.n.e.registry.AbstractInstanceRegistry  : Running the evict task with compensationTime 0ms
2026-08-10T11:21:47.904-06:00  INFO 2652 --- [discovery-service] [a-EvictionTimer] c.n.e.registry.AbstractInstanceRegistry  : Running the evict task with compensationTime 0ms
2026-08-10T11:21:52.905-06:00  INFO 2652 --- [discovery-service] [a-EvictionTimer] c.n.e.registry.AbstractInstanceRegistry  : Running the evict task with compensationTime 1ms
2026-08-10T11:21:57.905-06:00  INFO 2652 --- [discovery-service] [a-EvictionTimer] c.n.e.registry.AbstractInstanceRegistry  : Running the evict task with compensationTime 0ms
2026-08-10T11:22:02.906-06:00  INFO 2652 --- [discovery-service] [a-EvictionTimer] c.n.e.registry.AbstractInstanceRegistry  : Running the evict task with compensationTime 0ms
2026-08-10T11:22:07.906-06:00  INFO 2652 --- [discovery-service] [a-EvictionTimer] c.n.e.registry.AbstractInstanceRegistry  : Running the evict task with compensationTime 0ms
2026-08-10T11:22:12.906-06:00  INFO 2652 --- [discovery-service] [a-EvictionTimer] c.n.e.registry.AbstractInstanceRegistry  : Running the evict task with compensationTime 0ms
2026-08-10T11:22:17.906-06:00  INFO 2652 --- [discovery-service] [a-EvictionTimer] c.n.e.registry.AbstractInstanceRegistry  : Running the evict task with compensationTime 0ms
2026-08-10T11:22:22.906-06:00  INFO 2652 --- [discovery-service] [a-EvictionTimer] c.n.e.registry.AbstractInstanceRegistry  : Running the evict task with compensationTime 0ms
2026-08-10T11:22:27.907-06:00  INFO 2652 --- [discovery-service] [a-EvictionTimer] c.n.e.registry.AbstractInstanceRegistry  : Running the evict task with compensationTime 0ms
2026-08-10T11:22:32.907-06:00  INFO 2652 --- [discovery-service] [a-EvictionTimer] c.n.e.registry.AbstractInstanceRegistry  : Running the evict task with compensationTime 0ms
2026-08-10T11:22:37.907-06:00  INFO 2652 --- [discovery-service] [a-EvictionTimer] c.n.e.registry.AbstractInstanceRegistry  : Running the evict task with compensationTime 0ms
2026-08-10T11:22:42.907-06:00  INFO 2652 --- [discovery-service] [a-EvictionTimer] c.n.e.registry.AbstractInstanceRegistry  : Running the evict task with compensationTime 0ms
2026-08-10T11:22:47.908-06:00  INFO 2652 --- [discovery-service] [a-EvictionTimer] c.n.e.registry.AbstractInstanceRegistry  : Running the evict task with compensationTime 0ms
2026-08-10T11:22:52.908-06:00  INFO 2652 --- [discovery-service] [a-EvictionTimer] c.n.e.registry.AbstractInstanceRegistry  : Running the evict task with compensationTime 0ms
2026-08-10T11:22:57.909-06:00  INFO 2652 --- [discovery-service] [a-EvictionTimer] c.n.e.registry.AbstractInstanceRegistry  : Running the evict task with compensationTime 0ms
2026-08-10T11:23:00.284-06:00  WARN 2652 --- [discovery-service] [eerNodesUpdater] c.n.eureka.cluster.PeerEurekaNodes       : The replica size seems to be empty. Check the route 53 DNS Registry
2026-08-10T11:23:02.910-06:00  INFO 2652 --- [discovery-service] [a-EvictionTimer] c.n.e.registry.AbstractInstanceRegistry  : Running the evict task with compensationTime 0ms
2026-08-10T11:23:07.911-06:00  INFO 2652 --- [discovery-service] [a-EvictionTimer] c.n.e.registry.AbstractInstanceRegistry  : Running the evict task with compensationTime 1ms
2026-08-10T11:23:12.912-06:00  INFO 2652 --- [discovery-service] [a-EvictionTimer] c.n.e.registry.AbstractInstanceRegistry  : Running the evict task with compensationTime 0ms
2026-08-10T11:23:17.913-06:00  INFO 2652 --- [discovery-service] [a-EvictionTimer] c.n.e.registry.AbstractInstanceRegistry  : Running the evict task with compensationTime 1ms
2026-08-10T11:23:22.913-06:00  INFO 2652 --- [discovery-service] [a-EvictionTimer] c.n.e.registry.AbstractInstanceRegistry  : Running the evict task with compensationTime 1ms
2026-08-10T11:23:27.914-06:00  INFO 2652 --- [discovery-service] [a-EvictionTimer] c.n.e.registry.AbstractInstanceRegistry  : Running the evict task with compensationTime 0ms
2026-08-10T11:23:32.914-06:00  INFO 2652 --- [discovery-service] [a-EvictionTimer] c.n.e.registry.AbstractInstanceRegistry  : Running the evict task with compensationTime 0ms
2026-08-10T11:23:37.914-06:00  INFO 2652 --- [discovery-service] [a-EvictionTimer] c.n.e.registry.AbstractInstanceRegistry  : Running the evict task with compensationTime 0ms
2026-08-10T11:23:42.915-06:00  INFO 2652 --- [discovery-service] [a-EvictionTimer] c.n.e.registry.AbstractInstanceRegistry  : Running the evict task with compensationTime 0ms
2026-08-10T11:23:47.920-06:00  INFO 2652 --- [discovery-service] [a-EvictionTimer] c.n.e.registry.AbstractInstanceRegistry  : Running the evict task with compensationTime 4ms
2026-08-10T11:23:52.929-06:00  INFO 2652 --- [discovery-service] [a-EvictionTimer] c.n.e.registry.AbstractInstanceRegistry  : Running the evict task with compensationTime 9ms
2026-08-10T11:23:57.938-06:00  INFO 2652 --- [discovery-service] [a-EvictionTimer] c.n.e.registry.AbstractInstanceRegistry  : Running the evict task with compensationTime 8ms
2026-08-10T11:24:02.947-06:00  INFO 2652 --- [discovery-service] [a-EvictionTimer] c.n.e.registry.AbstractInstanceRegistry  : Running the evict task with compensationTime 8ms
2026-08-10T11:24:07.954-06:00  INFO 2652 --- [discovery-service] [a-EvictionTimer] c.n.e.registry.AbstractInstanceRegistry  : Running the evict task with compensationTime 7ms
2026-08-10T11:24:12.964-06:00  INFO 2652 --- [discovery-service] [a-EvictionTimer] c.n.e.registry.AbstractInstanceRegistry  : Running the evict task with compensationTime 9ms
2026-08-10T11:24:17.969-06:00  INFO 2652 --- [discovery-service] [a-EvictionTimer] c.n.e.registry.AbstractInstanceRegistry  : Running the evict task with compensationTime 5ms
2026-08-10T11:24:22.987-06:00  INFO 2652 --- [discovery-service] [a-EvictionTimer] c.n.e.registry.AbstractInstanceRegistry  : Running the evict task with compensationTime 17ms
2026-08-10T11:24:27.999-06:00  INFO 2652 --- [discovery-service] [a-EvictionTimer] c.n.e.registry.AbstractInstanceRegistry  : Running the evict task with compensationTime 11ms
2026-08-10T11:24:33.007-06:00  INFO 2652 --- [discovery-service] [a-EvictionTimer] c.n.e.registry.AbstractInstanceRegistry  : Running the evict task with compensationTime 8ms
2026-08-10T11:24:38.021-06:00  INFO 2652 --- [discovery-service] [a-EvictionTimer] c.n.e.registry.AbstractInstanceRegistry  : Running the evict task with compensationTime 13ms
2026-08-10T11:24:43.022-06:00  INFO 2652 --- [discovery-service] [a-EvictionTimer] c.n.e.registry.AbstractInstanceRegistry  : Running the evict task with compensationTime 1ms
2026-08-10T11:24:48.030-06:00  INFO 2652 --- [discovery-service] [a-EvictionTimer] c.n.e.registry.AbstractInstanceRegistry  : Running the evict task with compensationTime 8ms
2026-08-10T11:24:53.031-06:00  INFO 2652 --- [discovery-service] [a-EvictionTimer] c.n.e.registry.AbstractInstanceRegistry  : Running the evict task with compensationTime 0ms
2026-08-10T11:24:58.031-06:00  INFO 2652 --- [discovery-service] [a-EvictionTimer] c.n.e.registry.AbstractInstanceRegistry  : Running the evict task with compensationTime 0ms
2026-08-10T11:25:03.032-06:00  INFO 2652 --- [discovery-service] [a-EvictionTimer] c.n.e.registry.AbstractInstanceRegistry  : Running the evict task with compensationTime 0ms
2026-08-10T11:25:08.032-06:00  INFO 2652 --- [discovery-service] [a-EvictionTimer] c.n.e.registry.AbstractInstanceRegistry  : Running the evict task with compensationTime 0ms
2026-08-10T11:25:13.032-06:00  INFO 2652 --- [discovery-service] [a-EvictionTimer] c.n.e.registry.AbstractInstanceRegistry  : Running the evict task with compensationTime 0ms
2026-08-10T11:25:18.033-06:00  INFO 2652 --- [discovery-service] [a-EvictionTimer] c.n.e.registry.AbstractInstanceRegistry  : Running the evict task with compensationTime 0ms
2026-08-10T11:25:23.034-06:00  INFO 2652 --- [discovery-service] [a-EvictionTimer] c.n.e.registry.AbstractInstanceRegistry  : Running the evict task with compensationTime 0ms
2026-08-10T11:25:28.035-06:00  INFO 2652 --- [discovery-service] [a-EvictionTimer] c.n.e.registry.AbstractInstanceRegistry  : Running the evict task with compensationTime 1ms
2026-08-10T11:25:33.036-06:00  INFO 2652 --- [discovery-service] [a-EvictionTimer] c.n.e.registry.AbstractInstanceRegistry  : Running the evict task with compensationTime 0ms
2026-08-10T11:25:38.036-06:00  INFO 2652 --- [discovery-service] [a-EvictionTimer] c.n.e.registry.AbstractInstanceRegistry  : Running the evict task with compensationTime 0ms
2026-08-10T11:25:43.037-06:00  INFO 2652 --- [discovery-service] [a-EvictionTimer] c.n.e.registry.AbstractInstanceRegistry  : Running the evict task with compensationTime 1ms
2026-08-10T11:25:48.038-06:00  INFO 2652 --- [discovery-service] [a-EvictionTimer] c.n.e.registry.AbstractInstanceRegistry  : Running the evict task with compensationTime 0ms
2026-08-10T11:25:53.038-06:00  INFO 2652 --- [discovery-service] [a-EvictionTimer] c.n.e.registry.AbstractInstanceRegistry  : Running the evict task with compensationTime 0ms
2026-08-10T11:25:58.038-06:00  INFO 2652 --- [discovery-service] [a-EvictionTimer] c.n.e.registry.AbstractInstanceRegistry  : Running the evict task with compensationTime 0ms
2026-08-10T11:26:03.038-06:00  INFO 2652 --- [discovery-service] [a-EvictionTimer] c.n.e.registry.AbstractInstanceRegistry  : Running the evict task with compensationTime 0ms
2026-08-10T11:26:08.038-06:00  INFO 2652 --- [discovery-service] [a-EvictionTimer] c.n.e.registry.AbstractInstanceRegistry  : Running the evict task with compensationTime 0ms
2026-08-10T11:26:13.039-06:00  INFO 2652 --- [discovery-service] [a-EvictionTimer] c.n.e.registry.AbstractInstanceRegistry  : Running the evict task with compensationTime 0ms
2026-08-10T11:26:18.039-06:00  INFO 2652 --- [discovery-service] [a-EvictionTimer] c.n.e.registry.AbstractInstanceRegistry  : Running the evict task with compensationTime 0ms
2026-08-10T11:26:23.040-06:00  INFO 2652 --- [discovery-service] [a-EvictionTimer] c.n.e.registry.AbstractInstanceRegistry  : Running the evict task with compensationTime 0ms
2026-08-10T11:26:28.041-06:00  INFO 2652 --- [discovery-service] [a-EvictionTimer] c.n.e.registry.AbstractInstanceRegistry  : Running the evict task with compensationTime 0ms
2026-08-10T11:26:33.041-06:00  INFO 2652 --- [discovery-service] [a-EvictionTimer] c.n.e.registry.AbstractInstanceRegistry  : Running the evict task with compensationTime 0ms
2026-08-10T11:26:38.042-06:00  INFO 2652 --- [discovery-service] [a-EvictionTimer] c.n.e.registry.AbstractInstanceRegistry  : Running the evict task with compensationTime 0ms
2026-08-10T11:26:43.042-06:00  INFO 2652 --- [discovery-service] [a-EvictionTimer] c.n.e.registry.AbstractInstanceRegistry  : Running the evict task with compensationTime 0ms
2026-08-10T11:26:48.044-06:00  INFO 2652 --- [discovery-service] [a-EvictionTimer] c.n.e.registry.AbstractInstanceRegistry  : Running the evict task with compensationTime 1ms
2026-08-10T11:26:53.044-06:00  INFO 2652 --- [discovery-service] [a-EvictionTimer] c.n.e.registry.AbstractInstanceRegistry  : Running the evict task with compensationTime 0ms
2026-08-10T11:26:58.044-06:00  INFO 2652 --- [discovery-service] [a-EvictionTimer] c.n.e.registry.AbstractInstanceRegistry  : Running the evict task with compensationTime 0ms
2026-08-10T11:27:03.044-06:00  INFO 2652 --- [discovery-service] [a-EvictionTimer] c.n.e.registry.AbstractInstanceRegistry  : Running the evict task with compensationTime 0ms
2026-08-10T11:27:08.045-06:00  INFO 2652 --- [discovery-service] [a-EvictionTimer] c.n.e.registry.AbstractInstanceRegistry  : Running the evict task with compensationTime 1ms
2026-08-10T11:27:13.045-06:00  INFO 2652 --- [discovery-service] [a-EvictionTimer] c.n.e.registry.AbstractInstanceRegistry  : Running the evict task with compensationTime 0ms
2026-08-10T11:27:18.045-06:00  INFO 2652 --- [discovery-service] [a-EvictionTimer] c.n.e.registry.AbstractInstanceRegistry  : Running the evict task with compensationTime 0ms
2026-08-10T11:27:23.046-06:00  INFO 2652 --- [discovery-service] [a-EvictionTimer] c.n.e.registry.AbstractInstanceRegistry  : Running the evict task with compensationTime 1ms
2026-08-10T11:27:28.046-06:00  INFO 2652 --- [discovery-service] [a-EvictionTimer] c.n.e.registry.AbstractInstanceRegistry  : Running the evict task with compensationTime 0ms
2026-08-10T11:27:33.047-06:00  INFO 2652 --- [discovery-service] [a-EvictionTimer] c.n.e.registry.AbstractInstanceRegistry  : Running the evict task with compensationTime 0ms
2026-08-10T11:27:38.047-06:00  INFO 2652 --- [discovery-service] [a-EvictionTimer] c.n.e.registry.AbstractInstanceRegistry  : Running the evict task with compensationTime 0ms
2026-08-10T11:27:43.048-06:00  INFO 2652 --- [discovery-service] [a-EvictionTimer] c.n.e.registry.AbstractInstanceRegistry  : Running the evict task with compensationTime 0ms
2026-08-10T11:27:48.049-06:00  INFO 2652 --- [discovery-service] [a-EvictionTimer] c.n.e.registry.AbstractInstanceRegistry  : Running the evict task with compensationTime 0ms
2026-08-10T11:27:53.050-06:00  INFO 2652 --- [discovery-service] [a-EvictionTimer] c.n.e.registry.AbstractInstanceRegistry  : Running the evict task with compensationTime 0ms
2026-08-10T11:27:58.051-06:00  INFO 2652 --- [discovery-service] [a-EvictionTimer] c.n.e.registry.AbstractInstanceRegistry  : Running the evict task with compensationTime 1ms
2026-08-10T11:28:00.017-06:00  INFO 2652 --- [discovery-service] [hresholdUpdater] c.n.e.r.PeerAwareInstanceRegistryImpl    : Current renewal threshold is : 10
2026-08-10T11:28:03.051-06:00  INFO 2652 --- [discovery-service] [a-EvictionTimer] c.n.e.registry.AbstractInstanceRegistry  : Running the evict task with compensationTime 0ms
2026-08-10T11:28:08.054-06:00  INFO 2652 --- [discovery-service] [a-EvictionTimer] c.n.e.registry.AbstractInstanceRegistry  : Running the evict task with compensationTime 2ms
2026-08-10T11:28:13.058-06:00  INFO 2652 --- [discovery-service] [a-EvictionTimer] c.n.e.registry.AbstractInstanceRegistry  : Running the evict task with compensationTime 3ms
2026-08-10T11:28:18.071-06:00  INFO 2652 --- [discovery-service] [a-EvictionTimer] c.n.e.registry.AbstractInstanceRegistry  : Running the evict task with compensationTime 13ms
2026-08-10T11:28:23.085-06:00  INFO 2652 --- [discovery-service] [a-EvictionTimer] c.n.e.registry.AbstractInstanceRegistry  : Running the evict task with compensationTime 14ms
2026-08-10T11:28:28.088-06:00  INFO 2652 --- [discovery-service] [a-EvictionTimer] c.n.e.registry.AbstractInstanceRegistry  : Running the evict task with compensationTime 3ms
2026-08-10T11:28:33.103-06:00  INFO 2652 --- [discovery-service] [a-EvictionTimer] c.n.e.registry.AbstractInstanceRegistry  : Running the evict task with compensationTime 15ms
2026-08-10T11:28:38.115-06:00  INFO 2652 --- [discovery-service] [a-EvictionTimer] c.n.e.registry.AbstractInstanceRegistry  : Running the evict task with compensationTime 11ms
2026-08-10T11:28:43.122-06:00  INFO 2652 --- [discovery-service] [a-EvictionTimer] c.n.e.registry.AbstractInstanceRegistry  : Running the evict task with compensationTime 7ms
2026-08-10T11:28:48.122-06:00  INFO 2652 --- [discovery-service] [a-EvictionTimer] c.n.e.registry.AbstractInstanceRegistry  : Running the evict task with compensationTime 0ms
2026-08-10T11:28:53.123-06:00  INFO 2652 --- [discovery-service] [a-EvictionTimer] c.n.e.registry.AbstractInstanceRegistry  : Running the evict task with compensationTime 0ms
2026-08-10T11:28:58.123-06:00  INFO 2652 --- [discovery-service] [a-EvictionTimer] c.n.e.registry.AbstractInstanceRegistry  : Running the evict task with compensationTime 0ms
2026-08-10T11:29:03.123-06:00  INFO 2652 --- [discovery-service] [a-EvictionTimer] c.n.e.registry.AbstractInstanceRegistry  : Running the evict task with compensationTime 0ms
2026-08-10T11:29:08.124-06:00  INFO 2652 --- [discovery-service] [a-EvictionTimer] c.n.e.registry.AbstractInstanceRegistry  : Running the evict task with compensationTime 0ms
2026-08-10T11:29:13.125-06:00  INFO 2652 --- [discovery-service] [a-EvictionTimer] c.n.e.registry.AbstractInstanceRegistry  : Running the evict task with compensationTime 0ms
2026-08-10T11:29:18.125-06:00  INFO 2652 --- [discovery-service] [a-EvictionTimer] c.n.e.registry.AbstractInstanceRegistry  : Running the evict task with compensationTime 0ms
2026-08-10T11:29:23.125-06:00  INFO 2652 --- [discovery-service] [a-EvictionTimer] c.n.e.registry.AbstractInstanceRegistry  : Running the evict task with compensationTime 0ms
2026-08-10T11:29:28.125-06:00  INFO 2652 --- [discovery-service] [a-EvictionTimer] c.n.e.registry.AbstractInstanceRegistry  : Running the evict task with compensationTime 0ms
2026-08-10T11:29:33.127-06:00  INFO 2652 --- [discovery-service] [a-EvictionTimer] c.n.e.registry.AbstractInstanceRegistry  : Running the evict task with compensationTime 0ms
2026-08-10T11:29:38.127-06:00  INFO 2652 --- [discovery-service] [a-EvictionTimer] c.n.e.registry.AbstractInstanceRegistry  : Running the evict task with compensationTime 0ms
2026-08-10T11:29:43.127-06:00  INFO 2652 --- [discovery-service] [a-EvictionTimer] c.n.e.registry.AbstractInstanceRegistry  : Running the evict task with compensationTime 0ms
2026-08-10T11:29:48.127-06:00  INFO 2652 --- [discovery-service] [a-EvictionTimer] c.n.e.registry.AbstractInstanceRegistry  : Running the evict task with compensationTime 0ms
2026-08-10T11:29:53.127-06:00  INFO 2652 --- [discovery-service] [a-EvictionTimer] c.n.e.registry.AbstractInstanceRegistry  : Running the evict task with compensationTime 0ms
2026-08-10T11:29:58.127-06:00  INFO 2652 --- [discovery-service] [a-EvictionTimer] c.n.e.registry.AbstractInstanceRegistry  : Running the evict task with compensationTime 0ms
2026-08-10T11:30:03.128-06:00  INFO 2652 --- [discovery-service] [a-EvictionTimer] c.n.e.registry.AbstractInstanceRegistry  : Running the evict task with compensationTime 0ms
2026-08-10T11:30:08.128-06:00  INFO 2652 --- [discovery-service] [a-EvictionTimer] c.n.e.registry.AbstractInstanceRegistry  : Running the evict task with compensationTime 0ms
2026-08-10T11:30:13.129-06:00  INFO 2652 --- [discovery-service] [a-EvictionTimer] c.n.e.registry.AbstractInstanceRegistry  : Running the evict task with compensationTime 0ms
2026-08-10T11:30:18.129-06:00  INFO 2652 --- [discovery-service] [a-EvictionTimer] c.n.e.registry.AbstractInstanceRegistry  : Running the evict task with compensationTime 0ms
2026-08-10T11:30:23.130-06:00  INFO 2652 --- [discovery-service] [a-EvictionTimer] c.n.e.registry.AbstractInstanceRegistry  : Running the evict task with compensationTime 1ms
2026-08-10T11:30:28.131-06:00  INFO 2652 --- [discovery-service] [a-EvictionTimer] c.n.e.registry.AbstractInstanceRegistry  : Running the evict task with compensationTime 0ms
2026-08-10T11:30:33.132-06:00  INFO 2652 --- [discovery-service] [a-EvictionTimer] c.n.e.registry.AbstractInstanceRegistry  : Running the evict task with compensationTime 1ms
2026-08-10T11:30:38.133-06:00  INFO 2652 --- [discovery-service] [a-EvictionTimer] c.n.e.registry.AbstractInstanceRegistry  : Running the evict task with compensationTime 0ms
2026-08-10T11:30:43.136-06:00  INFO 2652 --- [discovery-service] [a-EvictionTimer] c.n.e.registry.AbstractInstanceRegistry  : Running the evict task with compensationTime 0ms
2026-08-10T11:30:48.133-06:00  INFO 2652 --- [discovery-service] [a-EvictionTimer] c.n.e.registry.AbstractInstanceRegistry  : Running the evict task with compensationTime 0ms
2026-08-10T11:30:53.133-06:00  INFO 2652 --- [discovery-service] [a-EvictionTimer] c.n.e.registry.AbstractInstanceRegistry  : Running the evict task with compensationTime 0ms
2026-08-10T11:30:58.133-06:00  INFO 2652 --- [discovery-service] [a-EvictionTimer] c.n.e.registry.AbstractInstanceRegistry  : Running the evict task with compensationTime 0ms
2026-08-10T11:31:03.133-06:00  INFO 2652 --- [discovery-service] [a-EvictionTimer] c.n.e.registry.AbstractInstanceRegistry  : Running the evict task with compensationTime 0ms
2026-08-10T11:31:08.133-06:00  INFO 2652 --- [discovery-service] [a-EvictionTimer] c.n.e.registry.AbstractInstanceRegistry  : Running the evict task with compensationTime 0ms
2026-08-10T11:31:13.135-06:00  INFO 2652 --- [discovery-service] [a-EvictionTimer] c.n.e.registry.AbstractInstanceRegistry  : Running the evict task with compensationTime 1ms
2026-08-10T11:31:18.135-06:00  INFO 2652 --- [discovery-service] [a-EvictionTimer] c.n.e.registry.AbstractInstanceRegistry  : Running the evict task with compensationTime 0ms
2026-08-10T11:31:23.135-06:00  INFO 2652 --- [discovery-service] [a-EvictionTimer] c.n.e.registry.AbstractInstanceRegistry  : Running the evict task with compensationTime 0ms
2026-08-10T11:31:28.135-06:00  INFO 2652 --- [discovery-service] [a-EvictionTimer] c.n.e.registry.AbstractInstanceRegistry  : Running the evict task with compensationTime 0ms
2026-08-10T11:31:33.135-06:00  INFO 2652 --- [discovery-service] [a-EvictionTimer] c.n.e.registry.AbstractInstanceRegistry  : Running the evict task with compensationTime 0ms
2026-08-10T11:31:38.136-06:00  INFO 2652 --- [discovery-service] [a-EvictionTimer] c.n.e.registry.AbstractInstanceRegistry  : Running the evict task with compensationTime 0ms
2026-08-10T11:31:43.136-06:00  INFO 2652 --- [discovery-service] [a-EvictionTimer] c.n.e.registry.AbstractInstanceRegistry  : Running the evict task with compensationTime 0ms
2026-08-10T11:31:48.136-06:00  INFO 2652 --- [discovery-service] [a-EvictionTimer] c.n.e.registry.AbstractInstanceRegistry  : Running the evict task with compensationTime 0ms
2026-08-10T11:31:53.136-06:00  INFO 2652 --- [discovery-service] [a-EvictionTimer] c.n.e.registry.AbstractInstanceRegistry  : Running the evict task with compensationTime 0ms
2026-08-10T11:31:58.137-06:00  INFO 2652 --- [discovery-service] [a-EvictionTimer] c.n.e.registry.AbstractInstanceRegistry  : Running the evict task with compensationTime 0ms
2026-08-10T11:32:03.138-06:00  INFO 2652 --- [discovery-service] [a-EvictionTimer] c.n.e.registry.AbstractInstanceRegistry  : Running the evict task with compensationTime 0ms
2026-08-10T11:32:08.138-06:00  INFO 2652 --- [discovery-service] [a-EvictionTimer] c.n.e.registry.AbstractInstanceRegistry  : Running the evict task with compensationTime 0ms
2026-08-10T11:32:13.139-06:00  INFO 2652 --- [discovery-service] [a-EvictionTimer] c.n.e.registry.AbstractInstanceRegistry  : Running the evict task with compensationTime 0ms
2026-08-10T11:32:18.139-06:00  INFO 2652 --- [discovery-service] [a-EvictionTimer] c.n.e.registry.AbstractInstanceRegistry  : Running the evict task with compensationTime 0ms
2026-08-10T11:32:23.139-06:00  INFO 2652 --- [discovery-service] [a-EvictionTimer] c.n.e.registry.AbstractInstanceRegistry  : Running the evict task with compensationTime 0ms
2026-08-10T11:32:28.140-06:00  INFO 2652 --- [discovery-service] [a-EvictionTimer] c.n.e.registry.AbstractInstanceRegistry  : Running the evict task with compensationTime 0ms
2026-08-10T11:32:33.140-06:00  INFO 2652 --- [discovery-service] [a-EvictionTimer] c.n.e.registry.AbstractInstanceRegistry  : Running the evict task with compensationTime 0ms
2026-08-10T11:32:38.140-06:00  INFO 2652 --- [discovery-service] [a-EvictionTimer] c.n.e.registry.AbstractInstanceRegistry  : Running the evict task with compensationTime 0ms
2026-08-10T11:32:43.141-06:00  INFO 2652 --- [discovery-service] [a-EvictionTimer] c.n.e.registry.AbstractInstanceRegistry  : Running the evict task with compensationTime 0ms
2026-08-10T11:32:48.141-06:00  INFO 2652 --- [discovery-service] [a-EvictionTimer] c.n.e.registry.AbstractInstanceRegistry  : Running the evict task with compensationTime 0ms
2026-08-10T11:32:53.141-06:00  INFO 2652 --- [discovery-service] [a-EvictionTimer] c.n.e.registry.AbstractInstanceRegistry  : Running the evict task with compensationTime 0ms
2026-08-10T11:32:58.141-06:00  INFO 2652 --- [discovery-service] [a-EvictionTimer] c.n.e.registry.AbstractInstanceRegistry  : Running the evict task with compensationTime 0ms
2026-08-10T11:33:00.289-06:00  WARN 2652 --- [discovery-service] [eerNodesUpdater] c.n.eureka.cluster.PeerEurekaNodes       : The replica size seems to be empty. Check the route 53 DNS Registry
2026-08-10T11:33:03.142-06:00  INFO 2652 --- [discovery-service] [a-EvictionTimer] c.n.e.registry.AbstractInstanceRegistry  : Running the evict task with compensationTime 0ms
2026-08-10T11:33:08.142-06:00  INFO 2652 --- [discovery-service] [a-EvictionTimer] c.n.e.registry.AbstractInstanceRegistry  : Running the evict task with compensationTime 0ms
2026-08-10T11:33:13.143-06:00  INFO 2652 --- [discovery-service] [a-EvictionTimer] c.n.e.registry.AbstractInstanceRegistry  : Running the evict task with compensationTime 0ms
2026-08-10T11:33:18.143-06:00  INFO 2652 --- [discovery-service] [a-EvictionTimer] c.n.e.registry.AbstractInstanceRegistry  : Running the evict task with compensationTime 0ms
2026-08-10T11:33:23.144-06:00  INFO 2652 --- [discovery-service] [a-EvictionTimer] c.n.e.registry.AbstractInstanceRegistry  : Running the evict task with compensationTime 0ms
2026-08-10T11:33:28.145-06:00  INFO 2652 --- [discovery-service] [a-EvictionTimer] c.n.e.registry.AbstractInstanceRegistry  : Running the evict task with compensationTime 1ms
2026-08-10T11:33:33.145-06:00  INFO 2652 --- [discovery-service] [a-EvictionTimer] c.n.e.registry.AbstractInstanceRegistry  : Running the evict task with compensationTime 0ms
2026-08-10T11:33:38.146-06:00  INFO 2652 --- [discovery-service] [a-EvictionTimer] c.n.e.registry.AbstractInstanceRegistry  : Running the evict task with compensationTime 0ms
2026-08-10T11:33:43.147-06:00  INFO 2652 --- [discovery-service] [a-EvictionTimer] c.n.e.registry.AbstractInstanceRegistry  : Running the evict task with compensationTime 1ms
2026-08-10T11:33:48.147-06:00  INFO 2652 --- [discovery-service] [a-EvictionTimer] c.n.e.registry.AbstractInstanceRegistry  : Running the evict task with compensationTime 0ms
2026-08-10T11:33:53.148-06:00  INFO 2652 --- [discovery-service] [a-EvictionTimer] c.n.e.registry.AbstractInstanceRegistry  : Running the evict task with compensationTime 0ms
2026-08-10T11:33:58.149-06:00  INFO 2652 --- [discovery-service] [a-EvictionTimer] c.n.e.registry.AbstractInstanceRegistry  : Running the evict task with compensationTime 0ms
2026-08-10T11:34:03.149-06:00  INFO 2652 --- [discovery-service] [a-EvictionTimer] c.n.e.registry.AbstractInstanceRegistry  : Running the evict task with compensationTime 0ms
2026-08-10T11:34:08.150-06:00  INFO 2652 --- [discovery-service] [a-EvictionTimer] c.n.e.registry.AbstractInstanceRegistry  : Running the evict task with compensationTime 0ms
2026-08-10T11:34:13.150-06:00  INFO 2652 --- [discovery-service] [a-EvictionTimer] c.n.e.registry.AbstractInstanceRegistry  : Running the evict task with compensationTime 0ms
2026-08-10T11:34:18.150-06:00  INFO 2652 --- [discovery-service] [a-EvictionTimer] c.n.e.registry.AbstractInstanceRegistry  : Running the evict task with compensationTime 0ms
2026-08-10T11:34:23.150-06:00  INFO 2652 --- [discovery-service] [a-EvictionTimer] c.n.e.registry.AbstractInstanceRegistry  : Running the evict task with compensationTime 0ms
2026-08-10T11:34:28.150-06:00  INFO 2652 --- [discovery-service] [a-EvictionTimer] c.n.e.registry.AbstractInstanceRegistry  : Running the evict task with compensationTime 0ms
2026-08-10T11:34:33.151-06:00  INFO 2652 --- [discovery-service] [a-EvictionTimer] c.n.e.registry.AbstractInstanceRegistry  : Running the evict task with compensationTime 0ms
2026-08-10T11:34:38.152-06:00  INFO 2652 --- [discovery-service] [a-EvictionTimer] c.n.e.registry.AbstractInstanceRegistry  : Running the evict task with compensationTime 1ms
2026-08-10T11:34:43.153-06:00  INFO 2652 --- [discovery-service] [a-EvictionTimer] c.n.e.registry.AbstractInstanceRegistry  : Running the evict task with compensationTime 0ms
2026-08-10T11:34:48.154-06:00  INFO 2652 --- [discovery-service] [a-EvictionTimer] c.n.e.registry.AbstractInstanceRegistry  : Running the evict task with compensationTime 0ms
2026-08-10T11:34:53.155-06:00  INFO 2652 --- [discovery-service] [a-EvictionTimer] c.n.e.registry.AbstractInstanceRegistry  : Running the evict task with compensationTime 1ms
2026-08-10T11:34:58.156-06:00  INFO 2652 --- [discovery-service] [a-EvictionTimer] c.n.e.registry.AbstractInstanceRegistry  : Running the evict task with compensationTime 1ms
2026-08-10T11:35:03.157-06:00  INFO 2652 --- [discovery-service] [a-EvictionTimer] c.n.e.registry.AbstractInstanceRegistry  : Running the evict task with compensationTime 0ms
2026-08-10T11:35:08.157-06:00  INFO 2652 --- [discovery-service] [a-EvictionTimer] c.n.e.registry.AbstractInstanceRegistry  : Running the evict task with compensationTime 0ms
2026-08-10T11:35:13.158-06:00  INFO 2652 --- [discovery-service] [a-EvictionTimer] c.n.e.registry.AbstractInstanceRegistry  : Running the evict task with compensationTime 0ms
2026-08-10T11:35:18.158-06:00  INFO 2652 --- [discovery-service] [a-EvictionTimer] c.n.e.registry.AbstractInstanceRegistry  : Running the evict task with compensationTime 0ms
2026-08-10T11:35:23.160-06:00  INFO 2652 --- [discovery-service] [a-EvictionTimer] c.n.e.registry.AbstractInstanceRegistry  : Running the evict task with compensationTime 2ms
2026-08-10T11:35:28.167-06:00  INFO 2652 --- [discovery-service] [a-EvictionTimer] c.n.e.registry.AbstractInstanceRegistry  : Running the evict task with compensationTime 6ms
2026-08-10T11:35:33.174-06:00  INFO 2652 --- [discovery-service] [a-EvictionTimer] c.n.e.registry.AbstractInstanceRegistry  : Running the evict task with compensationTime 7ms
2026-08-10T11:35:38.184-06:00  INFO 2652 --- [discovery-service] [a-EvictionTimer] c.n.e.registry.AbstractInstanceRegistry  : Running the evict task with compensationTime 10ms
2026-08-10T11:35:43.191-06:00  INFO 2652 --- [discovery-service] [a-EvictionTimer] c.n.e.registry.AbstractInstanceRegistry  : Running the evict task with compensationTime 6ms
2026-08-10T11:35:48.195-06:00  INFO 2652 --- [discovery-service] [a-EvictionTimer] c.n.e.registry.AbstractInstanceRegistry  : Running the evict task with compensationTime 3ms
2026-08-10T11:35:53.200-06:00  INFO 2652 --- [discovery-service] [a-EvictionTimer] c.n.e.registry.AbstractInstanceRegistry  : Running the evict task with compensationTime 5ms
2026-08-10T11:35:58.201-06:00  INFO 2652 --- [discovery-service] [a-EvictionTimer] c.n.e.registry.AbstractInstanceRegistry  : Running the evict task with compensationTime 0ms
2026-08-10T11:36:03.202-06:00  INFO 2652 --- [discovery-service] [a-EvictionTimer] c.n.e.registry.AbstractInstanceRegistry  : Running the evict task with compensationTime 0ms
2026-08-10T11:36:08.202-06:00  INFO 2652 --- [discovery-service] [a-EvictionTimer] c.n.e.registry.AbstractInstanceRegistry  : Running the evict task with compensationTime 0ms
2026-08-10T11:36:13.203-06:00  INFO 2652 --- [discovery-service] [a-EvictionTimer] c.n.e.registry.AbstractInstanceRegistry  : Running the evict task with compensationTime 1ms
2026-08-10T11:36:18.204-06:00  INFO 2652 --- [discovery-service] [a-EvictionTimer] c.n.e.registry.AbstractInstanceRegistry  : Running the evict task with compensationTime 0ms
2026-08-10T11:36:23.204-06:00  INFO 2652 --- [discovery-service] [a-EvictionTimer] c.n.e.registry.AbstractInstanceRegistry  : Running the evict task with compensationTime 0ms
2026-08-10T11:36:28.205-06:00  INFO 2652 --- [discovery-service] [a-EvictionTimer] c.n.e.registry.AbstractInstanceRegistry  : Running the evict task with compensationTime 0ms
2026-08-10T11:36:33.205-06:00  INFO 2652 --- [discovery-service] [a-EvictionTimer] c.n.e.registry.AbstractInstanceRegistry  : Running the evict task with compensationTime 0ms
2026-08-10T11:36:38.205-06:00  INFO 2652 --- [discovery-service] [a-EvictionTimer] c.n.e.registry.AbstractInstanceRegistry  : Running the evict task with compensationTime 0ms
2026-08-10T11:36:43.206-06:00  INFO 2652 --- [discovery-service] [a-EvictionTimer] c.n.e.registry.AbstractInstanceRegistry  : Running the evict task with compensationTime 0ms
2026-08-10T11:36:48.207-06:00  INFO 2652 --- [discovery-service] [a-EvictionTimer] c.n.e.registry.AbstractInstanceRegistry  : Running the evict task with compensationTime 0ms
2026-08-10T11:36:53.207-06:00  INFO 2652 --- [discovery-service] [a-EvictionTimer] c.n.e.registry.AbstractInstanceRegistry  : Running the evict task with compensationTime 0ms
2026-08-10T11:36:58.208-06:00  INFO 2652 --- [discovery-service] [a-EvictionTimer] c.n.e.registry.AbstractInstanceRegistry  : Running the evict task with compensationTime 0ms
2026-08-10T11:37:03.209-06:00  INFO 2652 --- [discovery-service] [a-EvictionTimer] c.n.e.registry.AbstractInstanceRegistry  : Running the evict task with compensationTime 0ms
2026-08-10T11:37:08.209-06:00  INFO 2652 --- [discovery-service] [a-EvictionTimer] c.n.e.registry.AbstractInstanceRegistry  : Running the evict task with compensationTime 0ms
2026-08-10T11:37:13.209-06:00  INFO 2652 --- [discovery-service] [a-EvictionTimer] c.n.e.registry.AbstractInstanceRegistry  : Running the evict task with compensationTime 0ms
2026-08-10T11:37:18.219-06:00  INFO 2652 --- [discovery-service] [a-EvictionTimer] c.n.e.registry.AbstractInstanceRegistry  : Running the evict task with compensationTime 10ms
2026-08-10T11:37:23.219-06:00  INFO 2652 --- [discovery-service] [a-EvictionTimer] c.n.e.registry.AbstractInstanceRegistry  : Running the evict task with compensationTime 0ms
2026-08-10T11:37:28.219-06:00  INFO 2652 --- [discovery-service] [a-EvictionTimer] c.n.e.registry.AbstractInstanceRegistry  : Running the evict task with compensationTime 0ms
2026-08-10T11:37:33.219-06:00  INFO 2652 --- [discovery-service] [a-EvictionTimer] c.n.e.registry.AbstractInstanceRegistry  : Running the evict task with compensationTime 0ms
2026-08-10T11:37:38.219-06:00  INFO 2652 --- [discovery-service] [a-EvictionTimer] c.n.e.registry.AbstractInstanceRegistry  : Running the evict task with compensationTime 0ms
2026-08-10T11:37:43.219-06:00  INFO 2652 --- [discovery-service] [a-EvictionTimer] c.n.e.registry.AbstractInstanceRegistry  : Running the evict task with compensationTime 0ms
2026-08-10T11:37:48.220-06:00  INFO 2652 --- [discovery-service] [a-EvictionTimer] c.n.e.registry.AbstractInstanceRegistry  : Running the evict task with compensationTime 1ms
2026-08-10T11:37:53.230-06:00  INFO 2652 --- [discovery-service] [a-EvictionTimer] c.n.e.registry.AbstractInstanceRegistry  : Running the evict task with compensationTime 9ms
2026-08-10T11:37:58.241-06:00  INFO 2652 --- [discovery-service] [a-EvictionTimer] c.n.e.registry.AbstractInstanceRegistry  : Running the evict task with compensationTime 10ms
2026-08-10T11:38:03.251-06:00  INFO 2652 --- [discovery-service] [a-EvictionTimer] c.n.e.registry.AbstractInstanceRegistry  : Running the evict task with compensationTime 10ms
2026-08-10T11:38:08.262-06:00  INFO 2652 --- [discovery-service] [a-EvictionTimer] c.n.e.registry.AbstractInstanceRegistry  : Running the evict task with compensationTime 10ms
2026-08-10T11:38:13.270-06:00  INFO 2652 --- [discovery-service] [a-EvictionTimer] c.n.e.registry.AbstractInstanceRegistry  : Running the evict task with compensationTime 8ms
2026-08-10T11:38:18.285-06:00  INFO 2652 --- [discovery-service] [a-EvictionTimer] c.n.e.registry.AbstractInstanceRegistry  : Running the evict task with compensationTime 14ms
2026-08-10T11:38:23.298-06:00  INFO 2652 --- [discovery-service] [a-EvictionTimer] c.n.e.registry.AbstractInstanceRegistry  : Running the evict task with compensationTime 13ms
2026-08-10T11:38:28.304-06:00  INFO 2652 --- [discovery-service] [a-EvictionTimer] c.n.e.registry.AbstractInstanceRegistry  : Running the evict task with compensationTime 5ms
2026-08-10T11:38:33.313-06:00  INFO 2652 --- [discovery-service] [a-EvictionTimer] c.n.e.registry.AbstractInstanceRegistry  : Running the evict task with compensationTime 8ms
2026-08-10T11:38:38.324-06:00  INFO 2652 --- [discovery-service] [a-EvictionTimer] c.n.e.registry.AbstractInstanceRegistry  : Running the evict task with compensationTime 11ms
2026-08-10T11:38:43.324-06:00  INFO 2652 --- [discovery-service] [a-EvictionTimer] c.n.e.registry.AbstractInstanceRegistry  : Running the evict task with compensationTime 0ms
2026-08-10T11:38:48.325-06:00  INFO 2652 --- [discovery-service] [a-EvictionTimer] c.n.e.registry.AbstractInstanceRegistry  : Running the evict task with compensationTime 0ms
2026-08-10T11:38:53.325-06:00  INFO 2652 --- [discovery-service] [a-EvictionTimer] c.n.e.registry.AbstractInstanceRegistry  : Running the evict task with compensationTime 0ms
2026-08-10T11:38:58.325-06:00  INFO 2652 --- [discovery-service] [a-EvictionTimer] c.n.e.registry.AbstractInstanceRegistry  : Running the evict task with compensationTime 0ms
2026-08-10T11:39:03.325-06:00  INFO 2652 --- [discovery-service] [a-EvictionTimer] c.n.e.registry.AbstractInstanceRegistry  : Running the evict task with compensationTime 0ms
2026-08-10T11:39:08.330-06:00  INFO 2652 --- [discovery-service] [a-EvictionTimer] c.n.e.registry.AbstractInstanceRegistry  : Running the evict task with compensationTime 4ms
2026-08-10T11:39:13.344-06:00  INFO 2652 --- [discovery-service] [a-EvictionTimer] c.n.e.registry.AbstractInstanceRegistry  : Running the evict task with compensationTime 14ms
2026-08-10T11:39:18.348-06:00  INFO 2652 --- [discovery-service] [a-EvictionTimer] c.n.e.registry.AbstractInstanceRegistry  : Running the evict task with compensationTime 4ms
2026-08-10T11:39:23.356-06:00  INFO 2652 --- [discovery-service] [a-EvictionTimer] c.n.e.registry.AbstractInstanceRegistry  : Running the evict task with compensationTime 7ms
2026-08-10T11:39:28.356-06:00  INFO 2652 --- [discovery-service] [a-EvictionTimer] c.n.e.registry.AbstractInstanceRegistry  : Running the evict task with compensationTime 0ms
2026-08-10T11:39:33.356-06:00  INFO 2652 --- [discovery-service] [a-EvictionTimer] c.n.e.registry.AbstractInstanceRegistry  : Running the evict task with compensationTime 0ms
2026-08-10T11:39:38.356-06:00  INFO 2652 --- [discovery-service] [a-EvictionTimer] c.n.e.registry.AbstractInstanceRegistry  : Running the evict task with compensationTime 0ms
2026-08-10T11:39:43.356-06:00  INFO 2652 --- [discovery-service] [a-EvictionTimer] c.n.e.registry.AbstractInstanceRegistry  : Running the evict task with compensationTime 0ms
2026-08-10T11:39:48.357-06:00  INFO 2652 --- [discovery-service] [a-EvictionTimer] c.n.e.registry.AbstractInstanceRegistry  : Running the evict task with compensationTime 0ms
2026-08-10T11:39:53.357-06:00  INFO 2652 --- [discovery-service] [a-EvictionTimer] c.n.e.registry.AbstractInstanceRegistry  : Running the evict task with compensationTime 0ms
2026-08-10T11:39:58.358-06:00  INFO 2652 --- [discovery-service] [a-EvictionTimer] c.n.e.registry.AbstractInstanceRegistry  : Running the evict task with compensationTime 1ms
2026-08-10T11:40:03.358-06:00  INFO 2652 --- [discovery-service] [a-EvictionTimer] c.n.e.registry.AbstractInstanceRegistry  : Running the evict task with compensationTime 0ms
2026-08-10T11:40:08.358-06:00  INFO 2652 --- [discovery-service] [a-EvictionTimer] c.n.e.registry.AbstractInstanceRegistry  : Running the evict task with compensationTime 0ms
2026-08-10T11:40:13.359-06:00  INFO 2652 --- [discovery-service] [a-EvictionTimer] c.n.e.registry.AbstractInstanceRegistry  : Running the evict task with compensationTime 0ms
2026-08-10T11:40:18.359-06:00  INFO 2652 --- [discovery-service] [a-EvictionTimer] c.n.e.registry.AbstractInstanceRegistry  : Running the evict task with compensationTime 0ms
2026-08-10T11:40:23.374-06:00  INFO 2652 --- [discovery-service] [a-EvictionTimer] c.n.e.registry.AbstractInstanceRegistry  : Running the evict task with compensationTime 14ms
2026-08-10T11:40:28.374-06:00  INFO 2652 --- [discovery-service] [a-EvictionTimer] c.n.e.registry.AbstractInstanceRegistry  : Running the evict task with compensationTime 0ms
2026-08-10T11:40:33.378-06:00  INFO 2652 --- [discovery-service] [a-EvictionTimer] c.n.e.registry.AbstractInstanceRegistry  : Running the evict task with compensationTime 3ms
2026-08-10T11:40:38.378-06:00  INFO 2652 --- [discovery-service] [a-EvictionTimer] c.n.e.registry.AbstractInstanceRegistry  : Running the evict task with compensationTime 0ms
2026-08-10T11:40:43.379-06:00  INFO 2652 --- [discovery-service] [a-EvictionTimer] c.n.e.registry.AbstractInstanceRegistry  : Running the evict task with compensationTime 0ms
2026-08-10T11:40:48.380-06:00  INFO 2652 --- [discovery-service] [a-EvictionTimer] c.n.e.registry.AbstractInstanceRegistry  : Running the evict task with compensationTime 0ms
2026-08-10T11:40:53.383-06:00  INFO 2652 --- [discovery-service] [a-EvictionTimer] c.n.e.registry.AbstractInstanceRegistry  : Running the evict task with compensationTime 3ms
2026-08-10T11:40:58.385-06:00  INFO 2652 --- [discovery-service] [a-EvictionTimer] c.n.e.registry.AbstractInstanceRegistry  : Running the evict task with compensationTime 2ms
2026-08-10T11:41:03.399-06:00  INFO 2652 --- [discovery-service] [a-EvictionTimer] c.n.e.registry.AbstractInstanceRegistry  : Running the evict task with compensationTime 13ms
2026-08-10T11:41:08.413-06:00  INFO 2652 --- [discovery-service] [a-EvictionTimer] c.n.e.registry.AbstractInstanceRegistry  : Running the evict task with compensationTime 13ms
2026-08-10T11:41:13.429-06:00  INFO 2652 --- [discovery-service] [a-EvictionTimer] c.n.e.registry.AbstractInstanceRegistry  : Running the evict task with compensationTime 15ms
2026-08-10T11:41:18.432-06:00  INFO 2652 --- [discovery-service] [a-EvictionTimer] c.n.e.registry.AbstractInstanceRegistry  : Running the evict task with compensationTime 3ms
2026-08-10T11:41:23.440-06:00  INFO 2652 --- [discovery-service] [a-EvictionTimer] c.n.e.registry.AbstractInstanceRegistry  : Running the evict task with compensationTime 8ms
2026-08-10T11:41:28.455-06:00  INFO 2652 --- [discovery-service] [a-EvictionTimer] c.n.e.registry.AbstractInstanceRegistry  : Running the evict task with compensationTime 15ms
2026-08-10T11:41:33.455-06:00  INFO 2652 --- [discovery-service] [a-EvictionTimer] c.n.e.registry.AbstractInstanceRegistry  : Running the evict task with compensationTime 0ms
2026-08-10T11:41:38.456-06:00  INFO 2652 --- [discovery-service] [a-EvictionTimer] c.n.e.registry.AbstractInstanceRegistry  : Running the evict task with compensationTime 0ms
2026-08-10T11:41:43.456-06:00  INFO 2652 --- [discovery-service] [a-EvictionTimer] c.n.e.registry.AbstractInstanceRegistry  : Running the evict task with compensationTime 0ms
2026-08-10T11:41:48.456-06:00  INFO 2652 --- [discovery-service] [a-EvictionTimer] c.n.e.registry.AbstractInstanceRegistry  : Running the evict task with compensationTime 0ms
2026-08-10T11:41:53.461-06:00  INFO 2652 --- [discovery-service] [a-EvictionTimer] c.n.e.registry.AbstractInstanceRegistry  : Running the evict task with compensationTime 4ms
2026-08-10T11:41:58.470-06:00  INFO 2652 --- [discovery-service] [a-EvictionTimer] c.n.e.registry.AbstractInstanceRegistry  : Running the evict task with compensationTime 9ms
2026-08-10T11:42:03.470-06:00  INFO 2652 --- [discovery-service] [a-EvictionTimer] c.n.e.registry.AbstractInstanceRegistry  : Running the evict task with compensationTime 0ms
2026-08-10T11:42:08.470-06:00  INFO 2652 --- [discovery-service] [a-EvictionTimer] c.n.e.registry.AbstractInstanceRegistry  : Running the evict task with compensationTime 0ms
2026-08-10T11:42:13.472-06:00  INFO 2652 --- [discovery-service] [a-EvictionTimer] c.n.e.registry.AbstractInstanceRegistry  : Running the evict task with compensationTime 2ms
2026-08-10T11:42:18.478-06:00  INFO 2652 --- [discovery-service] [a-EvictionTimer] c.n.e.registry.AbstractInstanceRegistry  : Running the evict task with compensationTime 6ms
2026-08-10T11:42:23.479-06:00  INFO 2652 --- [discovery-service] [a-EvictionTimer] c.n.e.registry.AbstractInstanceRegistry  : Running the evict task with compensationTime 0ms
2026-08-10T11:42:28.480-06:00  INFO 2652 --- [discovery-service] [a-EvictionTimer] c.n.e.registry.AbstractInstanceRegistry  : Running the evict task with compensationTime 1ms
2026-08-10T11:42:33.480-06:00  INFO 2652 --- [discovery-service] [a-EvictionTimer] c.n.e.registry.AbstractInstanceRegistry  : Running the evict task with compensationTime 0ms
2026-08-10T11:42:38.480-06:00  INFO 2652 --- [discovery-service] [a-EvictionTimer] c.n.e.registry.AbstractInstanceRegistry  : Running the evict task with compensationTime 0ms
2026-08-10T11:42:43.480-06:00  INFO 2652 --- [discovery-service] [a-EvictionTimer] c.n.e.registry.AbstractInstanceRegistry  : Running the evict task with compensationTime 0ms
2026-08-10T11:42:48.480-06:00  INFO 2652 --- [discovery-service] [a-EvictionTimer] c.n.e.registry.AbstractInstanceRegistry  : Running the evict task with compensationTime 0ms
2026-08-10T11:42:53.480-06:00  INFO 2652 --- [discovery-service] [a-EvictionTimer] c.n.e.registry.AbstractInstanceRegistry  : Running the evict task with compensationTime 0ms
2026-08-10T11:42:58.480-06:00  INFO 2652 --- [discovery-service] [a-EvictionTimer] c.n.e.registry.AbstractInstanceRegistry  : Running the evict task with compensationTime 0ms
2026-08-10T11:43:00.018-06:00  INFO 2652 --- [discovery-service] [hresholdUpdater] c.n.e.r.PeerAwareInstanceRegistryImpl    : Current renewal threshold is : 10
2026-08-10T11:43:00.291-06:00  WARN 2652 --- [discovery-service] [eerNodesUpdater] c.n.eureka.cluster.PeerEurekaNodes       : The replica size seems to be empty. Check the route 53 DNS Registry
2026-08-10T11:43:03.480-06:00  INFO 2652 --- [discovery-service] [a-EvictionTimer] c.n.e.registry.AbstractInstanceRegistry  : Running the evict task with compensationTime 0ms
2026-08-10T11:43:08.481-06:00  INFO 2652 --- [discovery-service] [a-EvictionTimer] c.n.e.registry.AbstractInstanceRegistry  : Running the evict task with compensationTime 0ms
2026-08-10T11:43:13.481-06:00  INFO 2652 --- [discovery-service] [a-EvictionTimer] c.n.e.registry.AbstractInstanceRegistry  : Running the evict task with compensationTime 0ms
2026-08-10T11:43:18.482-06:00  INFO 2652 --- [discovery-service] [a-EvictionTimer] c.n.e.registry.AbstractInstanceRegistry  : Running the evict task with compensationTime 0ms
2026-08-10T11:43:23.483-06:00  INFO 2652 --- [discovery-service] [a-EvictionTimer] c.n.e.registry.AbstractInstanceRegistry  : Running the evict task with compensationTime 1ms
2026-08-10T11:43:28.483-06:00  INFO 2652 --- [discovery-service] [a-EvictionTimer] c.n.e.registry.AbstractInstanceRegistry  : Running the evict task with compensationTime 0ms
2026-08-10T11:43:33.483-06:00  INFO 2652 --- [discovery-service] [a-EvictionTimer] c.n.e.registry.AbstractInstanceRegistry  : Running the evict task with compensationTime 0ms
2026-08-10T11:43:38.483-06:00  INFO 2652 --- [discovery-service] [a-EvictionTimer] c.n.e.registry.AbstractInstanceRegistry  : Running the evict task with compensationTime 0ms
2026-08-10T11:43:43.483-06:00  INFO 2652 --- [discovery-service] [a-EvictionTimer] c.n.e.registry.AbstractInstanceRegistry  : Running the evict task with compensationTime 0ms
2026-08-10T11:43:48.483-06:00  INFO 2652 --- [discovery-service] [a-EvictionTimer] c.n.e.registry.AbstractInstanceRegistry  : Running the evict task with compensationTime 0ms
2026-08-10T11:43:53.483-06:00  INFO 2652 --- [discovery-service] [a-EvictionTimer] c.n.e.registry.AbstractInstanceRegistry  : Running the evict task with compensationTime 0ms
2026-08-10T11:43:58.499-06:00  INFO 2652 --- [discovery-service] [a-EvictionTimer] c.n.e.registry.AbstractInstanceRegistry  : Running the evict task with compensationTime 15ms
2026-08-10T11:44:03.512-06:00  INFO 2652 --- [discovery-service] [a-EvictionTimer] c.n.e.registry.AbstractInstanceRegistry  : Running the evict task with compensationTime 12ms
2026-08-10T11:44:08.526-06:00  INFO 2652 --- [discovery-service] [a-EvictionTimer] c.n.e.registry.AbstractInstanceRegistry  : Running the evict task with compensationTime 14ms
2026-08-10T11:44:13.527-06:00  INFO 2652 --- [discovery-service] [a-EvictionTimer] c.n.e.registry.AbstractInstanceRegistry  : Running the evict task with compensationTime 0ms
2026-08-10T11:44:18.527-06:00  INFO 2652 --- [discovery-service] [a-EvictionTimer] c.n.e.registry.AbstractInstanceRegistry  : Running the evict task with compensationTime 0ms
2026-08-10T11:44:23.528-06:00  INFO 2652 --- [discovery-service] [a-EvictionTimer] c.n.e.registry.AbstractInstanceRegistry  : Running the evict task with compensationTime 0ms
2026-08-10T11:44:28.529-06:00  INFO 2652 --- [discovery-service] [a-EvictionTimer] c.n.e.registry.AbstractInstanceRegistry  : Running the evict task with compensationTime 0ms
2026-08-10T11:44:33.530-06:00  INFO 2652 --- [discovery-service] [a-EvictionTimer] c.n.e.registry.AbstractInstanceRegistry  : Running the evict task with compensationTime 1ms
2026-08-10T11:44:38.531-06:00  INFO 2652 --- [discovery-service] [a-EvictionTimer] c.n.e.registry.AbstractInstanceRegistry  : Running the evict task with compensationTime 1ms
2026-08-10T11:44:43.532-06:00  INFO 2652 --- [discovery-service] [a-EvictionTimer] c.n.e.registry.AbstractInstanceRegistry  : Running the evict task with compensationTime 0ms
2026-08-10T11:44:48.533-06:00  INFO 2652 --- [discovery-service] [a-EvictionTimer] c.n.e.registry.AbstractInstanceRegistry  : Running the evict task with compensationTime 0ms
2026-08-10T11:44:53.534-06:00  INFO 2652 --- [discovery-service] [a-EvictionTimer] c.n.e.registry.AbstractInstanceRegistry  : Running the evict task with compensationTime 1ms
2026-08-10T11:44:58.535-06:00  INFO 2652 --- [discovery-service] [a-EvictionTimer] c.n.e.registry.AbstractInstanceRegistry  : Running the evict task with compensationTime 0ms
2026-08-10T11:45:03.536-06:00  INFO 2652 --- [discovery-service] [a-EvictionTimer] c.n.e.registry.AbstractInstanceRegistry  : Running the evict task with compensationTime 0ms
2026-08-10T11:45:08.536-06:00  INFO 2652 --- [discovery-service] [a-EvictionTimer] c.n.e.registry.AbstractInstanceRegistry  : Running the evict task with compensationTime 0ms
2026-08-10T11:45:13.536-06:00  INFO 2652 --- [discovery-service] [a-EvictionTimer] c.n.e.registry.AbstractInstanceRegistry  : Running the evict task with compensationTime 0ms
2026-08-10T11:45:18.536-06:00  INFO 2652 --- [discovery-service] [a-EvictionTimer] c.n.e.registry.AbstractInstanceRegistry  : Running the evict task with compensationTime 0ms
2026-08-10T11:45:23.537-06:00  INFO 2652 --- [discovery-service] [a-EvictionTimer] c.n.e.registry.AbstractInstanceRegistry  : Running the evict task with compensationTime 1ms
2026-08-10T11:45:28.538-06:00  INFO 2652 --- [discovery-service] [a-EvictionTimer] c.n.e.registry.AbstractInstanceRegistry  : Running the evict task with compensationTime 0ms
2026-08-10T11:45:33.538-06:00  INFO 2652 --- [discovery-service] [a-EvictionTimer] c.n.e.registry.AbstractInstanceRegistry  : Running the evict task with compensationTime 0ms
2026-08-10T11:45:38.539-06:00  INFO 2652 --- [discovery-service] [a-EvictionTimer] c.n.e.registry.AbstractInstanceRegistry  : Running the evict task with compensationTime 0ms
2026-08-10T11:45:43.539-06:00  INFO 2652 --- [discovery-service] [a-EvictionTimer] c.n.e.registry.AbstractInstanceRegistry  : Running the evict task with compensationTime 0ms
2026-08-10T11:45:48.539-06:00  INFO 2652 --- [discovery-service] [a-EvictionTimer] c.n.e.registry.AbstractInstanceRegistry  : Running the evict task with compensationTime 0ms
2026-08-10T11:45:53.540-06:00  INFO 2652 --- [discovery-service] [a-EvictionTimer] c.n.e.registry.AbstractInstanceRegistry  : Running the evict task with compensationTime 0ms
2026-08-10T11:45:58.541-06:00  INFO 2652 --- [discovery-service] [a-EvictionTimer] c.n.e.registry.AbstractInstanceRegistry  : Running the evict task with compensationTime 0ms
2026-08-10T11:46:03.542-06:00  INFO 2652 --- [discovery-service] [a-EvictionTimer] c.n.e.registry.AbstractInstanceRegistry  : Running the evict task with compensationTime 0ms
2026-08-10T11:46:08.543-06:00  INFO 2652 --- [discovery-service] [a-EvictionTimer] c.n.e.registry.AbstractInstanceRegistry  : Running the evict task with compensationTime 0ms
2026-08-10T11:46:13.543-06:00  INFO 2652 --- [discovery-service] [a-EvictionTimer] c.n.e.registry.AbstractInstanceRegistry  : Running the evict task with compensationTime 0ms
2026-08-10T11:46:18.544-06:00  INFO 2652 --- [discovery-service] [a-EvictionTimer] c.n.e.registry.AbstractInstanceRegistry  : Running the evict task with compensationTime 0ms
2026-08-10T11:46:23.545-06:00  INFO 2652 --- [discovery-service] [a-EvictionTimer] c.n.e.registry.AbstractInstanceRegistry  : Running the evict task with compensationTime 1ms
2026-08-10T11:46:28.546-06:00  INFO 2652 --- [discovery-service] [a-EvictionTimer] c.n.e.registry.AbstractInstanceRegistry  : Running the evict task with compensationTime 0ms
2026-08-10T11:46:33.547-06:00  INFO 2652 --- [discovery-service] [a-EvictionTimer] c.n.e.registry.AbstractInstanceRegistry  : Running the evict task with compensationTime 1ms
2026-08-10T11:46:38.548-06:00  INFO 2652 --- [discovery-service] [a-EvictionTimer] c.n.e.registry.AbstractInstanceRegistry  : Running the evict task with compensationTime 1ms
2026-08-10T11:46:43.548-06:00  INFO 2652 --- [discovery-service] [a-EvictionTimer] c.n.e.registry.AbstractInstanceRegistry  : Running the evict task with compensationTime 0ms
2026-08-10T11:46:48.550-06:00  INFO 2652 --- [discovery-service] [a-EvictionTimer] c.n.e.registry.AbstractInstanceRegistry  : Running the evict task with compensationTime 1ms
2026-08-10T11:46:53.551-06:00  INFO 2652 --- [discovery-service] [a-EvictionTimer] c.n.e.registry.AbstractInstanceRegistry  : Running the evict task with compensationTime 1ms
2026-08-10T11:46:58.551-06:00  INFO 2652 --- [discovery-service] [a-EvictionTimer] c.n.e.registry.AbstractInstanceRegistry  : Running the evict task with compensationTime 0ms
2026-08-10T11:47:03.552-06:00  INFO 2652 --- [discovery-service] [a-EvictionTimer] c.n.e.registry.AbstractInstanceRegistry  : Running the evict task with compensationTime 0ms
2026-08-10T11:47:08.553-06:00  INFO 2652 --- [discovery-service] [a-EvictionTimer] c.n.e.registry.AbstractInstanceRegistry  : Running the evict task with compensationTime 1ms
2026-08-10T11:47:13.553-06:00  INFO 2652 --- [discovery-service] [a-EvictionTimer] c.n.e.registry.AbstractInstanceRegistry  : Running the evict task with compensationTime 0ms
2026-08-10T11:47:18.554-06:00  INFO 2652 --- [discovery-service] [a-EvictionTimer] c.n.e.registry.AbstractInstanceRegistry  : Running the evict task with compensationTime 0ms
2026-08-10T11:47:23.554-06:00  INFO 2652 --- [discovery-service] [a-EvictionTimer] c.n.e.registry.AbstractInstanceRegistry  : Running the evict task with compensationTime 0ms
2026-08-10T11:47:28.555-06:00  INFO 2652 --- [discovery-service] [a-EvictionTimer] c.n.e.registry.AbstractInstanceRegistry  : Running the evict task with compensationTime 0ms
2026-08-10T11:47:33.555-06:00  INFO 2652 --- [discovery-service] [a-EvictionTimer] c.n.e.registry.AbstractInstanceRegistry  : Running the evict task with compensationTime 0ms
2026-08-10T11:47:38.556-06:00  INFO 2652 --- [discovery-service] [a-EvictionTimer] c.n.e.registry.AbstractInstanceRegistry  : Running the evict task with compensationTime 0ms
2026-08-10T11:47:43.556-06:00  INFO 2652 --- [discovery-service] [a-EvictionTimer] c.n.e.registry.AbstractInstanceRegistry  : Running the evict task with compensationTime 0ms
2026-08-10T11:47:48.557-06:00  INFO 2652 --- [discovery-service] [a-EvictionTimer] c.n.e.registry.AbstractInstanceRegistry  : Running the evict task with compensationTime 1ms
2026-08-10T11:47:53.557-06:00  INFO 2652 --- [discovery-service] [a-EvictionTimer] c.n.e.registry.AbstractInstanceRegistry  : Running the evict task with compensationTime 0ms
2026-08-10T11:47:58.557-06:00  INFO 2652 --- [discovery-service] [a-EvictionTimer] c.n.e.registry.AbstractInstanceRegistry  : Running the evict task with compensationTime 0ms
2026-08-10T11:48:03.558-06:00  INFO 2652 --- [discovery-service] [a-EvictionTimer] c.n.e.registry.AbstractInstanceRegistry  : Running the evict task with compensationTime 1ms
2026-08-10T11:48:08.558-06:00  INFO 2652 --- [discovery-service] [a-EvictionTimer] c.n.e.registry.AbstractInstanceRegistry  : Running the evict task with compensationTime 0ms
2026-08-10T11:48:13.558-06:00  INFO 2652 --- [discovery-service] [a-EvictionTimer] c.n.e.registry.AbstractInstanceRegistry  : Running the evict task with compensationTime 0ms
2026-08-10T11:48:18.559-06:00  INFO 2652 --- [discovery-service] [a-EvictionTimer] c.n.e.registry.AbstractInstanceRegistry  : Running the evict task with compensationTime 0ms
2026-08-10T11:48:23.559-06:00  INFO 2652 --- [discovery-service] [a-EvictionTimer] c.n.e.registry.AbstractInstanceRegistry  : Running the evict task with compensationTime 0ms
2026-08-10T11:48:28.559-06:00  INFO 2652 --- [discovery-service] [a-EvictionTimer] c.n.e.registry.AbstractInstanceRegistry  : Running the evict task with compensationTime 0ms
2026-08-10T11:48:33.559-06:00  INFO 2652 --- [discovery-service] [a-EvictionTimer] c.n.e.registry.AbstractInstanceRegistry  : Running the evict task with compensationTime 0ms
2026-08-10T11:48:38.559-06:00  INFO 2652 --- [discovery-service] [a-EvictionTimer] c.n.e.registry.AbstractInstanceRegistry  : Running the evict task with compensationTime 0ms
2026-08-10T11:48:43.559-06:00  INFO 2652 --- [discovery-service] [a-EvictionTimer] c.n.e.registry.AbstractInstanceRegistry  : Running the evict task with compensationTime 0ms
2026-08-10T11:48:48.561-06:00  INFO 2652 --- [discovery-service] [a-EvictionTimer] c.n.e.registry.AbstractInstanceRegistry  : Running the evict task with compensationTime 1ms
2026-08-10T11:48:53.561-06:00  INFO 2652 --- [discovery-service] [a-EvictionTimer] c.n.e.registry.AbstractInstanceRegistry  : Running the evict task with compensationTime 0ms
2026-08-10T11:48:58.561-06:00  INFO 2652 --- [discovery-service] [a-EvictionTimer] c.n.e.registry.AbstractInstanceRegistry  : Running the evict task with compensationTime 0ms
2026-08-10T11:49:03.562-06:00  INFO 2652 --- [discovery-service] [a-EvictionTimer] c.n.e.registry.AbstractInstanceRegistry  : Running the evict task with compensationTime 0ms
2026-08-10T11:49:08.563-06:00  INFO 2652 --- [discovery-service] [a-EvictionTimer] c.n.e.registry.AbstractInstanceRegistry  : Running the evict task with compensationTime 1ms
2026-08-10T11:49:13.564-06:00  INFO 2652 --- [discovery-service] [a-EvictionTimer] c.n.e.registry.AbstractInstanceRegistry  : Running the evict task with compensationTime 0ms
2026-08-10T11:49:18.565-06:00  INFO 2652 --- [discovery-service] [a-EvictionTimer] c.n.e.registry.AbstractInstanceRegistry  : Running the evict task with compensationTime 0ms
2026-08-10T11:49:23.566-06:00  INFO 2652 --- [discovery-service] [a-EvictionTimer] c.n.e.registry.AbstractInstanceRegistry  : Running the evict task with compensationTime 1ms
2026-08-10T11:49:28.567-06:00  INFO 2652 --- [discovery-service] [a-EvictionTimer] c.n.e.registry.AbstractInstanceRegistry  : Running the evict task with compensationTime 1ms
2026-08-10T11:49:33.567-06:00  INFO 2652 --- [discovery-service] [a-EvictionTimer] c.n.e.registry.AbstractInstanceRegistry  : Running the evict task with compensationTime 0ms
2026-08-10T11:49:38.567-06:00  INFO 2652 --- [discovery-service] [a-EvictionTimer] c.n.e.registry.AbstractInstanceRegistry  : Running the evict task with compensationTime 0ms
2026-08-10T11:49:43.568-06:00  INFO 2652 --- [discovery-service] [a-EvictionTimer] c.n.e.registry.AbstractInstanceRegistry  : Running the evict task with compensationTime 0ms
2026-08-10T11:49:48.570-06:00  INFO 2652 --- [discovery-service] [a-EvictionTimer] c.n.e.registry.AbstractInstanceRegistry  : Running the evict task with compensationTime 2ms
2026-08-10T11:49:53.570-06:00  INFO 2652 --- [discovery-service] [a-EvictionTimer] c.n.e.registry.AbstractInstanceRegistry  : Running the evict task with compensationTime 0ms
2026-08-10T11:49:58.571-06:00  INFO 2652 --- [discovery-service] [a-EvictionTimer] c.n.e.registry.AbstractInstanceRegistry  : Running the evict task with compensationTime 0ms
2026-08-10T11:50:03.572-06:00  INFO 2652 --- [discovery-service] [a-EvictionTimer] c.n.e.registry.AbstractInstanceRegistry  : Running the evict task with compensationTime 1ms
2026-08-10T11:50:08.572-06:00  INFO 2652 --- [discovery-service] [a-EvictionTimer] c.n.e.registry.AbstractInstanceRegistry  : Running the evict task with compensationTime 0ms
2026-08-10T11:50:13.572-06:00  INFO 2652 --- [discovery-service] [a-EvictionTimer] c.n.e.registry.AbstractInstanceRegistry  : Running the evict task with compensationTime 0ms
2026-08-10T11:50:18.573-06:00  INFO 2652 --- [discovery-service] [a-EvictionTimer] c.n.e.registry.AbstractInstanceRegistry  : Running the evict task with compensationTime 0ms
2026-08-10T11:50:23.574-06:00  INFO 2652 --- [discovery-service] [a-EvictionTimer] c.n.e.registry.AbstractInstanceRegistry  : Running the evict task with compensationTime 1ms
2026-08-10T11:50:28.575-06:00  INFO 2652 --- [discovery-service] [a-EvictionTimer] c.n.e.registry.AbstractInstanceRegistry  : Running the evict task with compensationTime 0ms
2026-08-10T11:50:33.575-06:00  INFO 2652 --- [discovery-service] [a-EvictionTimer] c.n.e.registry.AbstractInstanceRegistry  : Running the evict task with compensationTime 0ms
2026-08-10T11:50:38.576-06:00  INFO 2652 --- [discovery-service] [a-EvictionTimer] c.n.e.registry.AbstractInstanceRegistry  : Running the evict task with compensationTime 0ms
2026-08-10T11:50:43.579-06:00  INFO 2652 --- [discovery-service] [a-EvictionTimer] c.n.e.registry.AbstractInstanceRegistry  : Running the evict task with compensationTime 2ms
2026-08-10T11:50:48.580-06:00  INFO 2652 --- [discovery-service] [a-EvictionTimer] c.n.e.registry.AbstractInstanceRegistry  : Running the evict task with compensationTime 1ms
2026-08-10T11:50:53.582-06:00  INFO 2652 --- [discovery-service] [a-EvictionTimer] c.n.e.registry.AbstractInstanceRegistry  : Running the evict task with compensationTime 1ms
2026-08-10T11:50:58.582-06:00  INFO 2652 --- [discovery-service] [a-EvictionTimer] c.n.e.registry.AbstractInstanceRegistry  : Running the evict task with compensationTime 0ms
2026-08-10T11:51:03.583-06:00  INFO 2652 --- [discovery-service] [a-EvictionTimer] c.n.e.registry.AbstractInstanceRegistry  : Running the evict task with compensationTime 0ms
2026-08-10T11:51:08.584-06:00  INFO 2652 --- [discovery-service] [a-EvictionTimer] c.n.e.registry.AbstractInstanceRegistry  : Running the evict task with compensationTime 1ms
2026-08-10T11:51:13.584-06:00  INFO 2652 --- [discovery-service] [a-EvictionTimer] c.n.e.registry.AbstractInstanceRegistry  : Running the evict task with compensationTime 0ms
2026-08-10T11:51:18.584-06:00  INFO 2652 --- [discovery-service] [a-EvictionTimer] c.n.e.registry.AbstractInstanceRegistry  : Running the evict task with compensationTime 0ms
2026-08-10T11:51:23.585-06:00  INFO 2652 --- [discovery-service] [a-EvictionTimer] c.n.e.registry.AbstractInstanceRegistry  : Running the evict task with compensationTime 0ms
2026-08-10T11:51:28.587-06:00  INFO 2652 --- [discovery-service] [a-EvictionTimer] c.n.e.registry.AbstractInstanceRegistry  : Running the evict task with compensationTime 1ms
2026-08-10T11:51:33.587-06:00  INFO 2652 --- [discovery-service] [a-EvictionTimer] c.n.e.registry.AbstractInstanceRegistry  : Running the evict task with compensationTime 0ms
2026-08-10T11:51:38.588-06:00  INFO 2652 --- [discovery-service] [a-EvictionTimer] c.n.e.registry.AbstractInstanceRegistry  : Running the evict task with compensationTime 0ms
2026-08-10T11:51:43.588-06:00  INFO 2652 --- [discovery-service] [a-EvictionTimer] c.n.e.registry.AbstractInstanceRegistry  : Running the evict task with compensationTime 0ms
2026-08-10T11:51:48.588-06:00  INFO 2652 --- [discovery-service] [a-EvictionTimer] c.n.e.registry.AbstractInstanceRegistry  : Running the evict task with compensationTime 0ms
2026-08-10T11:51:53.589-06:00  INFO 2652 --- [discovery-service] [a-EvictionTimer] c.n.e.registry.AbstractInstanceRegistry  : Running the evict task with compensationTime 1ms
2026-08-10T11:51:58.590-06:00  INFO 2652 --- [discovery-service] [a-EvictionTimer] c.n.e.registry.AbstractInstanceRegistry  : Running the evict task with compensationTime 0ms
2026-08-10T11:52:03.591-06:00  INFO 2652 --- [discovery-service] [a-EvictionTimer] c.n.e.registry.AbstractInstanceRegistry  : Running the evict task with compensationTime 1ms
2026-08-10T11:52:08.592-06:00  INFO 2652 --- [discovery-service] [a-EvictionTimer] c.n.e.registry.AbstractInstanceRegistry  : Running the evict task with compensationTime 0ms
2026-08-10T11:52:13.592-06:00  INFO 2652 --- [discovery-service] [a-EvictionTimer] c.n.e.registry.AbstractInstanceRegistry  : Running the evict task with compensationTime 0ms
2026-08-10T11:52:18.592-06:00  INFO 2652 --- [discovery-service] [a-EvictionTimer] c.n.e.registry.AbstractInstanceRegistry  : Running the evict task with compensationTime 0ms
2026-08-10T11:52:23.593-06:00  INFO 2652 --- [discovery-service] [a-EvictionTimer] c.n.e.registry.AbstractInstanceRegistry  : Running the evict task with compensationTime 0ms
2026-08-10T11:52:28.593-06:00  INFO 2652 --- [discovery-service] [a-EvictionTimer] c.n.e.registry.AbstractInstanceRegistry  : Running the evict task with compensationTime 0ms
2026-08-10T11:52:33.594-06:00  INFO 2652 --- [discovery-service] [a-EvictionTimer] c.n.e.registry.AbstractInstanceRegistry  : Running the evict task with compensationTime 0ms
2026-08-10T11:52:38.594-06:00  INFO 2652 --- [discovery-service] [a-EvictionTimer] c.n.e.registry.AbstractInstanceRegistry  : Running the evict task with compensationTime 0ms
2026-08-10T11:52:43.595-06:00  INFO 2652 --- [discovery-service] [a-EvictionTimer] c.n.e.registry.AbstractInstanceRegistry  : Running the evict task with compensationTime 1ms
2026-08-10T11:52:48.597-06:00  INFO 2652 --- [discovery-service] [a-EvictionTimer] c.n.e.registry.AbstractInstanceRegistry  : Running the evict task with compensationTime 1ms
2026-08-10T11:52:53.597-06:00  INFO 2652 --- [discovery-service] [a-EvictionTimer] c.n.e.registry.AbstractInstanceRegistry  : Running the evict task with compensationTime 0ms
2026-08-10T11:52:58.597-06:00  INFO 2652 --- [discovery-service] [a-EvictionTimer] c.n.e.registry.AbstractInstanceRegistry  : Running the evict task with compensationTime 0ms
2026-08-10T11:53:00.455-06:00  WARN 2652 --- [discovery-service] [eerNodesUpdater] c.n.eureka.cluster.PeerEurekaNodes       : The replica size seems to be empty. Check the route 53 DNS Registry
2026-08-10T11:53:03.600-06:00  INFO 2652 --- [discovery-service] [a-EvictionTimer] c.n.e.registry.AbstractInstanceRegistry  : Running the evict task with compensationTime 2ms
2026-08-10T11:53:08.601-06:00  INFO 2652 --- [discovery-service] [a-EvictionTimer] c.n.e.registry.AbstractInstanceRegistry  : Running the evict task with compensationTime 1ms
2026-08-10T11:53:13.601-06:00  INFO 2652 --- [discovery-service] [a-EvictionTimer] c.n.e.registry.AbstractInstanceRegistry  : Running the evict task with compensationTime 0ms
2026-08-10T11:53:18.602-06:00  INFO 2652 --- [discovery-service] [a-EvictionTimer] c.n.e.registry.AbstractInstanceRegistry  : Running the evict task with compensationTime 0ms
2026-08-10T11:53:23.602-06:00  INFO 2652 --- [discovery-service] [a-EvictionTimer] c.n.e.registry.AbstractInstanceRegistry  : Running the evict task with compensationTime 0ms
2026-08-10T11:53:28.603-06:00  INFO 2652 --- [discovery-service] [a-EvictionTimer] c.n.e.registry.AbstractInstanceRegistry  : Running the evict task with compensationTime 0ms
2026-08-10T11:53:33.603-06:00  INFO 2652 --- [discovery-service] [a-EvictionTimer] c.n.e.registry.AbstractInstanceRegistry  : Running the evict task with compensationTime 0ms
2026-08-10T11:53:38.603-06:00  INFO 2652 --- [discovery-service] [a-EvictionTimer] c.n.e.registry.AbstractInstanceRegistry  : Running the evict task with compensationTime 0ms
2026-08-10T11:53:43.604-06:00  INFO 2652 --- [discovery-service] [a-EvictionTimer] c.n.e.registry.AbstractInstanceRegistry  : Running the evict task with compensationTime 0ms
2026-08-10T11:53:48.604-06:00  INFO 2652 --- [discovery-service] [a-EvictionTimer] c.n.e.registry.AbstractInstanceRegistry  : Running the evict task with compensationTime 0ms
2026-08-10T11:53:53.604-06:00  INFO 2652 --- [discovery-service] [a-EvictionTimer] c.n.e.registry.AbstractInstanceRegistry  : Running the evict task with compensationTime 0ms
2026-08-10T11:53:58.604-06:00  INFO 2652 --- [discovery-service] [a-EvictionTimer] c.n.e.registry.AbstractInstanceRegistry  : Running the evict task with compensationTime 0ms
2026-08-10T11:54:03.605-06:00  INFO 2652 --- [discovery-service] [a-EvictionTimer] c.n.e.registry.AbstractInstanceRegistry  : Running the evict task with compensationTime 0ms
2026-08-10T11:54:08.606-06:00  INFO 2652 --- [discovery-service] [a-EvictionTimer] c.n.e.registry.AbstractInstanceRegistry  : Running the evict task with compensationTime 0ms
2026-08-10T11:54:13.607-06:00  INFO 2652 --- [discovery-service] [a-EvictionTimer] c.n.e.registry.AbstractInstanceRegistry  : Running the evict task with compensationTime 1ms
2026-08-10T11:54:18.607-06:00  INFO 2652 --- [discovery-service] [a-EvictionTimer] c.n.e.registry.AbstractInstanceRegistry  : Running the evict task with compensationTime 0ms
2026-08-10T11:54:23.608-06:00  INFO 2652 --- [discovery-service] [a-EvictionTimer] c.n.e.registry.AbstractInstanceRegistry  : Running the evict task with compensationTime 0ms
2026-08-10T11:54:28.624-06:00  INFO 2652 --- [discovery-service] [a-EvictionTimer] c.n.e.registry.AbstractInstanceRegistry  : Running the evict task with compensationTime 16ms
2026-08-10T11:54:33.636-06:00  INFO 2652 --- [discovery-service] [a-EvictionTimer] c.n.e.registry.AbstractInstanceRegistry  : Running the evict task with compensationTime 12ms
2026-08-10T11:54:38.645-06:00  INFO 2652 --- [discovery-service] [a-EvictionTimer] c.n.e.registry.AbstractInstanceRegistry  : Running the evict task with compensationTime 8ms
2026-08-10T11:54:43.655-06:00  INFO 2652 --- [discovery-service] [a-EvictionTimer] c.n.e.registry.AbstractInstanceRegistry  : Running the evict task with compensationTime 10ms
2026-08-10T11:54:48.665-06:00  INFO 2652 --- [discovery-service] [a-EvictionTimer] c.n.e.registry.AbstractInstanceRegistry  : Running the evict task with compensationTime 8ms
2026-08-10T11:54:53.675-06:00  INFO 2652 --- [discovery-service] [a-EvictionTimer] c.n.e.registry.AbstractInstanceRegistry  : Running the evict task with compensationTime 10ms
2026-08-10T11:54:58.680-06:00  INFO 2652 --- [discovery-service] [a-EvictionTimer] c.n.e.registry.AbstractInstanceRegistry  : Running the evict task with compensationTime 5ms
2026-08-10T11:55:03.689-06:00  INFO 2652 --- [discovery-service] [a-EvictionTimer] c.n.e.registry.AbstractInstanceRegistry  : Running the evict task with compensationTime 8ms
2026-08-10T11:55:08.701-06:00  INFO 2652 --- [discovery-service] [a-EvictionTimer] c.n.e.registry.AbstractInstanceRegistry  : Running the evict task with compensationTime 11ms
2026-08-10T11:55:13.709-06:00  INFO 2652 --- [discovery-service] [a-EvictionTimer] c.n.e.registry.AbstractInstanceRegistry  : Running the evict task with compensationTime 7ms
2026-08-10T11:55:18.712-06:00  INFO 2652 --- [discovery-service] [a-EvictionTimer] c.n.e.registry.AbstractInstanceRegistry  : Running the evict task with compensationTime 3ms
2026-08-10T11:55:23.721-06:00  INFO 2652 --- [discovery-service] [a-EvictionTimer] c.n.e.registry.AbstractInstanceRegistry  : Running the evict task with compensationTime 9ms
2026-08-10T11:55:28.726-06:00  INFO 2652 --- [discovery-service] [a-EvictionTimer] c.n.e.registry.AbstractInstanceRegistry  : Running the evict task with compensationTime 4ms
2026-08-10T11:55:33.727-06:00  INFO 2652 --- [discovery-service] [a-EvictionTimer] c.n.e.registry.AbstractInstanceRegistry  : Running the evict task with compensationTime 0ms
2026-08-10T11:55:38.734-06:00  INFO 2652 --- [discovery-service] [a-EvictionTimer] c.n.e.registry.AbstractInstanceRegistry  : Running the evict task with compensationTime 6ms
2026-08-10T11:55:43.743-06:00  INFO 2652 --- [discovery-service] [a-EvictionTimer] c.n.e.registry.AbstractInstanceRegistry  : Running the evict task with compensationTime 9ms
2026-08-10T11:55:48.748-06:00  INFO 2652 --- [discovery-service] [a-EvictionTimer] c.n.e.registry.AbstractInstanceRegistry  : Running the evict task with compensationTime 4ms
2026-08-10T11:55:53.754-06:00  INFO 2652 --- [discovery-service] [a-EvictionTimer] c.n.e.registry.AbstractInstanceRegistry  : Running the evict task with compensationTime 6ms
2026-08-10T11:55:58.762-06:00  INFO 2652 --- [discovery-service] [a-EvictionTimer] c.n.e.registry.AbstractInstanceRegistry  : Running the evict task with compensationTime 7ms
2026-08-10T11:56:03.763-06:00  INFO 2652 --- [discovery-service] [a-EvictionTimer] c.n.e.registry.AbstractInstanceRegistry  : Running the evict task with compensationTime 0ms
2026-08-10T11:56:08.768-06:00  INFO 2652 --- [discovery-service] [a-EvictionTimer] c.n.e.registry.AbstractInstanceRegistry  : Running the evict task with compensationTime 5ms
2026-08-10T11:56:13.768-06:00  INFO 2652 --- [discovery-service] [a-EvictionTimer] c.n.e.registry.AbstractInstanceRegistry  : Running the evict task with compensationTime 0ms
2026-08-10T11:56:18.782-06:00  INFO 2652 --- [discovery-service] [a-EvictionTimer] c.n.e.registry.AbstractInstanceRegistry  : Running the evict task with compensationTime 14ms
2026-08-10T11:56:23.789-06:00  INFO 2652 --- [discovery-service] [a-EvictionTimer] c.n.e.registry.AbstractInstanceRegistry  : Running the evict task with compensationTime 7ms
2026-08-10T11:56:28.792-06:00  INFO 2652 --- [discovery-service] [a-EvictionTimer] c.n.e.registry.AbstractInstanceRegistry  : Running the evict task with compensationTime 2ms
2026-08-10T11:56:33.802-06:00  INFO 2652 --- [discovery-service] [a-EvictionTimer] c.n.e.registry.AbstractInstanceRegistry  : Running the evict task with compensationTime 10ms
2026-08-10T11:56:38.816-06:00  INFO 2652 --- [discovery-service] [a-EvictionTimer] c.n.e.registry.AbstractInstanceRegistry  : Running the evict task with compensationTime 13ms
2026-08-10T11:56:43.820-06:00  INFO 2652 --- [discovery-service] [a-EvictionTimer] c.n.e.registry.AbstractInstanceRegistry  : Running the evict task with compensationTime 4ms
2026-08-10T11:56:48.826-06:00  INFO 2652 --- [discovery-service] [a-EvictionTimer] c.n.e.registry.AbstractInstanceRegistry  : Running the evict task with compensationTime 5ms
2026-08-10T11:56:53.831-06:00  INFO 2652 --- [discovery-service] [a-EvictionTimer] c.n.e.registry.AbstractInstanceRegistry  : Running the evict task with compensationTime 5ms
2026-08-10T11:56:58.835-06:00  INFO 2652 --- [discovery-service] [a-EvictionTimer] c.n.e.registry.AbstractInstanceRegistry  : Running the evict task with compensationTime 3ms
2026-08-10T11:57:03.839-06:00  INFO 2652 --- [discovery-service] [a-EvictionTimer] c.n.e.registry.AbstractInstanceRegistry  : Running the evict task with compensationTime 3ms
2026-08-10T11:57:08.852-06:00  INFO 2652 --- [discovery-service] [a-EvictionTimer] c.n.e.registry.AbstractInstanceRegistry  : Running the evict task with compensationTime 12ms
2026-08-10T11:57:13.867-06:00  INFO 2652 --- [discovery-service] [a-EvictionTimer] c.n.e.registry.AbstractInstanceRegistry  : Running the evict task with compensationTime 15ms
2026-08-10T11:57:18.873-06:00  INFO 2652 --- [discovery-service] [a-EvictionTimer] c.n.e.registry.AbstractInstanceRegistry  : Running the evict task with compensationTime 6ms
2026-08-10T11:57:23.875-06:00  INFO 2652 --- [discovery-service] [a-EvictionTimer] c.n.e.registry.AbstractInstanceRegistry  : Running the evict task with compensationTime 1ms
2026-08-10T11:57:28.881-06:00  INFO 2652 --- [discovery-service] [a-EvictionTimer] c.n.e.registry.AbstractInstanceRegistry  : Running the evict task with compensationTime 6ms
2026-08-10T11:57:33.883-06:00  INFO 2652 --- [discovery-service] [a-EvictionTimer] c.n.e.registry.AbstractInstanceRegistry  : Running the evict task with compensationTime 2ms
2026-08-10T11:57:38.891-06:00  INFO 2652 --- [discovery-service] [a-EvictionTimer] c.n.e.registry.AbstractInstanceRegistry  : Running the evict task with compensationTime 8ms
2026-08-10T11:57:43.892-06:00  INFO 2652 --- [discovery-service] [a-EvictionTimer] c.n.e.registry.AbstractInstanceRegistry  : Running the evict task with compensationTime 0ms
2026-08-10T11:57:48.897-06:00  INFO 2652 --- [discovery-service] [a-EvictionTimer] c.n.e.registry.AbstractInstanceRegistry  : Running the evict task with compensationTime 4ms
2026-08-10T11:57:53.907-06:00  INFO 2652 --- [discovery-service] [a-EvictionTimer] c.n.e.registry.AbstractInstanceRegistry  : Running the evict task with compensationTime 9ms
2026-08-10T11:57:58.908-06:00  INFO 2652 --- [discovery-service] [a-EvictionTimer] c.n.e.registry.AbstractInstanceRegistry  : Running the evict task with compensationTime 1ms
2026-08-10T11:58:00.017-06:00  INFO 2652 --- [discovery-service] [hresholdUpdater] c.n.e.r.PeerAwareInstanceRegistryImpl    : Current renewal threshold is : 10
2026-08-10T11:58:03.920-06:00  INFO 2652 --- [discovery-service] [a-EvictionTimer] c.n.e.registry.AbstractInstanceRegistry  : Running the evict task with compensationTime 11ms
2026-08-10T11:58:08.922-06:00  INFO 2652 --- [discovery-service] [a-EvictionTimer] c.n.e.registry.AbstractInstanceRegistry  : Running the evict task with compensationTime 2ms
2026-08-10T11:58:13.932-06:00  INFO 2652 --- [discovery-service] [a-EvictionTimer] c.n.e.registry.AbstractInstanceRegistry  : Running the evict task with compensationTime 9ms
2026-08-10T11:58:18.946-06:00  INFO 2652 --- [discovery-service] [a-EvictionTimer] c.n.e.registry.AbstractInstanceRegistry  : Running the evict task with compensationTime 13ms
2026-08-10T11:58:23.960-06:00  INFO 2652 --- [discovery-service] [a-EvictionTimer] c.n.e.registry.AbstractInstanceRegistry  : Running the evict task with compensationTime 14ms
2026-08-10T11:58:28.969-06:00  INFO 2652 --- [discovery-service] [a-EvictionTimer] c.n.e.registry.AbstractInstanceRegistry  : Running the evict task with compensationTime 9ms
2026-08-10T11:58:33.978-06:00  INFO 2652 --- [discovery-service] [a-EvictionTimer] c.n.e.registry.AbstractInstanceRegistry  : Running the evict task with compensationTime 9ms
2026-08-10T11:58:38.985-06:00  INFO 2652 --- [discovery-service] [a-EvictionTimer] c.n.e.registry.AbstractInstanceRegistry  : Running the evict task with compensationTime 6ms
2026-08-10T11:58:43.988-06:00  INFO 2652 --- [discovery-service] [a-EvictionTimer] c.n.e.registry.AbstractInstanceRegistry  : Running the evict task with compensationTime 3ms
2026-08-10T11:58:48.995-06:00  INFO 2652 --- [discovery-service] [a-EvictionTimer] c.n.e.registry.AbstractInstanceRegistry  : Running the evict task with compensationTime 6ms
2026-08-10T11:58:53.998-06:00  INFO 2652 --- [discovery-service] [a-EvictionTimer] c.n.e.registry.AbstractInstanceRegistry  : Running the evict task with compensationTime 2ms
2026-08-10T11:58:59.012-06:00  INFO 2652 --- [discovery-service] [a-EvictionTimer] c.n.e.registry.AbstractInstanceRegistry  : Running the evict task with compensationTime 13ms
2026-08-10T11:59:04.013-06:00  INFO 2652 --- [discovery-service] [a-EvictionTimer] c.n.e.registry.AbstractInstanceRegistry  : Running the evict task with compensationTime 1ms
2026-08-10T11:59:09.018-06:00  INFO 2652 --- [discovery-service] [a-EvictionTimer] c.n.e.registry.AbstractInstanceRegistry  : Running the evict task with compensationTime 3ms
2026-08-10T11:59:14.030-06:00  INFO 2652 --- [discovery-service] [a-EvictionTimer] c.n.e.registry.AbstractInstanceRegistry  : Running the evict task with compensationTime 12ms
2026-08-10T11:59:19.038-06:00  INFO 2652 --- [discovery-service] [a-EvictionTimer] c.n.e.registry.AbstractInstanceRegistry  : Running the evict task with compensationTime 7ms
2026-08-10T11:59:24.050-06:00  INFO 2652 --- [discovery-service] [a-EvictionTimer] c.n.e.registry.AbstractInstanceRegistry  : Running the evict task with compensationTime 12ms
2026-08-10T11:59:29.063-06:00  INFO 2652 --- [discovery-service] [a-EvictionTimer] c.n.e.registry.AbstractInstanceRegistry  : Running the evict task with compensationTime 13ms
2026-08-10T11:59:34.070-06:00  INFO 2652 --- [discovery-service] [a-EvictionTimer] c.n.e.registry.AbstractInstanceRegistry  : Running the evict task with compensationTime 6ms
2026-08-10T11:59:39.079-06:00  INFO 2652 --- [discovery-service] [a-EvictionTimer] c.n.e.registry.AbstractInstanceRegistry  : Running the evict task with compensationTime 9ms
2026-08-10T11:59:44.092-06:00  INFO 2652 --- [discovery-service] [a-EvictionTimer] c.n.e.registry.AbstractInstanceRegistry  : Running the evict task with compensationTime 13ms
2026-08-10T11:59:49.094-06:00  INFO 2652 --- [discovery-service] [a-EvictionTimer] c.n.e.registry.AbstractInstanceRegistry  : Running the evict task with compensationTime 2ms
2026-08-10T11:59:54.105-06:00  INFO 2652 --- [discovery-service] [a-EvictionTimer] c.n.e.registry.AbstractInstanceRegistry  : Running the evict task with compensationTime 10ms
2026-08-10T11:59:59.117-06:00  INFO 2652 --- [discovery-service] [a-EvictionTimer] c.n.e.registry.AbstractInstanceRegistry  : Running the evict task with compensationTime 11ms
2026-08-10T12:00:04.126-06:00  INFO 2652 --- [discovery-service] [a-EvictionTimer] c.n.e.registry.AbstractInstanceRegistry  : Running the evict task with compensationTime 9ms
2026-08-10T12:00:09.140-06:00  INFO 2652 --- [discovery-service] [a-EvictionTimer] c.n.e.registry.AbstractInstanceRegistry  : Running the evict task with compensationTime 14ms
2026-08-10T12:00:14.144-06:00  INFO 2652 --- [discovery-service] [a-EvictionTimer] c.n.e.registry.AbstractInstanceRegistry  : Running the evict task with compensationTime 3ms
2026-08-10T12:00:19.151-06:00  INFO 2652 --- [discovery-service] [a-EvictionTimer] c.n.e.registry.AbstractInstanceRegistry  : Running the evict task with compensationTime 7ms
2026-08-10T12:00:24.159-06:00  INFO 2652 --- [discovery-service] [a-EvictionTimer] c.n.e.registry.AbstractInstanceRegistry  : Running the evict task with compensationTime 8ms
2026-08-10T12:00:29.160-06:00  INFO 2652 --- [discovery-service] [a-EvictionTimer] c.n.e.registry.AbstractInstanceRegistry  : Running the evict task with compensationTime 1ms
2026-08-10T12:00:34.176-06:00  INFO 2652 --- [discovery-service] [a-EvictionTimer] c.n.e.registry.AbstractInstanceRegistry  : Running the evict task with compensationTime 16ms
2026-08-10T12:00:39.188-06:00  INFO 2652 --- [discovery-service] [a-EvictionTimer] c.n.e.registry.AbstractInstanceRegistry  : Running the evict task with compensationTime 10ms
2026-08-10T12:00:44.195-06:00  INFO 2652 --- [discovery-service] [a-EvictionTimer] c.n.e.registry.AbstractInstanceRegistry  : Running the evict task with compensationTime 7ms
2026-08-10T12:00:49.210-06:00  INFO 2652 --- [discovery-service] [a-EvictionTimer] c.n.e.registry.AbstractInstanceRegistry  : Running the evict task with compensationTime 15ms
2026-08-10T12:00:54.216-06:00  INFO 2652 --- [discovery-service] [a-EvictionTimer] c.n.e.registry.AbstractInstanceRegistry  : Running the evict task with compensationTime 6ms
2026-08-10T12:00:59.226-06:00  INFO 2652 --- [discovery-service] [a-EvictionTimer] c.n.e.registry.AbstractInstanceRegistry  : Running the evict task with compensationTime 9ms
2026-08-10T12:01:04.226-06:00  INFO 2652 --- [discovery-service] [a-EvictionTimer] c.n.e.registry.AbstractInstanceRegistry  : Running the evict task with compensationTime 0ms
2026-08-10T12:01:09.237-06:00  INFO 2652 --- [discovery-service] [a-EvictionTimer] c.n.e.registry.AbstractInstanceRegistry  : Running the evict task with compensationTime 11ms
2026-08-10T12:01:14.245-06:00  INFO 2652 --- [discovery-service] [a-EvictionTimer] c.n.e.registry.AbstractInstanceRegistry  : Running the evict task with compensationTime 7ms
2026-08-10T12:01:19.260-06:00  INFO 2652 --- [discovery-service] [a-EvictionTimer] c.n.e.registry.AbstractInstanceRegistry  : Running the evict task with compensationTime 15ms
2026-08-10T12:01:24.264-06:00  INFO 2652 --- [discovery-service] [a-EvictionTimer] c.n.e.registry.AbstractInstanceRegistry  : Running the evict task with compensationTime 3ms
2026-08-10T12:01:29.272-06:00  INFO 2652 --- [discovery-service] [a-EvictionTimer] c.n.e.registry.AbstractInstanceRegistry  : Running the evict task with compensationTime 8ms
2026-08-10T12:01:34.280-06:00  INFO 2652 --- [discovery-service] [a-EvictionTimer] c.n.e.registry.AbstractInstanceRegistry  : Running the evict task with compensationTime 7ms
2026-08-10T12:01:39.295-06:00  INFO 2652 --- [discovery-service] [a-EvictionTimer] c.n.e.registry.AbstractInstanceRegistry  : Running the evict task with compensationTime 14ms
2026-08-10T12:01:44.308-06:00  INFO 2652 --- [discovery-service] [a-EvictionTimer] c.n.e.registry.AbstractInstanceRegistry  : Running the evict task with compensationTime 13ms
2026-08-10T12:01:49.311-06:00  INFO 2652 --- [discovery-service] [a-EvictionTimer] c.n.e.registry.AbstractInstanceRegistry  : Running the evict task with compensationTime 3ms
2026-08-10T12:01:54.318-06:00  INFO 2652 --- [discovery-service] [a-EvictionTimer] c.n.e.registry.AbstractInstanceRegistry  : Running the evict task with compensationTime 6ms
2026-08-10T12:01:59.330-06:00  INFO 2652 --- [discovery-service] [a-EvictionTimer] c.n.e.registry.AbstractInstanceRegistry  : Running the evict task with compensationTime 11ms
2026-08-10T12:02:04.338-06:00  INFO 2652 --- [discovery-service] [a-EvictionTimer] c.n.e.registry.AbstractInstanceRegistry  : Running the evict task with compensationTime 7ms
2026-08-10T12:02:09.344-06:00  INFO 2652 --- [discovery-service] [a-EvictionTimer] c.n.e.registry.AbstractInstanceRegistry  : Running the evict task with compensationTime 7ms
2026-08-10T12:02:14.352-06:00  INFO 2652 --- [discovery-service] [a-EvictionTimer] c.n.e.registry.AbstractInstanceRegistry  : Running the evict task with compensationTime 7ms
2026-08-10T12:02:19.353-06:00  INFO 2652 --- [discovery-service] [a-EvictionTimer] c.n.e.registry.AbstractInstanceRegistry  : Running the evict task with compensationTime 0ms
2026-08-10T12:02:24.366-06:00  INFO 2652 --- [discovery-service] [a-EvictionTimer] c.n.e.registry.AbstractInstanceRegistry  : Running the evict task with compensationTime 12ms
2026-08-10T12:02:29.371-06:00  INFO 2652 --- [discovery-service] [a-EvictionTimer] c.n.e.registry.AbstractInstanceRegistry  : Running the evict task with compensationTime 5ms
2026-08-10T12:02:34.384-06:00  INFO 2652 --- [discovery-service] [a-EvictionTimer] c.n.e.registry.AbstractInstanceRegistry  : Running the evict task with compensationTime 12ms
2026-08-10T12:02:39.389-06:00  INFO 2652 --- [discovery-service] [a-EvictionTimer] c.n.e.registry.AbstractInstanceRegistry  : Running the evict task with compensationTime 4ms
2026-08-10T12:02:44.401-06:00  INFO 2652 --- [discovery-service] [a-EvictionTimer] c.n.e.registry.AbstractInstanceRegistry  : Running the evict task with compensationTime 13ms
2026-08-10T12:02:49.404-06:00  INFO 2652 --- [discovery-service] [a-EvictionTimer] c.n.e.registry.AbstractInstanceRegistry  : Running the evict task with compensationTime 2ms
2026-08-10T12:02:54.407-06:00  INFO 2652 --- [discovery-service] [a-EvictionTimer] c.n.e.registry.AbstractInstanceRegistry  : Running the evict task with compensationTime 3ms
2026-08-10T12:02:59.412-06:00  INFO 2652 --- [discovery-service] [a-EvictionTimer] c.n.e.registry.AbstractInstanceRegistry  : Running the evict task with compensationTime 5ms
2026-08-10T12:03:00.456-06:00  WARN 2652 --- [discovery-service] [eerNodesUpdater] c.n.eureka.cluster.PeerEurekaNodes       : The replica size seems to be empty. Check the route 53 DNS Registry
2026-08-10T12:03:04.424-06:00  INFO 2652 --- [discovery-service] [a-EvictionTimer] c.n.e.registry.AbstractInstanceRegistry  : Running the evict task with compensationTime 11ms
2026-08-10T12:03:09.439-06:00  INFO 2652 --- [discovery-service] [a-EvictionTimer] c.n.e.registry.AbstractInstanceRegistry  : Running the evict task with compensationTime 14ms
2026-08-10T12:03:14.454-06:00  INFO 2652 --- [discovery-service] [a-EvictionTimer] c.n.e.registry.AbstractInstanceRegistry  : Running the evict task with compensationTime 15ms
2026-08-10T12:03:19.465-06:00  INFO 2652 --- [discovery-service] [a-EvictionTimer] c.n.e.registry.AbstractInstanceRegistry  : Running the evict task with compensationTime 10ms
2026-08-10T12:03:24.479-06:00  INFO 2652 --- [discovery-service] [a-EvictionTimer] c.n.e.registry.AbstractInstanceRegistry  : Running the evict task with compensationTime 13ms
2026-08-10T12:03:29.479-06:00  INFO 2652 --- [discovery-service] [a-EvictionTimer] c.n.e.registry.AbstractInstanceRegistry  : Running the evict task with compensationTime 0ms
2026-08-10T12:03:34.480-06:00  INFO 2652 --- [discovery-service] [a-EvictionTimer] c.n.e.registry.AbstractInstanceRegistry  : Running the evict task with compensationTime 0ms
2026-08-10T12:03:39.481-06:00  INFO 2652 --- [discovery-service] [a-EvictionTimer] c.n.e.registry.AbstractInstanceRegistry  : Running the evict task with compensationTime 0ms
2026-08-10T12:03:44.482-06:00  INFO 2652 --- [discovery-service] [a-EvictionTimer] c.n.e.registry.AbstractInstanceRegistry  : Running the evict task with compensationTime 0ms
2026-08-10T12:03:49.482-06:00  INFO 2652 --- [discovery-service] [a-EvictionTimer] c.n.e.registry.AbstractInstanceRegistry  : Running the evict task with compensationTime 0ms
2026-08-10T12:03:54.483-06:00  INFO 2652 --- [discovery-service] [a-EvictionTimer] c.n.e.registry.AbstractInstanceRegistry  : Running the evict task with compensationTime 0ms
2026-08-10T12:03:59.483-06:00  INFO 2652 --- [discovery-service] [a-EvictionTimer] c.n.e.registry.AbstractInstanceRegistry  : Running the evict task with compensationTime 0ms
2026-08-10T12:04:04.495-06:00  INFO 2652 --- [discovery-service] [a-EvictionTimer] c.n.e.registry.AbstractInstanceRegistry  : Running the evict task with compensationTime 12ms
2026-08-10T12:04:09.508-06:00  INFO 2652 --- [discovery-service] [a-EvictionTimer] c.n.e.registry.AbstractInstanceRegistry  : Running the evict task with compensationTime 12ms
2026-08-10T12:04:14.510-06:00  INFO 2652 --- [discovery-service] [a-EvictionTimer] c.n.e.registry.AbstractInstanceRegistry  : Running the evict task with compensationTime 2ms
2026-08-10T12:04:19.523-06:00  INFO 2652 --- [discovery-service] [a-EvictionTimer] c.n.e.registry.AbstractInstanceRegistry  : Running the evict task with compensationTime 12ms
2026-08-10T12:04:24.526-06:00  INFO 2652 --- [discovery-service] [a-EvictionTimer] c.n.e.registry.AbstractInstanceRegistry  : Running the evict task with compensationTime 3ms
2026-08-10T12:04:29.537-06:00  INFO 2652 --- [discovery-service] [a-EvictionTimer] c.n.e.registry.AbstractInstanceRegistry  : Running the evict task with compensationTime 10ms
2026-08-10T12:04:34.549-06:00  INFO 2652 --- [discovery-service] [a-EvictionTimer] c.n.e.registry.AbstractInstanceRegistry  : Running the evict task with compensationTime 12ms
2026-08-10T12:04:39.551-06:00  INFO 2652 --- [discovery-service] [a-EvictionTimer] c.n.e.registry.AbstractInstanceRegistry  : Running the evict task with compensationTime 2ms
2026-08-10T12:04:44.553-06:00  INFO 2652 --- [discovery-service] [a-EvictionTimer] c.n.e.registry.AbstractInstanceRegistry  : Running the evict task with compensationTime 2ms
2026-08-10T12:04:49.556-06:00  INFO 2652 --- [discovery-service] [a-EvictionTimer] c.n.e.registry.AbstractInstanceRegistry  : Running the evict task with compensationTime 3ms
2026-08-10T12:04:54.558-06:00  INFO 2652 --- [discovery-service] [a-EvictionTimer] c.n.e.registry.AbstractInstanceRegistry  : Running the evict task with compensationTime 1ms
2026-08-10T12:04:59.558-06:00  INFO 2652 --- [discovery-service] [a-EvictionTimer] c.n.e.registry.AbstractInstanceRegistry  : Running the evict task with compensationTime 0ms
2026-08-10T12:05:04.563-06:00  INFO 2652 --- [discovery-service] [a-EvictionTimer] c.n.e.registry.AbstractInstanceRegistry  : Running the evict task with compensationTime 5ms
2026-08-10T12:05:09.564-06:00  INFO 2652 --- [discovery-service] [a-EvictionTimer] c.n.e.registry.AbstractInstanceRegistry  : Running the evict task with compensationTime 0ms
2026-08-10T12:05:14.564-06:00  INFO 2652 --- [discovery-service] [a-EvictionTimer] c.n.e.registry.AbstractInstanceRegistry  : Running the evict task with compensationTime 0ms
2026-08-10T12:05:19.565-06:00  INFO 2652 --- [discovery-service] [a-EvictionTimer] c.n.e.registry.AbstractInstanceRegistry  : Running the evict task with compensationTime 1ms
2026-08-10T12:05:24.566-06:00  INFO 2652 --- [discovery-service] [a-EvictionTimer] c.n.e.registry.AbstractInstanceRegistry  : Running the evict task with compensationTime 1ms
2026-08-10T12:05:29.566-06:00  INFO 2652 --- [discovery-service] [a-EvictionTimer] c.n.e.registry.AbstractInstanceRegistry  : Running the evict task with compensationTime 0ms
2026-08-10T12:05:34.567-06:00  INFO 2652 --- [discovery-service] [a-EvictionTimer] c.n.e.registry.AbstractInstanceRegistry  : Running the evict task with compensationTime 0ms
2026-08-10T12:05:39.568-06:00  INFO 2652 --- [discovery-service] [a-EvictionTimer] c.n.e.registry.AbstractInstanceRegistry  : Running the evict task with compensationTime 0ms
2026-08-10T12:05:44.568-06:00  INFO 2652 --- [discovery-service] [a-EvictionTimer] c.n.e.registry.AbstractInstanceRegistry  : Running the evict task with compensationTime 0ms
2026-08-10T12:05:49.569-06:00  INFO 2652 --- [discovery-service] [a-EvictionTimer] c.n.e.registry.AbstractInstanceRegistry  : Running the evict task with compensationTime 1ms
2026-08-10T12:05:54.569-06:00  INFO 2652 --- [discovery-service] [a-EvictionTimer] c.n.e.registry.AbstractInstanceRegistry  : Running the evict task with compensationTime 0ms
2026-08-10T12:05:59.569-06:00  INFO 2652 --- [discovery-service] [a-EvictionTimer] c.n.e.registry.AbstractInstanceRegistry  : Running the evict task with compensationTime 0ms
2026-08-10T12:06:04.569-06:00  INFO 2652 --- [discovery-service] [a-EvictionTimer] c.n.e.registry.AbstractInstanceRegistry  : Running the evict task with compensationTime 0ms
2026-08-10T12:06:09.570-06:00  INFO 2652 --- [discovery-service] [a-EvictionTimer] c.n.e.registry.AbstractInstanceRegistry  : Running the evict task with compensationTime 0ms
2026-08-10T12:06:14.570-06:00  INFO 2652 --- [discovery-service] [a-EvictionTimer] c.n.e.registry.AbstractInstanceRegistry  : Running the evict task with compensationTime 0ms
2026-08-10T12:06:19.571-06:00  INFO 2652 --- [discovery-service] [a-EvictionTimer] c.n.e.registry.AbstractInstanceRegistry  : Running the evict task with compensationTime 0ms
2026-08-10T12:06:24.571-06:00  INFO 2652 --- [discovery-service] [a-EvictionTimer] c.n.e.registry.AbstractInstanceRegistry  : Running the evict task with compensationTime 0ms
2026-08-10T12:06:29.573-06:00  INFO 2652 --- [discovery-service] [a-EvictionTimer] c.n.e.registry.AbstractInstanceRegistry  : Running the evict task with compensationTime 1ms
2026-08-10T12:06:34.574-06:00  INFO 2652 --- [discovery-service] [a-EvictionTimer] c.n.e.registry.AbstractInstanceRegistry  : Running the evict task with compensationTime 1ms
2026-08-10T12:06:39.575-06:00  INFO 2652 --- [discovery-service] [a-EvictionTimer] c.n.e.registry.AbstractInstanceRegistry  : Running the evict task with compensationTime 0ms
2026-08-10T12:06:44.575-06:00  INFO 2652 --- [discovery-service] [a-EvictionTimer] c.n.e.registry.AbstractInstanceRegistry  : Running the evict task with compensationTime 0ms
2026-08-10T12:06:49.575-06:00  INFO 2652 --- [discovery-service] [a-EvictionTimer] c.n.e.registry.AbstractInstanceRegistry  : Running the evict task with compensationTime 0ms
2026-08-10T12:06:54.576-06:00  INFO 2652 --- [discovery-service] [a-EvictionTimer] c.n.e.registry.AbstractInstanceRegistry  : Running the evict task with compensationTime 0ms
2026-08-10T12:06:59.576-06:00  INFO 2652 --- [discovery-service] [a-EvictionTimer] c.n.e.registry.AbstractInstanceRegistry  : Running the evict task with compensationTime 0ms
2026-08-10T12:07:04.576-06:00  INFO 2652 --- [discovery-service] [a-EvictionTimer] c.n.e.registry.AbstractInstanceRegistry  : Running the evict task with compensationTime 0ms
2026-08-10T12:07:09.576-06:00  INFO 2652 --- [discovery-service] [a-EvictionTimer] c.n.e.registry.AbstractInstanceRegistry  : Running the evict task with compensationTime 0ms
2026-08-10T12:07:14.576-06:00  INFO 2652 --- [discovery-service] [a-EvictionTimer] c.n.e.registry.AbstractInstanceRegistry  : Running the evict task with compensationTime 0ms
2026-08-10T12:07:19.577-06:00  INFO 2652 --- [discovery-service] [a-EvictionTimer] c.n.e.registry.AbstractInstanceRegistry  : Running the evict task with compensationTime 1ms
2026-08-10T12:07:24.577-06:00  INFO 2652 --- [discovery-service] [a-EvictionTimer] c.n.e.registry.AbstractInstanceRegistry  : Running the evict task with compensationTime 0ms
2026-08-10T12:07:29.577-06:00  INFO 2652 --- [discovery-service] [a-EvictionTimer] c.n.e.registry.AbstractInstanceRegistry  : Running the evict task with compensationTime 0ms
2026-08-10T12:07:34.578-06:00  INFO 2652 --- [discovery-service] [a-EvictionTimer] c.n.e.registry.AbstractInstanceRegistry  : Running the evict task with compensationTime 0ms
2026-08-10T12:07:39.578-06:00  INFO 2652 --- [discovery-service] [a-EvictionTimer] c.n.e.registry.AbstractInstanceRegistry  : Running the evict task with compensationTime 0ms
2026-08-10T12:07:44.578-06:00  INFO 2652 --- [discovery-service] [a-EvictionTimer] c.n.e.registry.AbstractInstanceRegistry  : Running the evict task with compensationTime 0ms
2026-08-10T12:07:49.579-06:00  INFO 2652 --- [discovery-service] [a-EvictionTimer] c.n.e.registry.AbstractInstanceRegistry  : Running the evict task with compensationTime 0ms
2026-08-10T12:07:54.580-06:00  INFO 2652 --- [discovery-service] [a-EvictionTimer] c.n.e.registry.AbstractInstanceRegistry  : Running the evict task with compensationTime 1ms
2026-08-10T12:07:59.580-06:00  INFO 2652 --- [discovery-service] [a-EvictionTimer] c.n.e.registry.AbstractInstanceRegistry  : Running the evict task with compensationTime 0ms
2026-08-10T12:08:04.581-06:00  INFO 2652 --- [discovery-service] [a-EvictionTimer] c.n.e.registry.AbstractInstanceRegistry  : Running the evict task with compensationTime 0ms
2026-08-10T12:08:09.591-06:00  INFO 2652 --- [discovery-service] [a-EvictionTimer] c.n.e.registry.AbstractInstanceRegistry  : Running the evict task with compensationTime 11ms
2026-08-10T12:08:14.592-06:00  INFO 2652 --- [discovery-service] [a-EvictionTimer] c.n.e.registry.AbstractInstanceRegistry  : Running the evict task with compensationTime 0ms
2026-08-10T12:08:19.604-06:00  INFO 2652 --- [discovery-service] [a-EvictionTimer] c.n.e.registry.AbstractInstanceRegistry  : Running the evict task with compensationTime 12ms
2026-08-10T12:08:24.606-06:00  INFO 2652 --- [discovery-service] [a-EvictionTimer] c.n.e.registry.AbstractInstanceRegistry  : Running the evict task with compensationTime 1ms
2026-08-10T12:08:29.606-06:00  INFO 2652 --- [discovery-service] [a-EvictionTimer] c.n.e.registry.AbstractInstanceRegistry  : Running the evict task with compensationTime 0ms
2026-08-10T12:08:34.606-06:00  INFO 2652 --- [discovery-service] [a-EvictionTimer] c.n.e.registry.AbstractInstanceRegistry  : Running the evict task with compensationTime 0ms
2026-08-10T12:08:39.607-06:00  INFO 2652 --- [discovery-service] [a-EvictionTimer] c.n.e.registry.AbstractInstanceRegistry  : Running the evict task with compensationTime 1ms
2026-08-10T12:08:44.607-06:00  INFO 2652 --- [discovery-service] [a-EvictionTimer] c.n.e.registry.AbstractInstanceRegistry  : Running the evict task with compensationTime 0ms
2026-08-10T12:08:49.608-06:00  INFO 2652 --- [discovery-service] [a-EvictionTimer] c.n.e.registry.AbstractInstanceRegistry  : Running the evict task with compensationTime 0ms
2026-08-10T12:08:54.609-06:00  INFO 2652 --- [discovery-service] [a-EvictionTimer] c.n.e.registry.AbstractInstanceRegistry  : Running the evict task with compensationTime 1ms
2026-08-10T12:08:59.610-06:00  INFO 2652 --- [discovery-service] [a-EvictionTimer] c.n.e.registry.AbstractInstanceRegistry  : Running the evict task with compensationTime 0ms
2026-08-10T12:09:04.611-06:00  INFO 2652 --- [discovery-service] [a-EvictionTimer] c.n.e.registry.AbstractInstanceRegistry  : Running the evict task with compensationTime 1ms
2026-08-10T12:09:09.611-06:00  INFO 2652 --- [discovery-service] [a-EvictionTimer] c.n.e.registry.AbstractInstanceRegistry  : Running the evict task with compensationTime 0ms
2026-08-10T12:09:14.612-06:00  INFO 2652 --- [discovery-service] [a-EvictionTimer] c.n.e.registry.AbstractInstanceRegistry  : Running the evict task with compensationTime 0ms
2026-08-10T12:09:19.612-06:00  INFO 2652 --- [discovery-service] [a-EvictionTimer] c.n.e.registry.AbstractInstanceRegistry  : Running the evict task with compensationTime 0ms
2026-08-10T12:09:24.612-06:00  INFO 2652 --- [discovery-service] [a-EvictionTimer] c.n.e.registry.AbstractInstanceRegistry  : Running the evict task with compensationTime 0ms
2026-08-10T12:09:29.612-06:00  INFO 2652 --- [discovery-service] [a-EvictionTimer] c.n.e.registry.AbstractInstanceRegistry  : Running the evict task with compensationTime 0ms
2026-08-10T12:09:34.612-06:00  INFO 2652 --- [discovery-service] [a-EvictionTimer] c.n.e.registry.AbstractInstanceRegistry  : Running the evict task with compensationTime 0ms
2026-08-10T12:09:39.613-06:00  INFO 2652 --- [discovery-service] [a-EvictionTimer] c.n.e.registry.AbstractInstanceRegistry  : Running the evict task with compensationTime 0ms
2026-08-10T12:09:44.613-06:00  INFO 2652 --- [discovery-service] [a-EvictionTimer] c.n.e.registry.AbstractInstanceRegistry  : Running the evict task with compensationTime 0ms
2026-08-10T12:09:49.614-06:00  INFO 2652 --- [discovery-service] [a-EvictionTimer] c.n.e.registry.AbstractInstanceRegistry  : Running the evict task with compensationTime 0ms
2026-08-10T12:09:54.614-06:00  INFO 2652 --- [discovery-service] [a-EvictionTimer] c.n.e.registry.AbstractInstanceRegistry  : Running the evict task with compensationTime 0ms
2026-08-10T12:09:59.614-06:00  INFO 2652 --- [discovery-service] [a-EvictionTimer] c.n.e.registry.AbstractInstanceRegistry  : Running the evict task with compensationTime 0ms
2026-08-10T12:10:04.614-06:00  INFO 2652 --- [discovery-service] [a-EvictionTimer] c.n.e.registry.AbstractInstanceRegistry  : Running the evict task with compensationTime 0ms
2026-08-10T12:10:09.614-06:00  INFO 2652 --- [discovery-service] [a-EvictionTimer] c.n.e.registry.AbstractInstanceRegistry  : Running the evict task with compensationTime 0ms
2026-08-10T12:10:14.615-06:00  INFO 2652 --- [discovery-service] [a-EvictionTimer] c.n.e.registry.AbstractInstanceRegistry  : Running the evict task with compensationTime 0ms
2026-08-10T12:10:19.616-06:00  INFO 2652 --- [discovery-service] [a-EvictionTimer] c.n.e.registry.AbstractInstanceRegistry  : Running the evict task with compensationTime 1ms
2026-08-10T12:10:24.631-06:00  INFO 2652 --- [discovery-service] [a-EvictionTimer] c.n.e.registry.AbstractInstanceRegistry  : Running the evict task with compensationTime 14ms
2026-08-10T12:10:29.637-06:00  INFO 2652 --- [discovery-service] [a-EvictionTimer] c.n.e.registry.AbstractInstanceRegistry  : Running the evict task with compensationTime 6ms
2026-08-10T12:10:34.647-06:00  INFO 2652 --- [discovery-service] [a-EvictionTimer] c.n.e.registry.AbstractInstanceRegistry  : Running the evict task with compensationTime 9ms
2026-08-10T12:10:39.661-06:00  INFO 2652 --- [discovery-service] [a-EvictionTimer] c.n.e.registry.AbstractInstanceRegistry  : Running the evict task with compensationTime 14ms
2026-08-10T12:10:44.663-06:00  INFO 2652 --- [discovery-service] [a-EvictionTimer] c.n.e.registry.AbstractInstanceRegistry  : Running the evict task with compensationTime 2ms
2026-08-10T12:10:49.663-06:00  INFO 2652 --- [discovery-service] [a-EvictionTimer] c.n.e.registry.AbstractInstanceRegistry  : Running the evict task with compensationTime 0ms
2026-08-10T12:10:54.663-06:00  INFO 2652 --- [discovery-service] [a-EvictionTimer] c.n.e.registry.AbstractInstanceRegistry  : Running the evict task with compensationTime 0ms
2026-08-10T12:10:59.663-06:00  INFO 2652 --- [discovery-service] [a-EvictionTimer] c.n.e.registry.AbstractInstanceRegistry  : Running the evict task with compensationTime 0ms
2026-08-10T12:11:04.663-06:00  INFO 2652 --- [discovery-service] [a-EvictionTimer] c.n.e.registry.AbstractInstanceRegistry  : Running the evict task with compensationTime 0ms
2026-08-10T12:11:09.663-06:00  INFO 2652 --- [discovery-service] [a-EvictionTimer] c.n.e.registry.AbstractInstanceRegistry  : Running the evict task with compensationTime 0ms
2026-08-10T12:11:14.663-06:00  INFO 2652 --- [discovery-service] [a-EvictionTimer] c.n.e.registry.AbstractInstanceRegistry  : Running the evict task with compensationTime 0ms
2026-08-10T12:11:19.663-06:00  INFO 2652 --- [discovery-service] [a-EvictionTimer] c.n.e.registry.AbstractInstanceRegistry  : Running the evict task with compensationTime 0ms
2026-08-10T12:11:24.664-06:00  INFO 2652 --- [discovery-service] [a-EvictionTimer] c.n.e.registry.AbstractInstanceRegistry  : Running the evict task with compensationTime 1ms
2026-08-10T12:11:29.664-06:00  INFO 2652 --- [discovery-service] [a-EvictionTimer] c.n.e.registry.AbstractInstanceRegistry  : Running the evict task with compensationTime 0ms
2026-08-10T12:11:34.665-06:00  INFO 2652 --- [discovery-service] [a-EvictionTimer] c.n.e.registry.AbstractInstanceRegistry  : Running the evict task with compensationTime 1ms
2026-08-10T12:11:39.665-06:00  INFO 2652 --- [discovery-service] [a-EvictionTimer] c.n.e.registry.AbstractInstanceRegistry  : Running the evict task with compensationTime 0ms
2026-08-10T12:11:44.666-06:00  INFO 2652 --- [discovery-service] [a-EvictionTimer] c.n.e.registry.AbstractInstanceRegistry  : Running the evict task with compensationTime 0ms
2026-08-10T12:11:49.667-06:00  INFO 2652 --- [discovery-service] [a-EvictionTimer] c.n.e.registry.AbstractInstanceRegistry  : Running the evict task with compensationTime 1ms
2026-08-10T12:11:54.667-06:00  INFO 2652 --- [discovery-service] [a-EvictionTimer] c.n.e.registry.AbstractInstanceRegistry  : Running the evict task with compensationTime 0ms
2026-08-10T12:11:59.668-06:00  INFO 2652 --- [discovery-service] [a-EvictionTimer] c.n.e.registry.AbstractInstanceRegistry  : Running the evict task with compensationTime 0ms
2026-08-10T12:12:04.669-06:00  INFO 2652 --- [discovery-service] [a-EvictionTimer] c.n.e.registry.AbstractInstanceRegistry  : Running the evict task with compensationTime 0ms
2026-08-10T12:12:09.669-06:00  INFO 2652 --- [discovery-service] [a-EvictionTimer] c.n.e.registry.AbstractInstanceRegistry  : Running the evict task with compensationTime 0ms
2026-08-10T12:12:14.670-06:00  INFO 2652 --- [discovery-service] [a-EvictionTimer] c.n.e.registry.AbstractInstanceRegistry  : Running the evict task with compensationTime 1ms
2026-08-10T12:12:19.671-06:00  INFO 2652 --- [discovery-service] [a-EvictionTimer] c.n.e.registry.AbstractInstanceRegistry  : Running the evict task with compensationTime 0ms
2026-08-10T12:12:24.671-06:00  INFO 2652 --- [discovery-service] [a-EvictionTimer] c.n.e.registry.AbstractInstanceRegistry  : Running the evict task with compensationTime 0ms
2026-08-10T12:12:29.672-06:00  INFO 2652 --- [discovery-service] [a-EvictionTimer] c.n.e.registry.AbstractInstanceRegistry  : Running the evict task with compensationTime 0ms
2026-08-10T12:12:34.672-06:00  INFO 2652 --- [discovery-service] [a-EvictionTimer] c.n.e.registry.AbstractInstanceRegistry  : Running the evict task with compensationTime 0ms
2026-08-10T12:12:39.673-06:00  INFO 2652 --- [discovery-service] [a-EvictionTimer] c.n.e.registry.AbstractInstanceRegistry  : Running the evict task with compensationTime 0ms
2026-08-10T12:12:44.673-06:00  INFO 2652 --- [discovery-service] [a-EvictionTimer] c.n.e.registry.AbstractInstanceRegistry  : Running the evict task with compensationTime 0ms
2026-08-10T12:12:49.674-06:00  INFO 2652 --- [discovery-service] [a-EvictionTimer] c.n.e.registry.AbstractInstanceRegistry  : Running the evict task with compensationTime 0ms
2026-08-10T12:12:54.675-06:00  INFO 2652 --- [discovery-service] [a-EvictionTimer] c.n.e.registry.AbstractInstanceRegistry  : Running the evict task with compensationTime 1ms
2026-08-10T12:12:59.676-06:00  INFO 2652 --- [discovery-service] [a-EvictionTimer] c.n.e.registry.AbstractInstanceRegistry  : Running the evict task with compensationTime 1ms
2026-08-10T12:13:00.020-06:00  INFO 2652 --- [discovery-service] [hresholdUpdater] c.n.e.r.PeerAwareInstanceRegistryImpl    : Current renewal threshold is : 10
2026-08-10T12:13:00.470-06:00  WARN 2652 --- [discovery-service] [eerNodesUpdater] c.n.eureka.cluster.PeerEurekaNodes       : The replica size seems to be empty. Check the route 53 DNS Registry
2026-08-10T12:13:04.677-06:00  INFO 2652 --- [discovery-service] [a-EvictionTimer] c.n.e.registry.AbstractInstanceRegistry  : Running the evict task with compensationTime 1ms
2026-08-10T12:13:09.677-06:00  INFO 2652 --- [discovery-service] [a-EvictionTimer] c.n.e.registry.AbstractInstanceRegistry  : Running the evict task with compensationTime 0ms
2026-08-10T12:13:14.678-06:00  INFO 2652 --- [discovery-service] [a-EvictionTimer] c.n.e.registry.AbstractInstanceRegistry  : Running the evict task with compensationTime 0ms
2026-08-10T12:13:19.678-06:00  INFO 2652 --- [discovery-service] [a-EvictionTimer] c.n.e.registry.AbstractInstanceRegistry  : Running the evict task with compensationTime 0ms
2026-08-10T12:13:24.679-06:00  INFO 2652 --- [discovery-service] [a-EvictionTimer] c.n.e.registry.AbstractInstanceRegistry  : Running the evict task with compensationTime 1ms
2026-08-10T12:13:29.679-06:00  INFO 2652 --- [discovery-service] [a-EvictionTimer] c.n.e.registry.AbstractInstanceRegistry  : Running the evict task with compensationTime 0ms
2026-08-10T12:13:34.680-06:00  INFO 2652 --- [discovery-service] [a-EvictionTimer] c.n.e.registry.AbstractInstanceRegistry  : Running the evict task with compensationTime 0ms
2026-08-10T12:13:39.680-06:00  INFO 2652 --- [discovery-service] [a-EvictionTimer] c.n.e.registry.AbstractInstanceRegistry  : Running the evict task with compensationTime 0ms
2026-08-10T12:13:44.681-06:00  INFO 2652 --- [discovery-service] [a-EvictionTimer] c.n.e.registry.AbstractInstanceRegistry  : Running the evict task with compensationTime 0ms
2026-08-10T12:13:49.682-06:00  INFO 2652 --- [discovery-service] [a-EvictionTimer] c.n.e.registry.AbstractInstanceRegistry  : Running the evict task with compensationTime 1ms
2026-08-10T12:13:54.682-06:00  INFO 2652 --- [discovery-service] [a-EvictionTimer] c.n.e.registry.AbstractInstanceRegistry  : Running the evict task with compensationTime 0ms
2026-08-10T12:13:59.683-06:00  INFO 2652 --- [discovery-service] [a-EvictionTimer] c.n.e.registry.AbstractInstanceRegistry  : Running the evict task with compensationTime 0ms
2026-08-10T12:14:04.685-06:00  INFO 2652 --- [discovery-service] [a-EvictionTimer] c.n.e.registry.AbstractInstanceRegistry  : Running the evict task with compensationTime 1ms
2026-08-10T12:14:09.685-06:00  INFO 2652 --- [discovery-service] [a-EvictionTimer] c.n.e.registry.AbstractInstanceRegistry  : Running the evict task with compensationTime 0ms
2026-08-10T12:14:14.686-06:00  INFO 2652 --- [discovery-service] [a-EvictionTimer] c.n.e.registry.AbstractInstanceRegistry  : Running the evict task with compensationTime 0ms
2026-08-10T12:14:19.686-06:00  INFO 2652 --- [discovery-service] [a-EvictionTimer] c.n.e.registry.AbstractInstanceRegistry  : Running the evict task with compensationTime 0ms
2026-08-10T12:14:24.686-06:00  INFO 2652 --- [discovery-service] [a-EvictionTimer] c.n.e.registry.AbstractInstanceRegistry  : Running the evict task with compensationTime 0ms
2026-08-10T12:14:29.686-06:00  INFO 2652 --- [discovery-service] [a-EvictionTimer] c.n.e.registry.AbstractInstanceRegistry  : Running the evict task with compensationTime 0ms
2026-08-10T12:14:34.687-06:00  INFO 2652 --- [discovery-service] [a-EvictionTimer] c.n.e.registry.AbstractInstanceRegistry  : Running the evict task with compensationTime 0ms
2026-08-10T12:14:39.687-06:00  INFO 2652 --- [discovery-service] [a-EvictionTimer] c.n.e.registry.AbstractInstanceRegistry  : Running the evict task with compensationTime 0ms
2026-08-10T12:14:44.687-06:00  INFO 2652 --- [discovery-service] [a-EvictionTimer] c.n.e.registry.AbstractInstanceRegistry  : Running the evict task with compensationTime 0ms
2026-08-10T12:14:49.688-06:00  INFO 2652 --- [discovery-service] [a-EvictionTimer] c.n.e.registry.AbstractInstanceRegistry  : Running the evict task with compensationTime 1ms
2026-08-10T12:14:54.689-06:00  INFO 2652 --- [discovery-service] [a-EvictionTimer] c.n.e.registry.AbstractInstanceRegistry  : Running the evict task with compensationTime 0ms
2026-08-10T12:14:59.689-06:00  INFO 2652 --- [discovery-service] [a-EvictionTimer] c.n.e.registry.AbstractInstanceRegistry  : Running the evict task with compensationTime 0ms
2026-08-10T12:15:04.689-06:00  INFO 2652 --- [discovery-service] [a-EvictionTimer] c.n.e.registry.AbstractInstanceRegistry  : Running the evict task with compensationTime 0ms
2026-08-10T12:15:09.690-06:00  INFO 2652 --- [discovery-service] [a-EvictionTimer] c.n.e.registry.AbstractInstanceRegistry  : Running the evict task with compensationTime 0ms
2026-08-10T12:15:14.691-06:00  INFO 2652 --- [discovery-service] [a-EvictionTimer] c.n.e.registry.AbstractInstanceRegistry  : Running the evict task with compensationTime 0ms
2026-08-10T12:15:19.691-06:00  INFO 2652 --- [discovery-service] [a-EvictionTimer] c.n.e.registry.AbstractInstanceRegistry  : Running the evict task with compensationTime 0ms
2026-08-10T12:15:24.691-06:00  INFO 2652 --- [discovery-service] [a-EvictionTimer] c.n.e.registry.AbstractInstanceRegistry  : Running the evict task with compensationTime 0ms
2026-08-10T12:15:29.692-06:00  INFO 2652 --- [discovery-service] [a-EvictionTimer] c.n.e.registry.AbstractInstanceRegistry  : Running the evict task with compensationTime 0ms
2026-08-10T12:15:34.692-06:00  INFO 2652 --- [discovery-service] [a-EvictionTimer] c.n.e.registry.AbstractInstanceRegistry  : Running the evict task with compensationTime 0ms
2026-08-10T12:15:39.692-06:00  INFO 2652 --- [discovery-service] [a-EvictionTimer] c.n.e.registry.AbstractInstanceRegistry  : Running the evict task with compensationTime 0ms
2026-08-10T12:15:44.692-06:00  INFO 2652 --- [discovery-service] [a-EvictionTimer] c.n.e.registry.AbstractInstanceRegistry  : Running the evict task with compensationTime 0ms
2026-08-10T12:15:49.692-06:00  INFO 2652 --- [discovery-service] [a-EvictionTimer] c.n.e.registry.AbstractInstanceRegistry  : Running the evict task with compensationTime 0ms
2026-08-10T12:15:54.693-06:00  INFO 2652 --- [discovery-service] [a-EvictionTimer] c.n.e.registry.AbstractInstanceRegistry  : Running the evict task with compensationTime 0ms
2026-08-10T12:15:59.693-06:00  INFO 2652 --- [discovery-service] [a-EvictionTimer] c.n.e.registry.AbstractInstanceRegistry  : Running the evict task with compensationTime 0ms
2026-08-10T12:16:04.704-06:00  INFO 2652 --- [discovery-service] [a-EvictionTimer] c.n.e.registry.AbstractInstanceRegistry  : Running the evict task with compensationTime 11ms
2026-08-10T12:16:09.704-06:00  INFO 2652 --- [discovery-service] [a-EvictionTimer] c.n.e.registry.AbstractInstanceRegistry  : Running the evict task with compensationTime 0ms
2026-08-10T12:16:14.704-06:00  INFO 2652 --- [discovery-service] [a-EvictionTimer] c.n.e.registry.AbstractInstanceRegistry  : Running the evict task with compensationTime 0ms
2026-08-10T12:16:19.705-06:00  INFO 2652 --- [discovery-service] [a-EvictionTimer] c.n.e.registry.AbstractInstanceRegistry  : Running the evict task with compensationTime 0ms
2026-08-10T12:16:24.706-06:00  INFO 2652 --- [discovery-service] [a-EvictionTimer] c.n.e.registry.AbstractInstanceRegistry  : Running the evict task with compensationTime 1ms
2026-08-10T12:16:29.706-06:00  INFO 2652 --- [discovery-service] [a-EvictionTimer] c.n.e.registry.AbstractInstanceRegistry  : Running the evict task with compensationTime 0ms
2026-08-10T12:16:34.707-06:00  INFO 2652 --- [discovery-service] [a-EvictionTimer] c.n.e.registry.AbstractInstanceRegistry  : Running the evict task with compensationTime 0ms
2026-08-10T12:16:39.707-06:00  INFO 2652 --- [discovery-service] [a-EvictionTimer] c.n.e.registry.AbstractInstanceRegistry  : Running the evict task with compensationTime 0ms
2026-08-10T12:16:44.708-06:00  INFO 2652 --- [discovery-service] [a-EvictionTimer] c.n.e.registry.AbstractInstanceRegistry  : Running the evict task with compensationTime 0ms
2026-08-10T12:16:49.709-06:00  INFO 2652 --- [discovery-service] [a-EvictionTimer] c.n.e.registry.AbstractInstanceRegistry  : Running the evict task with compensationTime 1ms
2026-08-10T12:16:54.710-06:00  INFO 2652 --- [discovery-service] [a-EvictionTimer] c.n.e.registry.AbstractInstanceRegistry  : Running the evict task with compensationTime 1ms
2026-08-10T12:16:59.711-06:00  INFO 2652 --- [discovery-service] [a-EvictionTimer] c.n.e.registry.AbstractInstanceRegistry  : Running the evict task with compensationTime 1ms
2026-08-10T12:17:04.712-06:00  INFO 2652 --- [discovery-service] [a-EvictionTimer] c.n.e.registry.AbstractInstanceRegistry  : Running the evict task with compensationTime 0ms
2026-08-10T12:17:09.713-06:00  INFO 2652 --- [discovery-service] [a-EvictionTimer] c.n.e.registry.AbstractInstanceRegistry  : Running the evict task with compensationTime 0ms
2026-08-10T12:17:14.713-06:00  INFO 2652 --- [discovery-service] [a-EvictionTimer] c.n.e.registry.AbstractInstanceRegistry  : Running the evict task with compensationTime 0ms
2026-08-10T12:17:19.713-06:00  INFO 2652 --- [discovery-service] [a-EvictionTimer] c.n.e.registry.AbstractInstanceRegistry  : Running the evict task with compensationTime 0ms
2026-08-10T12:17:24.713-06:00  INFO 2652 --- [discovery-service] [a-EvictionTimer] c.n.e.registry.AbstractInstanceRegistry  : Running the evict task with compensationTime 0ms
2026-08-10T12:17:29.713-06:00  INFO 2652 --- [discovery-service] [a-EvictionTimer] c.n.e.registry.AbstractInstanceRegistry  : Running the evict task with compensationTime 0ms
2026-08-10T12:17:34.714-06:00  INFO 2652 --- [discovery-service] [a-EvictionTimer] c.n.e.registry.AbstractInstanceRegistry  : Running the evict task with compensationTime 0ms
2026-08-10T12:17:39.715-06:00  INFO 2652 --- [discovery-service] [a-EvictionTimer] c.n.e.registry.AbstractInstanceRegistry  : Running the evict task with compensationTime 1ms
2026-08-10T12:17:44.715-06:00  INFO 2652 --- [discovery-service] [a-EvictionTimer] c.n.e.registry.AbstractInstanceRegistry  : Running the evict task with compensationTime 0ms
2026-08-10T12:17:49.715-06:00  INFO 2652 --- [discovery-service] [a-EvictionTimer] c.n.e.registry.AbstractInstanceRegistry  : Running the evict task with compensationTime 0ms
2026-08-10T12:17:54.716-06:00  INFO 2652 --- [discovery-service] [a-EvictionTimer] c.n.e.registry.AbstractInstanceRegistry  : Running the evict task with compensationTime 0ms
2026-08-10T12:17:59.717-06:00  INFO 2652 --- [discovery-service] [a-EvictionTimer] c.n.e.registry.AbstractInstanceRegistry  : Running the evict task with compensationTime 1ms
2026-08-10T12:18:04.718-06:00  INFO 2652 --- [discovery-service] [a-EvictionTimer] c.n.e.registry.AbstractInstanceRegistry  : Running the evict task with compensationTime 0ms
2026-08-10T12:18:09.718-06:00  INFO 2652 --- [discovery-service] [a-EvictionTimer] c.n.e.registry.AbstractInstanceRegistry  : Running the evict task with compensationTime 0ms
2026-08-10T12:18:14.719-06:00  INFO 2652 --- [discovery-service] [a-EvictionTimer] c.n.e.registry.AbstractInstanceRegistry  : Running the evict task with compensationTime 0ms
2026-08-10T12:18:19.720-06:00  INFO 2652 --- [discovery-service] [a-EvictionTimer] c.n.e.registry.AbstractInstanceRegistry  : Running the evict task with compensationTime 0ms
